ba_code,spec,emissions_source,month,local_hour,mef_kg_per_mwh,ci_low_95,ci_high_95,n_obs,stratum_id,avg_intensity_kg_per_mwh,diff_kg_per_mwh,diff_ci_low_95,diff_ci_high_95,n_clusters,pooled,diverges
CISO,demand,derived,1,0,-0.365,-170.185,183.970,155,CISO|demand|derived|m1|h00,274.161,-274.526,-441.460,-92.411,27,False,True
CISO,demand,derived,2,0,79.134,-89.816,243.029,142,CISO|demand|derived|m2|h00,258.611,-179.477,-352.877,-12.737,24,False,True
CISO,demand,derived,3,0,30.477,-29.125,127.469,155,CISO|demand|derived|m3|h00,222.080,-191.603,-257.176,-92.239,26,False,True
CISO,demand,derived,4,0,134.409,20.941,233.211,150,CISO|demand|derived|m4|h00,204.799,-70.390,-185.892,22.636,25,False,False
CISO,demand,derived,5,0,295.692,137.903,437.643,155,CISO|demand|derived|m5|h00,159.305,136.386,-16.015,274.909,27,False,False
CISO,demand,derived,6,0,266.779,181.402,415.556,150,CISO|demand|derived|m6|h00,192.980,73.799,-14.321,230.249,25,False,False
CISO,demand,derived,7,0,216.079,99.704,319.641,186,CISO|demand|derived|m7|h00,236.609,-20.530,-138.575,84.687,31,False,False
CISO,demand,derived,8,0,60.688,-15.449,149.919,186,CISO|demand|derived|m8|h00,247.910,-187.222,-262.151,-99.695,32,False,True
CISO,demand,derived,9,0,195.414,128.667,290.651,180,CISO|demand|derived|m9|h00,250.119,-54.705,-128.184,48.170,32,False,False
CISO,demand,derived,10,0,163.874,69.321,288.042,186,CISO|demand|derived|m10|h00,291.824,-127.950,-227.247,0.282,32,False,False
CISO,demand,derived,11,0,112.293,-58.836,290.265,176,CISO|demand|derived|m11|h00,286.139,-173.845,-347.848,8.746,31,False,False
CISO,demand,derived,12,0,47.486,-22.400,251.493,186,CISO|demand|derived|m12|h00,283.690,-236.204,-308.908,-30.019,32,False,True
CISO,demand,derived,1,1,345.311,-30.456,603.164,154,CISO|demand|derived|m1|h01,275.827,69.484,-302.957,328.971,27,False,False
CISO,demand,derived,2,1,312.942,45.912,544.353,142,CISO|demand|derived|m2|h01,259.460,53.482,-217.993,289.075,24,False,False
CISO,demand,derived,3,1,287.757,82.519,489.806,155,CISO|demand|derived|m3|h01,222.259,65.497,-132.296,268.464,26,False,False
CISO,demand,derived,4,1,295.805,168.025,421.482,150,CISO|demand|derived|m4|h01,205.974,89.832,-36.339,211.596,25,False,False
CISO,demand,derived,5,1,240.348,100.965,401.536,155,CISO|demand|derived|m5|h01,156.880,83.468,-59.609,246.732,27,False,False
CISO,demand,derived,6,1,305.881,234.223,383.446,150,CISO|demand|derived|m6|h01,186.222,119.659,50.222,203.090,25,False,True
CISO,demand,derived,7,1,280.325,176.925,371.306,186,CISO|demand|derived|m7|h01,233.100,47.225,-60.382,143.838,31,False,False
CISO,demand,derived,8,1,147.175,30.484,274.657,185,CISO|demand|derived|m8|h01,245.511,-98.336,-220.259,36.321,32,False,False
CISO,demand,derived,9,1,312.178,214.811,429.083,180,CISO|demand|derived|m9|h01,249.250,62.928,-40.103,188.050,32,False,False
CISO,demand,derived,10,1,217.893,154.623,292.142,186,CISO|demand|derived|m10|h01,293.224,-75.331,-141.876,3.757,32,False,False
CISO,demand,derived,11,1,396.391,224.015,610.149,184,CISO|demand|derived|m11|h01,287.067,109.324,-65.528,325.877,31,False,False
CISO,demand,derived,12,1,316.777,84.454,533.339,186,CISO|demand|derived|m12|h01,285.493,31.284,-208.250,252.034,32,False,False
CISO,demand,derived,1,2,290.495,150.989,414.815,154,CISO|demand|derived|m1|h02,279.688,10.807,-128.328,137.609,27,False,False
CISO,demand,derived,2,2,224.630,86.522,389.063,142,CISO|demand|derived|m2|h02,261.048,-36.418,-178.449,129.575,24,False,False
CISO,demand,derived,3,2,198.008,42.490,324.788,150,CISO|demand|derived|m3|h02,225.308,-27.300,-185.900,106.428,26,False,False
CISO,demand,derived,4,2,275.748,166.495,374.052,150,CISO|demand|derived|m4|h02,208.486,67.262,-50.805,170.969,25,False,False
CISO,demand,derived,5,2,153.746,46.382,253.214,155,CISO|demand|derived|m5|h02,154.772,-1.026,-109.248,99.785,27,False,False
CISO,demand,derived,6,2,428.061,318.326,538.964,150,CISO|demand|derived|m6|h02,182.585,245.476,131.542,360.082,25,False,True
CISO,demand,derived,7,2,295.204,196.489,403.284,186,CISO|demand|derived|m7|h02,233.467,61.737,-39.235,172.767,31,False,False
CISO,demand,derived,8,2,338.486,242.237,435.006,185,CISO|demand|derived|m8|h02,246.235,92.251,-12.220,192.048,32,False,False
CISO,demand,derived,9,2,224.292,139.530,311.504,180,CISO|demand|derived|m9|h02,250.302,-26.009,-111.283,68.266,32,False,False
CISO,demand,derived,10,2,196.294,111.726,284.930,186,CISO|demand|derived|m10|h02,297.860,-101.566,-190.560,-7.105,32,False,True
CISO,demand,derived,11,2,306.834,147.170,440.571,178,CISO|demand|derived|m11|h02,291.839,14.995,-144.327,149.833,31,False,False
CISO,demand,derived,12,2,280.817,179.922,368.725,186,CISO|demand|derived|m12|h02,289.884,-9.067,-108.151,75.846,32,False,False
CISO,demand,derived,1,3,344.692,217.234,463.160,155,CISO|demand|derived|m1|h03,279.448,65.243,-59.509,181.197,27,False,False
CISO,demand,derived,2,3,235.933,113.154,356.241,142,CISO|demand|derived|m2|h03,261.296,-25.364,-146.610,95.549,24,False,False
CISO,demand,derived,3,3,273.266,192.707,353.782,155,CISO|demand|derived|m3|h03,225.170,48.096,-31.588,125.600,26,False,False
CISO,demand,derived,4,3,153.980,59.466,255.248,150,CISO|demand|derived|m4|h03,209.486,-55.506,-151.484,43.320,25,False,False
CISO,demand,derived,5,3,93.060,-15.318,209.236,153,CISO|demand|derived|m5|h03,154.479,-61.419,-168.281,53.507,27,False,False
CISO,demand,derived,6,3,244.974,102.995,361.215,149,CISO|demand|derived|m6|h03,180.327,64.646,-78.981,185.808,25,False,False
CISO,demand,derived,7,3,258.457,118.606,385.827,186,CISO|demand|derived|m7|h03,234.259,24.199,-117.465,154.700,31,False,False
CISO,demand,derived,8,3,227.511,136.503,311.849,186,CISO|demand|derived|m8|h03,247.648,-20.137,-118.301,70.409,32,False,False
CISO,demand,derived,9,3,223.685,159.808,279.390,180,CISO|demand|derived|m9|h03,252.290,-28.605,-95.078,29.454,32,False,False
CISO,demand,derived,10,3,222.244,154.956,278.956,186,CISO|demand|derived|m10|h03,301.025,-78.781,-149.417,-18.623,32,False,True
CISO,demand,derived,11,3,310.859,205.713,407.357,178,CISO|demand|derived|m11|h03,292.719,18.140,-92.593,116.984,31,False,False
CISO,demand,derived,12,3,27.391,2.680,348.584,186,CISO|demand|derived|m12|h03,291.002,-263.610,-294.171,59.851,32,False,False
CISO,demand,derived,1,4,217.369,133.109,299.485,155,CISO|demand|derived|m1|h04,276.425,-59.057,-141.139,24.945,27,False,False
CISO,demand,derived,2,4,289.165,220.828,365.095,142,CISO|demand|derived|m2|h04,258.295,30.870,-37.932,108.224,24,False,False
CISO,demand,derived,3,4,227.397,165.235,292.859,155,CISO|demand|derived|m3|h04,223.202,4.195,-56.807,65.634,26,False,False
CISO,demand,derived,4,4,224.438,164.430,289.408,150,CISO|demand|derived|m4|h04,209.729,14.709,-42.532,79.945,25,False,False
CISO,demand,derived,5,4,232.386,146.392,303.694,150,CISO|demand|derived|m5|h04,154.616,77.770,-3.494,147.274,27,False,False
CISO,demand,derived,6,4,303.927,227.285,381.809,148,CISO|demand|derived|m6|h04,181.862,122.065,44.941,205.000,25,False,True
CISO,demand,derived,7,4,256.212,203.589,309.273,185,CISO|demand|derived|m7|h04,234.213,21.998,-34.563,78.391,31,False,False
CISO,demand,derived,8,4,254.902,172.773,329.822,186,CISO|demand|derived|m8|h04,247.536,7.366,-80.848,86.882,32,False,False
CISO,demand,derived,9,4,190.611,134.481,250.328,180,CISO|demand|derived|m9|h04,252.403,-61.792,-118.881,-3.377,32,False,True
CISO,demand,derived,10,4,279.293,197.878,356.252,186,CISO|demand|derived|m10|h04,300.159,-20.866,-100.897,55.288,32,False,False
CISO,demand,derived,11,4,351.083,272.716,418.705,178,CISO|demand|derived|m11|h04,289.924,61.159,-18.754,131.035,31,False,False
CISO,demand,derived,12,4,73.952,24.502,467.386,186,CISO|demand|derived|m12|h04,287.778,-213.827,-267.168,181.881,32,False,False
CISO,demand,derived,1,5,266.418,207.096,328.030,155,CISO|demand|derived|m1|h05,272.564,-6.146,-63.639,52.657,27,False,False
CISO,demand,derived,2,5,312.643,248.097,379.743,142,CISO|demand|derived|m2|h05,252.558,60.085,-9.788,129.727,24,False,False
CISO,demand,derived,3,5,202.107,113.346,291.886,155,CISO|demand|derived|m3|h05,222.238,-20.131,-113.597,75.341,26,False,False
CISO,demand,derived,4,5,186.331,116.135,253.332,150,CISO|demand|derived|m4|h05,209.702,-23.371,-94.169,42.084,25,False,False
CISO,demand,derived,5,5,183.823,115.405,253.226,150,CISO|demand|derived|m5|h05,155.600,28.223,-41.999,101.334,27,False,False
CISO,demand,derived,6,5,204.177,134.659,276.969,148,CISO|demand|derived|m6|h05,179.902,24.275,-47.119,96.753,25,False,False
CISO,demand,derived,7,5,175.211,107.064,258.533,185,CISO|demand|derived|m7|h05,234.333,-59.122,-120.685,17.780,31,False,False
CISO,demand,derived,8,5,167.474,103.771,241.920,186,CISO|demand|derived|m8|h05,248.042,-80.568,-142.250,-6.680,32,False,True
CISO,demand,derived,9,5,149.710,88.799,222.350,180,CISO|demand|derived|m9|h05,251.954,-102.244,-159.806,-32.340,32,False,True
CISO,demand,derived,10,5,208.276,151.239,261.128,186,CISO|demand|derived|m10|h05,295.848,-87.573,-144.635,-34.474,32,False,True
CISO,demand,derived,11,5,297.260,226.608,358.870,178,CISO|demand|derived|m11|h05,284.583,12.678,-57.541,74.101,31,False,False
CISO,demand,derived,12,5,183.451,87.862,365.955,186,CISO|demand|derived|m12|h05,280.148,-96.697,-194.579,87.725,32,False,False
CISO,demand,derived,1,6,200.915,175.363,230.921,155,CISO|demand|derived|m1|h06,265.869,-64.954,-91.914,-34.077,27,False,True
CISO,demand,derived,2,6,145.085,95.142,197.498,142,CISO|demand|derived|m2|h06,237.017,-91.932,-141.141,-39.677,24,False,True
CISO,demand,derived,3,6,207.896,124.265,281.668,155,CISO|demand|derived|m3|h06,210.928,-3.032,-80.380,68.880,26,False,False
CISO,demand,derived,4,6,211.259,158.023,276.955,150,CISO|demand|derived|m4|h06,191.645,19.614,-32.435,84.089,25,False,False
CISO,demand,derived,5,6,72.133,-17.932,173.330,153,CISO|demand|derived|m5|h06,126.124,-53.991,-143.653,47.660,27,False,False
CISO,demand,derived,6,6,64.400,-62.919,174.020,150,CISO|demand|derived|m6|h06,157.547,-93.147,-222.316,14.870,25,False,False
CISO,demand,derived,7,6,99.365,39.558,156.440,186,CISO|demand|derived|m7|h06,214.913,-115.548,-166.189,-65.328,31,False,True
CISO,demand,derived,8,6,107.357,60.093,173.541,185,CISO|demand|derived|m8|h06,235.050,-127.692,-176.359,-61.314,32,False,True
CISO,demand,derived,9,6,151.834,116.572,186.564,180,CISO|demand|derived|m9|h06,245.806,-93.971,-128.700,-60.075,32,False,True
CISO,demand,derived,10,6,147.940,94.738,204.378,186,CISO|demand|derived|m10|h06,288.140,-140.199,-191.988,-83.674,32,False,True
CISO,demand,derived,11,6,138.758,58.977,239.910,178,CISO|demand|derived|m11|h06,267.503,-128.745,-209.307,-27.420,31,False,True
CISO,demand,derived,12,6,145.863,90.432,250.685,186,CISO|demand|derived|m12|h06,271.093,-125.230,-182.087,-16.545,32,False,True
CISO,demand,derived,1,7,339.981,249.228,426.587,155,CISO|demand|derived|m1|h07,230.115,109.866,16.606,197.426,27,False,True
CISO,demand,derived,2,7,457.863,349.671,556.553,142,CISO|demand|derived|m2|h07,185.795,272.068,160.507,378.587,24,False,True
CISO,demand,derived,3,7,395.039,272.668,499.530,155,CISO|demand|derived|m3|h07,169.040,225.999,98.438,333.110,26,False,True
CISO,demand,derived,4,7,294.158,122.462,452.939,150,CISO|demand|derived|m4|h07,141.836,152.322,-17.894,308.927,25,False,False
CISO,demand,derived,5,7,22.943,-70.896,116.085,155,CISO|demand|derived|m5|h07,100.565,-77.621,-168.058,12.214,27,False,False
CISO,demand,derived,6,7,62.925,-35.286,152.723,150,CISO|demand|derived|m6|h07,130.333,-67.409,-163.495,19.797,25,False,False
CISO,demand,derived,7,7,61.236,-38.598,168.551,186,CISO|demand|derived|m7|h07,184.636,-123.400,-224.687,-11.716,31,False,True
CISO,demand,derived,8,7,101.564,14.717,185.340,185,CISO|demand|derived|m8|h07,199.188,-97.624,-188.765,-7.229,32,False,True
CISO,demand,derived,9,7,184.078,104.074,259.592,180,CISO|demand|derived|m9|h07,207.755,-23.677,-107.437,54.441,32,False,False
CISO,demand,derived,10,7,322.785,230.326,406.436,186,CISO|demand|derived|m10|h07,254.378,68.407,-30.312,158.366,32,False,False
CISO,demand,derived,11,7,383.963,252.150,498.203,178,CISO|demand|derived|m11|h07,223.410,160.553,24.265,278.199,31,False,True
CISO,demand,derived,12,7,176.265,88.877,328.823,186,CISO|demand|derived|m12|h07,242.699,-66.434,-156.003,87.533,32,False,False
CISO,demand,derived,1,8,206.830,49.404,343.548,155,CISO|demand|derived|m1|h08,191.275,15.555,-136.625,158.005,27,False,False
CISO,demand,derived,2,8,85.492,-103.806,230.761,142,CISO|demand|derived|m2|h08,150.197,-64.705,-245.241,79.142,24,False,False
CISO,demand,derived,3,8,192.292,68.915,309.536,155,CISO|demand|derived|m3|h08,135.564,56.728,-62.203,172.315,26,False,False
CISO,demand,derived,4,8,19.894,-140.982,150.409,150,CISO|demand|derived|m4|h08,111.142,-91.248,-249.134,35.944,25,False,False
CISO,demand,derived,5,8,15.569,-118.184,142.265,155,CISO|demand|derived|m5|h08,90.957,-75.388,-212.273,52.699,27,False,False
CISO,demand,derived,6,8,88.220,-17.321,147.192,150,CISO|demand|derived|m6|h08,122.819,-34.599,-138.163,22.009,25,False,False
CISO,demand,derived,7,8,170.566,59.772,232.972,186,CISO|demand|derived|m7|h08,171.125,-0.559,-102.361,55.244,31,False,False
CISO,demand,derived,8,8,176.970,80.572,258.137,184,CISO|demand|derived|m8|h08,176.851,0.119,-93.083,80.266,32,False,False
CISO,demand,derived,9,8,248.800,130.654,330.360,180,CISO|demand|derived|m9|h08,173.602,75.198,-42.540,154.946,32,False,False
CISO,demand,derived,10,8,400.118,230.092,545.204,186,CISO|demand|derived|m10|h08,205.939,194.179,23.434,342.714,32,False,True
CISO,demand,derived,11,8,105.310,3.940,241.753,178,CISO|demand|derived|m11|h08,184.233,-78.924,-175.608,51.508,31,False,False
CISO,demand,derived,12,8,214.827,115.253,350.429,186,CISO|demand|derived|m12|h08,214.936,-0.109,-101.434,138.127,32,False,False
CISO,demand,derived,1,9,29.743,-104.013,181.792,155,CISO|demand|derived|m1|h09,167.440,-137.697,-271.488,24.821,27,False,False
CISO,demand,derived,2,9,194.181,107.177,289.501,142,CISO|demand|derived|m2|h09,131.863,62.319,-21.784,158.287,24,False,False
CISO,demand,derived,3,9,73.183,-41.587,178.529,154,CISO|demand|derived|m3|h09,119.435,-46.252,-160.376,60.447,26,False,False
CISO,demand,derived,4,9,124.431,27.391,213.329,149,CISO|demand|derived|m4|h09,103.084,21.347,-71.267,109.452,25,False,False
CISO,demand,derived,5,9,252.279,101.275,367.944,155,CISO|demand|derived|m5|h09,93.398,158.881,11.632,272.839,27,False,True
CISO,demand,derived,6,9,267.084,119.778,342.764,150,CISO|demand|derived|m6|h09,125.861,141.223,-2.246,219.226,25,False,False
CISO,demand,derived,7,9,210.154,89.371,267.869,186,CISO|demand|derived|m7|h09,166.301,43.853,-72.699,94.070,31,False,False
CISO,demand,derived,8,9,166.597,76.413,229.939,183,CISO|demand|derived|m8|h09,167.342,-0.745,-87.698,60.928,32,False,False
CISO,demand,derived,9,9,127.986,36.857,188.937,180,CISO|demand|derived|m9|h09,159.635,-31.648,-119.008,23.813,32,False,False
CISO,demand,derived,10,9,123.421,34.914,180.551,186,CISO|demand|derived|m10|h09,181.755,-58.334,-144.032,-2.887,32,False,True
CISO,demand,derived,11,9,174.840,87.730,259.810,178,CISO|demand|derived|m11|h09,165.180,9.660,-74.793,92.010,31,False,False
CISO,demand,derived,12,9,104.515,25.697,196.697,186,CISO|demand|derived|m12|h09,194.592,-90.077,-170.860,0.613,32,False,False
CISO,demand,derived,1,10,58.163,-17.237,147.629,155,CISO|demand|derived|m1|h10,159.704,-101.542,-178.583,-17.820,27,False,True
CISO,demand,derived,2,10,109.958,3.036,214.784,142,CISO|demand|derived|m2|h10,129.845,-19.887,-123.813,82.750,24,False,False
CISO,demand,derived,3,10,82.425,-64.005,237.978,154,CISO|demand|derived|m3|h10,114.566,-32.141,-180.296,127.270,26,False,False
CISO,demand,derived,4,10,77.328,-0.224,151.406,149,CISO|demand|derived|m4|h10,103.213,-25.885,-99.831,46.558,25,False,False
CISO,demand,derived,5,10,83.947,11.795,170.298,154,CISO|demand|derived|m5|h10,97.037,-13.090,-86.941,74.501,27,False,False
CISO,demand,derived,6,10,152.452,75.243,220.566,149,CISO|demand|derived|m6|h10,127.653,24.800,-46.852,88.443,25,False,False
CISO,demand,derived,7,10,209.784,128.554,299.675,186,CISO|demand|derived|m7|h10,163.128,46.657,-36.079,136.471,31,False,False
CISO,demand,derived,8,10,253.665,192.332,311.510,185,CISO|demand|derived|m8|h10,164.035,89.630,30.911,145.892,32,False,True
CISO,demand,derived,9,10,209.817,154.327,255.261,180,CISO|demand|derived|m9|h10,158.201,51.616,-0.490,99.240,32,False,False
CISO,demand,derived,10,10,226.617,112.372,296.149,186,CISO|demand|derived|m10|h10,177.502,49.115,-60.649,113.143,32,False,False
CISO,demand,derived,11,10,164.838,75.169,255.982,177,CISO|demand|derived|m11|h10,163.627,1.211,-86.959,93.228,31,False,False
CISO,demand,derived,12,10,224.764,108.893,341.182,186,CISO|demand|derived|m12|h10,190.154,34.610,-80.319,148.063,32,False,False
CISO,demand,derived,1,11,64.003,-35.494,156.309,155,CISO|demand|derived|m1|h11,161.931,-97.928,-191.239,-11.426,27,False,True
CISO,demand,derived,2,11,50.493,-49.607,153.540,142,CISO|demand|derived|m2|h11,133.987,-83.494,-184.325,20.050,24,False,False
CISO,demand,derived,3,11,102.033,11.296,192.372,155,CISO|demand|derived|m3|h11,116.834,-14.801,-105.441,75.981,26,False,False
CISO,demand,derived,4,11,27.207,-38.154,114.416,149,CISO|demand|derived|m4|h11,106.192,-78.985,-142.287,8.493,25,False,False
CISO,demand,derived,5,11,57.724,-26.499,112.029,154,CISO|demand|derived|m5|h11,100.425,-42.701,-128.773,13.022,27,False,False
CISO,demand,derived,6,11,174.474,109.450,233.841,149,CISO|demand|derived|m6|h11,126.545,47.929,-11.216,100.305,25,False,False
CISO,demand,derived,7,11,253.054,172.692,337.349,186,CISO|demand|derived|m7|h11,161.205,91.849,11.739,177.154,31,False,True
CISO,demand,derived,8,11,327.959,247.731,381.912,186,CISO|demand|derived|m8|h11,163.364,164.595,85.788,219.221,32,False,True
CISO,demand,derived,9,11,221.153,182.474,259.425,180,CISO|demand|derived|m9|h11,157.879,63.274,24.763,101.275,32,False,True
CISO,demand,derived,10,11,212.764,154.341,261.026,185,CISO|demand|derived|m10|h11,176.601,36.162,-21.613,83.752,32,False,False
CISO,demand,derived,11,11,121.799,59.252,197.701,175,CISO|demand|derived|m11|h11,166.589,-44.789,-100.878,27.206,31,False,False
CISO,demand,derived,12,11,123.164,56.527,229.569,186,CISO|demand|derived|m12|h11,192.639,-69.475,-133.655,36.149,32,False,False
CISO,demand,derived,1,12,59.303,-17.922,137.594,155,CISO|demand|derived|m1|h12,164.743,-105.440,-183.171,-24.840,27,False,True
CISO,demand,derived,2,12,63.517,-8.697,124.053,142,CISO|demand|derived|m2|h12,136.158,-72.640,-138.736,-14.764,24,False,True
CISO,demand,derived,3,12,48.681,-9.436,118.492,155,CISO|demand|derived|m3|h12,118.376,-69.694,-123.953,0.172,26,False,False
CISO,demand,derived,4,12,118.200,72.169,170.505,149,CISO|demand|derived|m4|h12,107.980,10.220,-38.791,61.653,25,False,False
CISO,demand,derived,5,12,110.709,34.150,156.930,155,CISO|demand|derived|m5|h12,100.531,10.178,-64.807,60.527,27,False,False
CISO,demand,derived,6,12,237.420,185.422,298.537,150,CISO|demand|derived|m6|h12,125.852,111.568,60.874,171.705,25,False,True
CISO,demand,derived,7,12,309.499,208.037,395.206,185,CISO|demand|derived|m7|h12,159.329,150.171,46.830,236.364,31,False,True
CISO,demand,derived,8,12,338.107,275.266,396.435,186,CISO|demand|derived|m8|h12,163.836,174.271,115.305,230.483,32,False,True
CISO,demand,derived,9,12,270.283,225.012,311.163,180,CISO|demand|derived|m9|h12,158.768,111.515,69.160,150.647,32,False,True
CISO,demand,derived,10,12,273.364,198.798,310.782,185,CISO|demand|derived|m10|h12,174.933,98.431,27.255,133.721,32,False,True
CISO,demand,derived,11,12,148.436,71.109,222.732,176,CISO|demand|derived|m11|h12,167.121,-18.685,-93.895,52.735,31,False,False
CISO,demand,derived,12,12,112.295,35.785,258.379,186,CISO|demand|derived|m12|h12,194.927,-82.631,-158.710,64.876,32,False,False
CISO,demand,derived,1,13,188.487,116.600,242.669,155,CISO|demand|derived|m1|h13,167.139,21.349,-50.485,78.198,27,False,False
CISO,demand,derived,2,13,102.309,11.833,200.003,142,CISO|demand|derived|m2|h13,136.857,-34.548,-125.656,65.317,24,False,False
CISO,demand,derived,3,13,145.434,90.704,206.784,155,CISO|demand|derived|m3|h13,118.890,26.544,-29.264,85.986,26,False,False
CISO,demand,derived,4,13,88.646,2.425,164.650,148,CISO|demand|derived|m4|h13,108.913,-20.268,-109.793,59.166,25,False,False
CISO,demand,derived,5,13,134.704,73.273,183.489,155,CISO|demand|derived|m5|h13,98.288,36.417,-23.987,87.525,27,False,False
CISO,demand,derived,6,13,324.373,265.465,383.951,150,CISO|demand|derived|m6|h13,124.343,200.030,148.026,251.975,25,False,True
CISO,demand,derived,7,13,395.547,326.630,454.984,185,CISO|demand|derived|m7|h13,158.465,237.082,168.187,294.045,31,False,True
CISO,demand,derived,8,13,367.954,293.328,426.228,185,CISO|demand|derived|m8|h13,165.154,202.800,127.310,261.038,32,False,True
CISO,demand,derived,9,13,353.228,317.447,387.170,180,CISO|demand|derived|m9|h13,158.538,194.689,158.914,229.056,32,False,True
CISO,demand,derived,10,13,317.046,253.267,354.322,185,CISO|demand|derived|m10|h13,171.081,145.965,87.990,177.914,32,False,True
CISO,demand,derived,11,13,356.755,285.140,418.837,178,CISO|demand|derived|m11|h13,166.955,189.800,122.797,251.497,31,False,True
CISO,demand,derived,12,13,135.347,56.675,319.661,186,CISO|demand|derived|m12|h13,197.140,-61.793,-138.585,120.918,32,False,False
CISO,demand,derived,1,14,395.613,296.168,480.784,155,CISO|demand|derived|m1|h14,173.727,221.886,128.599,297.832,27,False,True
CISO,demand,derived,2,14,272.687,136.532,385.976,142,CISO|demand|derived|m2|h14,139.133,133.554,-4.467,244.938,24,False,False
CISO,demand,derived,3,14,188.478,135.443,243.822,155,CISO|demand|derived|m3|h14,120.037,68.441,15.295,122.681,26,False,True
CISO,demand,derived,4,14,227.885,155.549,279.918,148,CISO|demand|derived|m4|h14,107.829,120.056,46.971,172.971,25,False,True
CISO,demand,derived,5,14,289.157,220.433,356.591,155,CISO|demand|derived|m5|h14,96.031,193.126,127.813,259.071,27,False,True
CISO,demand,derived,6,14,391.281,332.454,447.066,150,CISO|demand|derived|m6|h14,123.193,268.088,203.884,324.661,25,False,True
CISO,demand,derived,7,14,457.416,356.498,541.685,186,CISO|demand|derived|m7|h14,161.194,296.222,191.406,380.462,31,False,True
CISO,demand,derived,8,14,457.042,308.720,533.117,184,CISO|demand|derived|m8|h14,168.433,288.609,137.200,367.194,32,False,True
CISO,demand,derived,9,14,339.817,284.630,394.881,180,CISO|demand|derived|m9|h14,161.374,178.443,124.893,233.267,32,False,True
CISO,demand,derived,10,14,313.840,227.132,377.294,184,CISO|demand|derived|m10|h14,171.231,142.609,60.145,203.045,32,False,True
CISO,demand,derived,11,14,552.549,434.347,652.844,178,CISO|demand|derived|m11|h14,174.779,377.769,260.986,474.312,31,False,True
CISO,demand,derived,12,14,246.661,147.359,440.069,186,CISO|demand|derived|m12|h14,203.157,43.504,-54.054,236.945,32,False,False
CISO,demand,derived,1,15,466.096,318.854,612.669,155,CISO|demand|derived|m1|h15,200.267,265.828,120.283,408.266,27,False,True
CISO,demand,derived,2,15,439.260,289.111,551.697,142,CISO|demand|derived|m2|h15,157.789,281.471,126.784,394.383,24,False,True
CISO,demand,derived,3,15,391.417,304.421,467.777,155,CISO|demand|derived|m3|h15,128.417,263.000,175.382,338.429,26,False,True
CISO,demand,derived,4,15,308.575,236.483,370.569,146,CISO|demand|derived|m4|h15,107.468,201.107,134.962,258.978,25,False,True
CISO,demand,derived,5,15,341.053,259.194,412.002,155,CISO|demand|derived|m5|h15,97.200,243.853,166.005,311.426,27,False,True
CISO,demand,derived,6,15,326.462,253.213,399.835,150,CISO|demand|derived|m6|h15,126.470,199.993,122.616,275.635,25,False,True
CISO,demand,derived,7,15,372.038,270.242,467.355,186,CISO|demand|derived|m7|h15,167.014,205.024,99.758,301.095,31,False,True
CISO,demand,derived,8,15,424.275,240.394,538.964,183,CISO|demand|derived|m8|h15,174.287,249.988,60.583,375.244,32,False,True
CISO,demand,derived,9,15,398.873,309.075,470.099,176,CISO|demand|derived|m9|h15,167.139,231.734,137.261,304.299,32,False,True
CISO,demand,derived,10,15,320.425,189.887,436.151,183,CISO|demand|derived|m10|h15,177.677,142.748,11.008,261.149,32,False,True
CISO,demand,derived,11,15,780.326,652.261,898.594,178,CISO|demand|derived|m11|h15,205.556,574.771,441.786,691.124,31,False,True
CISO,demand,derived,12,15,554.708,311.317,822.681,185,CISO|demand|derived|m12|h15,227.295,327.412,87.754,594.202,32,False,True
CISO,demand,derived,1,16,429.620,290.826,524.229,155,CISO|demand|derived|m1|h16,235.389,194.231,45.360,294.271,27,False,True
CISO,demand,derived,2,16,463.210,280.976,564.188,142,CISO|demand|derived|m2|h16,198.165,265.045,77.269,371.809,24,False,True
CISO,demand,derived,3,16,404.701,281.318,522.344,155,CISO|demand|derived|m3|h16,146.166,258.536,130.332,378.019,26,False,True
CISO,demand,derived,4,16,365.744,223.243,460.169,146,CISO|demand|derived|m4|h16,114.785,250.959,108.884,346.386,25,False,True
CISO,demand,derived,5,16,336.392,227.426,431.039,155,CISO|demand|derived|m5|h16,101.973,234.419,127.403,327.490,27,False,True
CISO,demand,derived,6,16,264.701,155.454,393.788,149,CISO|demand|derived|m6|h16,132.526,132.176,22.310,258.625,25,False,True
CISO,demand,derived,7,16,213.122,135.761,298.346,181,CISO|demand|derived|m7|h16,175.099,38.023,-41.559,126.815,31,False,False
CISO,demand,derived,8,16,233.574,161.690,319.977,179,CISO|demand|derived|m8|h16,181.616,51.959,-22.712,139.932,32,False,False
CISO,demand,derived,9,16,209.795,123.196,295.832,173,CISO|demand|derived|m9|h16,180.186,29.610,-60.245,119.490,32,False,False
CISO,demand,derived,10,16,273.425,64.850,449.821,183,CISO|demand|derived|m10|h16,204.086,69.339,-148.446,249.576,32,False,False
CISO,demand,derived,11,16,475.971,339.476,545.355,178,CISO|demand|derived|m11|h16,235.468,240.503,93.424,321.306,31,False,True
CISO,demand,derived,12,16,440.968,343.352,494.941,184,CISO|demand|derived|m12|h16,249.182,191.786,83.883,252.836,32,False,True
CISO,demand,derived,1,17,-140.390,-299.153,11.047,155,CISO|demand|derived|m1|h17,253.440,-393.829,-551.297,-241.037,27,False,True
CISO,demand,derived,2,17,167.613,72.768,248.893,142,CISO|demand|derived|m2|h17,225.788,-58.175,-154.029,24.263,24,False,False
CISO,demand,derived,3,17,355.837,214.199,470.353,155,CISO|demand|derived|m3|h17,174.332,181.505,36.819,295.924,26,False,True
CISO,demand,derived,4,17,444.487,265.431,542.003,148,CISO|demand|derived|m4|h17,133.239,311.247,126.577,410.706,25,False,True
CISO,demand,derived,5,17,246.818,90.205,370.270,155,CISO|demand|derived|m5|h17,113.045,133.772,-27.258,263.511,27,False,False
CISO,demand,derived,6,17,80.490,-56.378,201.050,148,CISO|demand|derived|m6|h17,143.590,-63.100,-198.956,57.050,25,False,False
CISO,demand,derived,7,17,205.762,100.534,310.352,178,CISO|demand|derived|m7|h17,187.481,18.281,-88.200,123.546,31,False,False
CISO,demand,derived,8,17,205.653,98.951,290.839,179,CISO|demand|derived|m8|h17,198.244,7.409,-104.651,96.329,32,False,False
CISO,demand,derived,9,17,156.064,61.454,235.810,175,CISO|demand|derived|m9|h17,209.713,-53.649,-145.745,28.772,32,False,False
CISO,demand,derived,10,17,367.001,239.181,493.951,185,CISO|demand|derived|m10|h17,242.037,124.964,-14.036,260.104,32,False,False
CISO,demand,derived,11,17,128.452,-34.371,301.406,177,CISO|demand|derived|m11|h17,255.192,-126.740,-290.710,50.037,31,False,False
CISO,demand,derived,12,17,-33.221,-136.443,68.884,184,CISO|demand|derived|m12|h17,260.959,-294.180,-402.159,-187.185,32,False,True
CISO,demand,derived,1,18,223.708,147.037,315.578,155,CISO|demand|derived|m1|h18,255.909,-32.201,-109.870,57.697,27,False,False
CISO,demand,derived,2,18,323.361,211.950,454.819,142,CISO|demand|derived|m2|h18,233.980,89.381,-26.476,225.919,24,False,False
CISO,demand,derived,3,18,101.514,-37.682,259.741,155,CISO|demand|derived|m3|h18,199.465,-97.951,-245.109,63.529,26,False,False
CISO,demand,derived,4,18,148.321,-33.941,304.601,150,CISO|demand|derived|m4|h18,173.128,-24.807,-214.564,135.134,25,False,False
CISO,demand,derived,5,18,-221.466,-412.919,-28.791,155,CISO|demand|derived|m5|h18,142.469,-363.935,-560.898,-159.238,27,False,True
CISO,demand,derived,6,18,-96.870,-234.417,41.878,149,CISO|demand|derived|m6|h18,166.279,-263.149,-398.081,-122.980,26,False,True
CISO,demand,derived,7,18,100.658,11.763,168.576,182,CISO|demand|derived|m7|h18,209.128,-108.469,-191.848,-45.227,31,False,True
CISO,demand,derived,8,18,215.471,110.036,307.527,186,CISO|demand|derived|m8|h18,224.133,-8.662,-113.595,81.481,32,False,False
CISO,demand,derived,9,18,274.544,219.513,326.179,179,CISO|demand|derived|m9|h18,231.730,42.814,-12.285,95.884,32,False,False
CISO,demand,derived,10,18,320.843,243.868,373.676,186,CISO|demand|derived|m10|h18,259.134,61.709,-14.135,117.811,32,False,False
CISO,demand,derived,11,18,216.093,145.968,299.074,177,CISO|demand|derived|m11|h18,258.304,-42.211,-118.044,39.864,31,False,False
CISO,demand,derived,12,18,144.893,91.167,214.076,184,CISO|demand|derived|m12|h18,259.039,-114.146,-172.040,-43.816,32,False,True
CISO,demand,derived,1,19,84.887,26.691,158.715,155,CISO|demand|derived|m1|h19,257.213,-172.327,-230.853,-97.139,27,False,True
CISO,demand,derived,2,19,85.289,43.098,134.680,141,CISO|demand|derived|m2|h19,235.328,-150.039,-199.268,-95.407,24,False,True
CISO,demand,derived,3,19,198.306,153.195,247.074,155,CISO|demand|derived|m3|h19,207.419,-9.113,-52.506,42.748,26,False,False
CISO,demand,derived,4,19,264.919,135.215,381.413,150,CISO|demand|derived|m4|h19,190.374,74.544,-53.480,186.995,25,False,False
CISO,demand,derived,5,19,37.823,-110.952,150.068,155,CISO|demand|derived|m5|h19,161.148,-123.324,-266.020,-22.226,27,False,True
CISO,demand,derived,6,19,200.651,139.347,259.306,150,CISO|demand|derived|m6|h19,188.577,12.074,-44.972,68.616,26,False,False
CISO,demand,derived,7,19,347.036,311.113,384.286,185,CISO|demand|derived|m7|h19,229.231,117.805,76.626,159.231,31,False,True
CISO,demand,derived,8,19,406.408,338.559,472.135,186,CISO|demand|derived|m8|h19,238.657,167.751,94.343,238.049,32,False,True
CISO,demand,derived,9,19,299.305,204.332,381.943,180,CISO|demand|derived|m9|h19,237.667,61.638,-35.767,143.287,32,False,False
CISO,demand,derived,10,19,300.133,171.857,432.182,186,CISO|demand|derived|m10|h19,262.110,38.023,-87.489,168.151,32,False,False
CISO,demand,derived,11,19,166.755,87.585,312.102,177,CISO|demand|derived|m11|h19,261.851,-95.096,-176.185,49.664,31,False,False
CISO,demand,derived,12,19,200.606,122.956,275.927,185,CISO|demand|derived|m12|h19,261.137,-60.530,-136.596,13.030,32,False,False
CISO,demand,derived,1,20,226.103,135.948,320.425,155,CISO|demand|derived|m1|h20,260.669,-34.567,-128.432,61.349,27,False,False
CISO,demand,derived,2,20,229.831,141.444,323.571,141,CISO|demand|derived|m2|h20,240.683,-10.852,-101.861,83.654,24,False,False
CISO,demand,derived,3,20,124.751,75.765,167.015,155,CISO|demand|derived|m3|h20,207.835,-83.084,-144.078,-35.679,26,False,True
CISO,demand,derived,4,20,218.973,182.773,284.178,150,CISO|demand|derived|m4|h20,192.941,26.032,-15.633,91.329,25,False,False
CISO,demand,derived,5,20,318.763,254.482,386.661,155,CISO|demand|derived|m5|h20,164.528,154.234,99.539,212.898,27,False,True
CISO,demand,derived,6,20,275.689,203.746,344.825,151,CISO|demand|derived|m6|h20,198.118,77.571,12.872,142.071,26,False,True
CISO,demand,derived,7,20,430.961,309.516,614.265,186,CISO|demand|derived|m7|h20,237.109,193.852,73.805,378.163,31,False,True
CISO,demand,derived,8,20,430.745,288.734,592.134,186,CISO|demand|derived|m8|h20,241.521,189.224,43.853,351.817,32,False,True
CISO,demand,derived,9,20,197.577,124.948,267.922,179,CISO|demand|derived|m9|h20,240.575,-42.998,-113.648,26.333,32,False,False
CISO,demand,derived,10,20,201.273,136.584,267.185,186,CISO|demand|derived|m10|h20,266.286,-65.013,-130.366,0.236,32,False,False
CISO,demand,derived,11,20,349.370,242.191,465.978,177,CISO|demand|derived|m11|h20,267.279,82.091,-23.812,202.407,31,False,False
CISO,demand,derived,12,20,382.371,294.288,464.487,185,CISO|demand|derived|m12|h20,265.468,116.904,28.587,196.709,32,False,True
CISO,demand,derived,1,21,373.008,266.587,515.895,155,CISO|demand|derived|m1|h21,264.471,108.538,-1.463,253.488,27,False,False
CISO,demand,derived,2,21,314.915,237.699,409.173,142,CISO|demand|derived|m2|h21,245.248,69.667,-8.547,163.816,24,False,False
CISO,demand,derived,3,21,174.961,108.233,226.974,155,CISO|demand|derived|m3|h21,209.988,-35.027,-107.982,21.350,26,False,False
CISO,demand,derived,4,21,125.202,41.166,206.423,150,CISO|demand|derived|m4|h21,193.292,-68.089,-162.885,17.968,25,False,False
CISO,demand,derived,5,21,224.309,144.267,304.681,155,CISO|demand|derived|m5|h21,163.435,60.874,-23.203,142.961,27,False,False
CISO,demand,derived,6,21,331.972,229.242,448.045,151,CISO|demand|derived|m6|h21,200.560,131.412,36.286,241.372,26,False,True
CISO,demand,derived,7,21,526.336,346.843,723.208,186,CISO|demand|derived|m7|h21,239.269,287.067,110.777,484.753,31,False,True
CISO,demand,derived,8,21,383.151,294.529,477.378,186,CISO|demand|derived|m8|h21,243.203,139.948,45.455,238.465,32,False,True
CISO,demand,derived,9,21,363.618,279.574,447.080,179,CISO|demand|derived|m9|h21,243.884,119.734,35.754,200.053,32,False,True
CISO,demand,derived,10,21,361.406,311.171,407.425,186,CISO|demand|derived|m10|h21,274.035,87.371,38.776,130.967,32,False,True
CISO,demand,derived,11,21,460.974,358.324,589.246,177,CISO|demand|derived|m11|h21,270.460,190.514,88.036,322.617,31,False,True
CISO,demand,derived,12,21,460.899,379.443,553.838,185,CISO|demand|derived|m12|h21,268.456,192.443,112.902,283.839,32,False,True
CISO,demand,derived,1,22,295.365,198.114,392.733,155,CISO|demand|derived|m1|h22,267.469,27.896,-67.537,126.444,27,False,False
CISO,demand,derived,2,22,314.820,243.627,391.826,142,CISO|demand|derived|m2|h22,249.357,65.463,-10.585,145.285,24,False,False
CISO,demand,derived,3,22,192.130,113.404,264.525,155,CISO|demand|derived|m3|h22,212.796,-20.666,-109.957,58.624,26,False,False
CISO,demand,derived,4,22,188.977,86.807,280.841,150,CISO|demand|derived|m4|h22,195.411,-6.435,-120.240,93.058,25,False,False
CISO,demand,derived,5,22,208.981,130.706,283.957,155,CISO|demand|derived|m5|h22,161.060,47.922,-32.158,120.541,27,False,False
CISO,demand,derived,6,22,282.184,225.999,347.872,151,CISO|demand|derived|m6|h22,199.243,82.941,22.251,151.865,26,False,True
CISO,demand,derived,7,22,200.052,102.624,289.156,186,CISO|demand|derived|m7|h22,239.563,-39.511,-136.216,49.599,31,False,False
CISO,demand,derived,8,22,283.999,216.502,371.998,185,CISO|demand|derived|m8|h22,244.444,39.556,-32.507,133.669,32,False,False
CISO,demand,derived,9,22,375.513,315.468,443.364,180,CISO|demand|derived|m9|h22,247.194,128.319,66.766,197.219,32,False,True
CISO,demand,derived,10,22,352.075,243.707,432.256,186,CISO|demand|derived|m10|h22,281.944,70.131,-35.271,146.801,32,False,False
CISO,demand,derived,11,22,351.013,285.650,427.174,175,CISO|demand|derived|m11|h22,274.493,76.521,8.444,152.606,31,False,True
CISO,demand,derived,12,22,293.228,210.741,391.594,185,CISO|demand|derived|m12|h22,272.633,20.595,-62.495,118.479,32,False,False
CISO,demand,derived,1,23,204.977,106.604,312.744,155,CISO|demand|derived|m1|h23,270.760,-65.783,-166.891,44.483,27,False,False
CISO,demand,derived,2,23,158.539,58.390,268.461,142,CISO|demand|derived|m2|h23,255.350,-96.812,-196.805,13.120,24,False,False
CISO,demand,derived,3,23,181.828,68.215,284.029,155,CISO|demand|derived|m3|h23,217.925,-36.098,-159.084,76.904,26,False,False
CISO,demand,derived,4,23,273.401,181.778,370.375,150,CISO|demand|derived|m4|h23,198.979,74.421,-13.319,167.559,25,False,False
CISO,demand,derived,5,23,392.986,308.726,460.882,155,CISO|demand|derived|m5|h23,159.063,233.923,146.396,304.080,27,False,True
CISO,demand,derived,6,23,411.013,338.182,500.989,151,CISO|demand|derived|m6|h23,196.847,214.165,134.956,309.637,26,False,True
CISO,demand,derived,7,23,329.003,258.483,421.165,186,CISO|demand|derived|m7|h23,238.597,90.406,19.196,186.500,31,False,True
CISO,demand,derived,8,23,382.632,281.842,474.382,185,CISO|demand|derived|m8|h23,245.246,137.386,34.562,229.664,32,False,True
CISO,demand,derived,9,23,265.232,138.012,504.903,180,CISO|demand|derived|m9|h23,248.803,16.429,-113.271,252.982,32,False,False
CISO,demand,derived,10,23,366.120,279.771,444.775,186,CISO|demand|derived|m10|h23,287.643,78.477,-9.374,161.386,32,False,False
CISO,demand,derived,11,23,298.780,200.661,390.323,175,CISO|demand|derived|m11|h23,280.719,18.061,-84.772,115.156,31,False,False
CISO,demand,derived,12,23,290.531,175.467,437.624,185,CISO|demand|derived|m12|h23,278.145,12.387,-103.780,162.233,32,False,False
CISO,demand,eia,1,0,0.728,-173.271,181.718,155,CISO|demand|eia|m1|h00,273.220,-272.492,-442.924,-91.826,27,False,True
CISO,demand,eia,2,0,79.779,-72.549,264.482,142,CISO|demand|eia|m2|h00,258.180,-178.402,-331.706,9.566,24,False,False
CISO,demand,eia,3,0,30.034,-27.805,129.397,155,CISO|demand|eia|m3|h00,223.055,-193.022,-257.466,-91.117,26,False,True
CISO,demand,eia,4,0,134.931,30.552,229.455,150,CISO|demand|eia|m4|h00,205.667,-70.735,-177.894,22.461,25,False,False
CISO,demand,eia,5,0,295.317,141.921,432.735,155,CISO|demand|eia|m5|h00,161.146,134.171,-13.153,266.986,27,False,False
CISO,demand,eia,6,0,263.860,181.012,420.386,150,CISO|demand|eia|m6|h00,193.957,69.903,-15.247,230.174,25,False,False
CISO,demand,eia,7,0,209.676,94.541,308.209,186,CISO|demand|eia|m7|h00,237.363,-27.688,-142.716,72.202,31,False,False
CISO,demand,eia,8,0,54.984,-20.516,145.104,186,CISO|demand|eia|m8|h00,248.775,-193.791,-269.226,-104.896,32,False,True
CISO,demand,eia,9,0,192.905,126.052,291.015,180,CISO|demand|eia|m9|h00,252.199,-59.294,-131.321,47.252,32,False,False
CISO,demand,eia,10,0,162.655,72.521,282.409,186,CISO|demand|eia|m10|h00,292.133,-129.478,-222.651,-4.748,32,False,True
CISO,demand,eia,11,0,104.995,-56.484,271.846,177,CISO|demand|eia|m11|h00,287.184,-182.189,-345.160,-9.559,31,False,True
CISO,demand,eia,12,0,45.286,-22.940,241.838,186,CISO|demand|eia|m12|h00,283.686,-238.401,-310.107,-38.660,32,False,True
CISO,demand,eia,1,1,342.677,-37.720,598.686,154,CISO|demand|eia|m1|h01,275.151,67.526,-311.202,320.319,27,False,False
CISO,demand,eia,2,1,309.984,29.075,532.933,142,CISO|demand|eia|m2|h01,259.103,50.881,-236.414,279.133,24,False,False
CISO,demand,eia,3,1,286.785,92.286,489.763,155,CISO|demand|eia|m3|h01,223.301,63.483,-127.523,272.198,26,False,False
CISO,demand,eia,4,1,294.065,171.667,425.051,150,CISO|demand|eia|m4|h01,206.963,87.102,-31.397,216.546,25,False,False
CISO,demand,eia,5,1,238.256,113.516,385.680,155,CISO|demand|eia|m5|h01,158.871,79.385,-50.234,235.307,27,False,False
CISO,demand,eia,6,1,302.011,233.096,379.916,150,CISO|demand|eia|m6|h01,187.476,114.535,47.069,199.227,25,False,True
CISO,demand,eia,7,1,272.531,178.454,368.364,186,CISO|demand|eia|m7|h01,234.062,38.468,-59.335,139.083,31,False,False
CISO,demand,eia,8,1,143.228,25.185,271.812,185,CISO|demand|eia|m8|h01,246.644,-103.416,-226.154,30.990,32,False,False
CISO,demand,eia,9,1,310.283,210.085,434.980,180,CISO|demand|eia|m9|h01,251.495,58.788,-47.780,188.212,32,False,False
CISO,demand,eia,10,1,213.559,145.020,285.742,186,CISO|demand|eia|m10|h01,293.695,-80.135,-152.632,-2.480,32,False,True
CISO,demand,eia,11,1,325.169,202.417,449.624,184,CISO|demand|eia|m11|h01,287.530,37.640,-86.522,161.534,31,False,False
CISO,demand,eia,12,1,312.967,97.545,520.414,186,CISO|demand|eia|m12|h01,285.586,27.381,-190.036,240.500,32,False,False
CISO,demand,eia,1,2,287.530,159.112,413.658,154,CISO|demand|eia|m1|h02,278.896,8.634,-123.040,133.568,27,False,False
CISO,demand,eia,2,2,225.878,83.084,387.910,142,CISO|demand|eia|m2|h02,260.789,-34.910,-181.411,130.940,24,False,False
CISO,demand,eia,3,2,198.411,40.549,325.497,150,CISO|demand|eia|m3|h02,226.404,-27.993,-186.840,106.272,26,False,False
CISO,demand,eia,4,2,275.326,165.083,367.665,150,CISO|demand|eia|m4|h02,209.589,65.737,-51.909,164.238,25,False,False
CISO,demand,eia,5,2,153.796,48.447,252.695,155,CISO|demand|eia|m5|h02,156.890,-3.094,-108.855,95.826,27,False,False
CISO,demand,eia,6,2,424.624,314.814,536.812,150,CISO|demand|eia|m6|h02,183.999,240.626,126.363,356.113,25,False,True
CISO,demand,eia,7,2,289.690,189.080,393.399,186,CISO|demand|eia|m7|h02,234.559,55.131,-46.925,157.209,31,False,False
CISO,demand,eia,8,2,330.991,231.986,425.914,185,CISO|demand|eia|m8|h02,247.485,83.506,-19.856,180.579,32,False,False
CISO,demand,eia,9,2,221.193,137.951,306.413,180,CISO|demand|eia|m9|h02,252.734,-31.541,-117.280,58.824,32,False,False
CISO,demand,eia,10,2,195.704,112.894,289.841,186,CISO|demand|eia|m10|h02,298.488,-102.784,-190.945,-2.154,32,False,True
CISO,demand,eia,11,2,302.632,146.775,429.080,178,CISO|demand|eia|m11|h02,292.391,10.241,-150.365,141.123,31,False,False
CISO,demand,eia,12,2,280.049,182.931,362.667,186,CISO|demand|eia|m12|h02,290.067,-10.018,-108.147,70.589,32,False,False
CISO,demand,eia,1,3,341.392,216.287,453.468,155,CISO|demand|eia|m1|h03,278.645,62.747,-59.349,173.587,27,False,False
CISO,demand,eia,2,3,234.023,125.482,352.617,142,CISO|demand|eia|m2|h03,260.980,-26.958,-133.908,94.368,24,False,False
CISO,demand,eia,3,3,270.369,194.055,350.705,155,CISO|demand|eia|m3|h03,226.191,44.178,-30.006,123.669,26,False,False
CISO,demand,eia,4,3,150.591,49.778,244.018,150,CISO|demand|eia|m4|h03,210.550,-59.959,-161.040,31.443,25,False,False
CISO,demand,eia,5,3,93.525,-16.882,209.563,153,CISO|demand|eia|m5|h03,156.586,-63.061,-174.093,49.050,27,False,False
CISO,demand,eia,6,3,244.525,104.384,364.603,149,CISO|demand|eia|m6|h03,181.842,62.684,-80.372,189.441,25,False,False
CISO,demand,eia,7,3,256.419,117.067,386.035,186,CISO|demand|eia|m7|h03,235.413,21.006,-121.379,156.481,31,False,False
CISO,demand,eia,8,3,225.426,133.085,309.467,186,CISO|demand|eia|m8|h03,248.914,-23.488,-119.850,65.870,32,False,False
CISO,demand,eia,9,3,224.909,163.734,283.109,180,CISO|demand|eia|m9|h03,254.729,-29.820,-93.536,30.576,32,False,False
CISO,demand,eia,10,3,221.154,152.739,277.357,186,CISO|demand|eia|m10|h03,301.620,-80.466,-151.843,-20.415,32,False,True
CISO,demand,eia,11,3,305.074,208.094,398.692,178,CISO|demand|eia|m11|h03,293.019,12.055,-88.904,107.395,31,False,False
CISO,demand,eia,12,3,27.444,3.589,351.355,186,CISO|demand|eia|m12|h03,291.211,-263.767,-293.185,59.756,32,False,False
CISO,demand,eia,1,4,215.377,133.052,293.728,155,CISO|demand|eia|m1|h04,275.445,-60.068,-139.236,17.492,27,False,False
CISO,demand,eia,2,4,288.106,223.189,356.100,142,CISO|demand|eia|m2|h04,257.703,30.402,-34.646,102.145,24,False,False
CISO,demand,eia,3,4,224.109,162.080,283.825,155,CISO|demand|eia|m3|h04,223.978,0.132,-59.959,57.046,26,False,False
CISO,demand,eia,4,4,223.864,162.756,287.853,150,CISO|demand|eia|m4|h04,210.555,13.308,-47.740,75.349,25,False,False
CISO,demand,eia,5,4,229.838,151.766,304.155,150,CISO|demand|eia|m5|h04,156.603,73.234,-1.389,143.360,27,False,False
CISO,demand,eia,6,4,302.146,226.044,379.454,148,CISO|demand|eia|m6|h04,183.347,118.799,41.505,198.762,25,False,True
CISO,demand,eia,7,4,255.407,203.833,307.367,185,CISO|demand|eia|m7|h04,235.409,19.998,-37.963,76.408,31,False,False
CISO,demand,eia,8,4,256.844,177.485,330.456,186,CISO|demand|eia|m8|h04,248.779,8.065,-77.310,89.412,32,False,False
CISO,demand,eia,9,4,192.474,138.227,250.369,180,CISO|demand|eia|m9|h04,254.680,-62.206,-116.002,-3.655,32,False,True
CISO,demand,eia,10,4,278.669,199.361,356.484,186,CISO|demand|eia|m10|h04,300.452,-21.783,-102.943,57.555,32,False,False
CISO,demand,eia,11,4,346.440,268.321,416.435,178,CISO|demand|eia|m11|h04,290.008,56.431,-22.399,127.912,31,False,False
CISO,demand,eia,12,4,73.866,23.228,460.835,186,CISO|demand|eia|m12|h04,287.889,-214.023,-266.523,175.753,32,False,False
CISO,demand,eia,1,5,265.333,206.326,325.872,155,CISO|demand|eia|m1|h05,271.349,-6.016,-64.136,53.983,27,False,False
CISO,demand,eia,2,5,312.273,244.356,378.792,142,CISO|demand|eia|m2|h05,251.758,60.515,-9.269,130.459,24,False,False
CISO,demand,eia,3,5,201.825,111.871,287.012,155,CISO|demand|eia|m3|h05,222.798,-20.973,-117.952,68.707,26,False,False
CISO,demand,eia,4,5,185.510,117.086,254.457,150,CISO|demand|eia|m4|h05,210.321,-24.811,-90.301,41.287,25,False,False
CISO,demand,eia,5,5,181.722,111.597,254.941,150,CISO|demand|eia|m5|h05,157.418,24.304,-48.470,100.111,27,False,False
CISO,demand,eia,6,5,204.404,134.341,273.375,148,CISO|demand|eia|m6|h05,181.288,23.116,-51.236,94.946,25,False,False
CISO,demand,eia,7,5,175.161,106.070,253.495,185,CISO|demand|eia|m7|h05,235.467,-60.305,-123.810,9.975,31,False,False
CISO,demand,eia,8,5,170.089,105.684,243.523,186,CISO|demand|eia|m8|h05,249.254,-79.165,-141.974,-6.037,32,False,True
CISO,demand,eia,9,5,151.820,94.033,220.724,180,CISO|demand|eia|m9|h05,254.172,-102.352,-158.710,-37.658,32,False,True
CISO,demand,eia,10,5,211.868,154.450,262.088,186,CISO|demand|eia|m10|h05,295.896,-84.027,-141.472,-32.829,32,False,True
CISO,demand,eia,11,5,299.389,228.748,361.567,178,CISO|demand|eia|m11|h05,284.615,14.775,-54.160,77.169,31,False,False
CISO,demand,eia,12,5,185.178,87.299,372.793,186,CISO|demand|eia|m12|h05,280.097,-94.919,-193.219,91.353,32,False,False
CISO,demand,eia,1,6,199.464,174.762,226.954,155,CISO|demand|eia|m1|h06,264.632,-65.169,-89.900,-36.052,27,False,True
CISO,demand,eia,2,6,145.989,98.442,195.674,142,CISO|demand|eia|m2|h06,236.468,-90.479,-138.324,-40.911,24,False,True
CISO,demand,eia,3,6,208.049,124.336,278.199,155,CISO|demand|eia|m3|h06,211.618,-3.569,-85.301,62.568,26,False,False
CISO,demand,eia,4,6,210.702,156.801,277.555,150,CISO|demand|eia|m4|h06,192.531,18.171,-34.896,83.840,25,False,False
CISO,demand,eia,5,6,71.049,-22.569,177.093,153,CISO|demand|eia|m5|h06,128.454,-57.405,-154.352,47.666,27,False,False
CISO,demand,eia,6,6,65.229,-55.213,181.795,150,CISO|demand|eia|m6|h06,159.295,-94.066,-213.066,20.490,25,False,False
CISO,demand,eia,7,6,102.471,47.573,161.384,186,CISO|demand|eia|m7|h06,216.225,-113.753,-161.670,-62.496,31,False,True
CISO,demand,eia,8,6,109.417,63.389,174.408,185,CISO|demand|eia|m8|h06,236.463,-127.046,-173.515,-63.178,32,False,True
CISO,demand,eia,9,6,153.897,118.215,189.817,180,CISO|demand|eia|m9|h06,248.000,-94.102,-127.259,-57.506,32,False,True
CISO,demand,eia,10,6,150.369,95.354,207.061,186,CISO|demand|eia|m10|h06,288.231,-137.862,-191.775,-81.770,32,False,True
CISO,demand,eia,11,6,141.558,62.190,240.750,178,CISO|demand|eia|m11|h06,267.751,-126.193,-207.516,-27.672,31,False,True
CISO,demand,eia,12,6,147.054,91.146,249.835,186,CISO|demand|eia|m12|h06,271.051,-123.997,-179.826,-17.210,32,False,True
CISO,demand,eia,1,7,331.882,234.847,421.805,155,CISO|demand|eia|m1|h07,229.647,102.235,3.513,192.605,27,False,True
CISO,demand,eia,2,7,445.063,346.632,545.951,142,CISO|demand|eia|m2|h07,186.434,258.628,151.085,369.645,24,False,True
CISO,demand,eia,3,7,386.127,268.760,480.655,155,CISO|demand|eia|m3|h07,170.535,215.592,92.294,311.086,26,False,True
CISO,demand,eia,4,7,285.879,105.655,431.929,150,CISO|demand|eia|m4|h07,143.800,142.079,-35.299,290.350,25,False,False
CISO,demand,eia,5,7,22.065,-76.328,108.796,155,CISO|demand|eia|m5|h07,103.455,-81.390,-175.243,3.787,27,False,False
CISO,demand,eia,6,7,62.846,-29.682,155.847,150,CISO|demand|eia|m6|h07,132.617,-69.772,-159.583,18.631,25,False,False
CISO,demand,eia,7,7,61.020,-38.041,159.652,186,CISO|demand|eia|m7|h07,186.445,-125.424,-226.807,-23.696,31,False,True
CISO,demand,eia,8,7,99.435,17.566,184.777,185,CISO|demand|eia|m8|h07,200.984,-101.549,-186.845,-9.639,32,False,True
CISO,demand,eia,9,7,178.647,100.273,255.950,180,CISO|demand|eia|m9|h07,210.367,-31.721,-114.120,48.126,32,False,False
CISO,demand,eia,10,7,319.509,226.197,404.922,186,CISO|demand|eia|m10|h07,254.965,64.544,-32.343,156.350,32,False,False
CISO,demand,eia,11,7,376.496,244.937,495.898,178,CISO|demand|eia|m11|h07,224.021,152.475,16.367,280.656,31,False,True
CISO,demand,eia,12,7,174.164,91.819,327.172,186,CISO|demand|eia|m12|h07,243.073,-68.909,-153.416,89.837,32,False,False
CISO,demand,eia,1,8,200.740,44.218,333.636,155,CISO|demand|eia|m1|h08,191.701,9.039,-142.740,146.064,27,False,False
CISO,demand,eia,2,8,84.082,-99.602,232.648,142,CISO|demand|eia|m2|h08,151.679,-67.597,-246.049,77.848,24,False,False
CISO,demand,eia,3,8,189.379,77.091,316.769,155,CISO|demand|eia|m3|h08,137.795,51.584,-57.299,177.636,26,False,False
CISO,demand,eia,4,8,23.208,-140.903,141.994,150,CISO|demand|eia|m4|h08,113.784,-90.576,-253.811,23.388,25,False,False
CISO,demand,eia,5,8,22.815,-104.949,144.541,155,CISO|demand|eia|m5|h08,94.065,-71.250,-199.173,53.092,27,False,False
CISO,demand,eia,6,8,93.657,-7.736,151.196,150,CISO|demand|eia|m6|h08,125.225,-31.568,-128.412,24.055,25,False,False
CISO,demand,eia,7,8,172.490,71.585,235.078,186,CISO|demand|eia|m7|h08,173.132,-0.642,-97.903,55.966,31,False,False
CISO,demand,eia,8,8,177.612,86.481,266.977,184,CISO|demand|eia|m8|h08,178.980,-1.368,-91.035,85.021,32,False,False
CISO,demand,eia,9,8,247.859,133.035,325.152,180,CISO|demand|eia|m9|h08,176.686,71.174,-41.029,149.940,32,False,False
CISO,demand,eia,10,8,400.376,237.735,537.722,186,CISO|demand|eia|m10|h08,207.481,192.895,31.087,329.244,32,False,True
CISO,demand,eia,11,8,102.455,-2.346,237.358,178,CISO|demand|eia|m11|h08,185.336,-82.880,-184.170,47.906,31,False,False
CISO,demand,eia,12,8,212.398,121.191,349.906,186,CISO|demand|eia|m12|h08,215.792,-3.394,-94.673,140.332,32,False,False
CISO,demand,eia,1,9,32.753,-94.753,187.377,155,CISO|demand|eia|m1|h09,168.530,-135.777,-268.374,29.272,27,False,False
CISO,demand,eia,2,9,195.196,109.041,290.807,142,CISO|demand|eia|m2|h09,133.870,61.325,-20.910,153.578,24,False,False
CISO,demand,eia,3,9,75.789,-40.483,183.274,154,CISO|demand|eia|m3|h09,122.097,-46.308,-161.426,60.660,26,False,False
CISO,demand,eia,4,9,129.154,34.116,212.458,149,CISO|demand|eia|m4|h09,105.965,23.189,-68.758,105.340,25,False,False
CISO,demand,eia,5,9,256.321,103.568,365.927,155,CISO|demand|eia|m5|h09,96.503,159.818,11.690,266.939,27,False,True
CISO,demand,eia,6,9,267.335,128.690,340.318,150,CISO|demand|eia|m6|h09,128.153,139.181,1.377,212.898,25,False,True
CISO,demand,eia,7,9,211.146,83.605,269.239,186,CISO|demand|eia|m7|h09,168.287,42.860,-78.184,95.962,31,False,False
CISO,demand,eia,8,9,169.477,88.172,234.785,183,CISO|demand|eia|m8|h09,169.410,0.067,-80.755,63.949,32,False,False
CISO,demand,eia,9,9,132.435,41.372,192.153,180,CISO|demand|eia|m9|h09,162.886,-30.451,-117.831,23.550,32,False,False
CISO,demand,eia,10,9,127.941,37.102,181.495,186,CISO|demand|eia|m10|h09,183.873,-55.932,-145.276,-1.928,32,False,True
CISO,demand,eia,11,9,182.056,95.148,273.469,178,CISO|demand|eia|m11|h09,167.014,15.042,-67.158,106.084,31,False,False
CISO,demand,eia,12,9,109.262,25.078,197.665,186,CISO|demand|eia|m12|h09,195.996,-86.734,-171.114,0.251,32,False,False
CISO,demand,eia,1,10,59.743,-18.458,146.048,155,CISO|demand|eia|m1|h10,161.094,-101.351,-180.621,-20.915,27,False,True
CISO,demand,eia,2,10,109.610,9.178,216.382,142,CISO|demand|eia|m2|h10,132.053,-22.443,-118.002,83.060,24,False,False
CISO,demand,eia,3,10,82.339,-64.368,237.753,154,CISO|demand|eia|m3|h10,117.451,-35.112,-183.639,124.488,26,False,False
CISO,demand,eia,4,10,78.941,4.771,151.554,149,CISO|demand|eia|m4|h10,106.194,-27.253,-99.109,43.590,25,False,False
CISO,demand,eia,5,10,84.936,13.190,165.319,154,CISO|demand|eia|m5|h10,100.408,-15.472,-88.011,67.158,27,False,False
CISO,demand,eia,6,10,150.707,72.457,220.773,149,CISO|demand|eia|m6|h10,130.072,20.634,-54.826,84.843,25,False,False
CISO,demand,eia,7,10,210.645,128.231,305.564,186,CISO|demand|eia|m7|h10,165.038,45.607,-33.123,138.854,31,False,False
CISO,demand,eia,8,10,254.305,195.045,310.933,185,CISO|demand|eia|m8|h10,166.183,88.122,29.711,143.240,32,False,True
CISO,demand,eia,9,10,211.179,159.127,257.058,180,CISO|demand|eia|m9|h10,161.385,49.794,0.777,95.688,32,False,False
CISO,demand,eia,10,10,228.335,113.931,300.489,186,CISO|demand|eia|m10|h10,179.759,48.576,-59.035,115.706,32,False,False
CISO,demand,eia,11,10,158.960,76.768,250.896,177,CISO|demand|eia|m11|h10,165.596,-6.637,-86.954,85.619,31,False,False
CISO,demand,eia,12,10,224.675,107.334,335.207,186,CISO|demand|eia|m12|h10,191.800,32.875,-82.875,142.076,32,False,False
CISO,demand,eia,1,11,64.793,-37.125,147.590,155,CISO|demand|eia|m1|h11,163.461,-98.668,-192.220,-20.932,27,False,True
CISO,demand,eia,2,11,52.214,-45.092,150.124,142,CISO|demand|eia|m2|h11,136.276,-84.062,-179.129,14.820,24,False,False
CISO,demand,eia,3,11,103.351,15.925,198.438,155,CISO|demand|eia|m3|h11,119.820,-16.469,-103.876,81.338,26,False,False
CISO,demand,eia,4,11,28.632,-36.569,112.228,149,CISO|demand|eia|m4|h11,109.223,-80.591,-146.417,0.869,25,False,False
CISO,demand,eia,5,11,59.450,-27.866,112.956,154,CISO|demand|eia|m5|h11,103.475,-44.024,-130.028,12.246,27,False,False
CISO,demand,eia,6,11,173.475,107.982,232.891,149,CISO|demand|eia|m6|h11,128.622,44.853,-16.585,95.597,25,False,False
CISO,demand,eia,7,11,253.699,170.277,339.130,186,CISO|demand|eia|m7|h11,163.011,90.688,6.976,178.521,31,False,True
CISO,demand,eia,8,11,329.074,243.875,385.030,186,CISO|demand|eia|m8|h11,165.440,163.634,80.620,218.853,32,False,True
CISO,demand,eia,9,11,221.887,182.726,257.406,180,CISO|demand|eia|m9|h11,160.976,60.911,23.451,97.788,32,False,True
CISO,demand,eia,10,11,213.612,154.523,261.371,185,CISO|demand|eia|m10|h11,177.963,35.649,-24.268,84.509,32,False,False
CISO,demand,eia,11,11,135.100,71.030,216.668,175,CISO|demand|eia|m11|h11,168.895,-33.795,-94.326,46.287,31,False,False
CISO,demand,eia,12,11,123.242,56.348,227.589,186,CISO|demand|eia|m12|h11,194.425,-71.183,-137.610,33.031,32,False,False
CISO,demand,eia,1,12,57.878,-19.145,130.527,155,CISO|demand|eia|m1|h12,166.376,-108.497,-186.595,-30.812,27,False,True
CISO,demand,eia,2,12,63.336,-6.474,127.383,142,CISO|demand|eia|m2|h12,138.555,-75.219,-144.791,-14.762,24,False,True
CISO,demand,eia,3,12,50.233,-5.297,120.724,155,CISO|demand|eia|m3|h12,121.455,-71.222,-123.348,-1.911,26,False,True
CISO,demand,eia,4,12,120.234,72.880,173.439,149,CISO|demand|eia|m4|h12,111.060,9.173,-40.636,61.059,25,False,False
CISO,demand,eia,5,12,111.529,36.411,159.659,155,CISO|demand|eia|m5|h12,103.580,7.949,-69.618,57.883,27,False,False
CISO,demand,eia,6,12,236.000,184.148,294.561,150,CISO|demand|eia|m6|h12,127.868,108.132,56.958,164.222,25,False,True
CISO,demand,eia,7,12,309.404,208.244,394.813,185,CISO|demand|eia|m7|h12,161.601,147.802,49.349,235.803,31,False,True
CISO,demand,eia,8,12,338.498,280.725,396.527,186,CISO|demand|eia|m8|h12,165.828,172.669,116.228,226.966,32,False,True
CISO,demand,eia,9,12,270.895,228.958,309.636,180,CISO|demand|eia|m9|h12,161.796,109.099,67.828,150.322,32,False,True
CISO,demand,eia,10,12,274.771,201.003,314.653,185,CISO|demand|eia|m10|h12,177.269,97.502,27.204,133.604,32,False,True
CISO,demand,eia,11,12,157.824,86.741,232.693,175,CISO|demand|eia|m11|h12,169.056,-11.232,-82.072,61.055,31,False,False
CISO,demand,eia,12,12,110.526,31.683,264.357,186,CISO|demand|eia|m12|h12,196.862,-86.336,-165.553,68.257,32,False,False
CISO,demand,eia,1,13,185.676,109.109,240.214,155,CISO|demand|eia|m1|h13,168.822,16.854,-57.646,72.896,27,False,False
CISO,demand,eia,2,13,101.623,9.572,194.567,142,CISO|demand|eia|m2|h13,139.361,-37.738,-129.590,56.020,24,False,False
CISO,demand,eia,3,13,144.971,87.445,204.173,155,CISO|demand|eia|m3|h13,122.027,22.945,-33.305,82.966,26,False,False
CISO,demand,eia,4,13,88.448,4.572,159.401,148,CISO|demand|eia|m4|h13,112.031,-23.583,-110.345,50.953,25,False,False
CISO,demand,eia,5,13,135.006,74.199,185.160,155,CISO|demand|eia|m5|h13,101.367,33.638,-25.634,85.549,27,False,False
CISO,demand,eia,6,13,321.738,265.952,377.974,150,CISO|demand|eia|m6|h13,126.290,195.447,145.126,245.628,25,False,True
CISO,demand,eia,7,13,394.303,326.840,450.140,185,CISO|demand|eia|m7|h13,160.117,234.186,165.728,290.435,31,False,True
CISO,demand,eia,8,13,367.684,297.793,422.940,185,CISO|demand|eia|m8|h13,167.036,200.648,129.069,254.894,32,False,True
CISO,demand,eia,9,13,352.835,317.099,386.233,180,CISO|demand|eia|m9|h13,161.488,191.347,154.535,227.555,32,False,True
CISO,demand,eia,10,13,318.566,252.821,352.641,185,CISO|demand|eia|m10|h13,173.315,145.251,85.735,175.082,32,False,True
CISO,demand,eia,11,13,357.042,291.497,420.903,178,CISO|demand|eia|m11|h13,168.994,188.047,126.729,248.488,31,False,True
CISO,demand,eia,12,13,134.735,52.932,314.392,186,CISO|demand|eia|m12|h13,199.201,-64.465,-145.164,112.975,32,False,False
CISO,demand,eia,1,14,390.491,301.654,476.485,155,CISO|demand|eia|m1|h14,175.214,215.276,130.157,292.342,27,False,True
CISO,demand,eia,2,14,272.280,135.350,385.284,142,CISO|demand|eia|m2|h14,141.573,130.707,-4.831,242.244,24,False,False
CISO,demand,eia,3,14,186.995,135.770,241.470,155,CISO|demand|eia|m3|h14,123.172,63.824,11.846,116.913,26,False,True
CISO,demand,eia,4,14,228.949,155.359,282.778,148,CISO|demand|eia|m4|h14,110.962,117.988,44.325,173.561,25,False,True
CISO,demand,eia,5,14,287.501,220.209,354.517,155,CISO|demand|eia|m5|h14,99.096,188.405,125.352,249.744,27,False,True
CISO,demand,eia,6,14,388.127,330.919,443.473,150,CISO|demand|eia|m6|h14,125.062,263.065,201.317,321.275,25,False,True
CISO,demand,eia,7,14,455.251,357.188,535.088,186,CISO|demand|eia|m7|h14,162.700,292.550,192.510,373.287,31,False,True
CISO,demand,eia,8,14,454.247,298.828,528.805,184,CISO|demand|eia|m8|h14,170.171,284.077,124.972,362.853,32,False,True
CISO,demand,eia,9,14,338.527,285.970,396.056,180,CISO|demand|eia|m9|h14,164.216,174.311,120.710,230.660,32,False,True
CISO,demand,eia,10,14,315.071,228.982,385.092,184,CISO|demand|eia|m10|h14,173.507,141.564,59.623,208.341,32,False,True
CISO,demand,eia,11,14,553.556,436.932,652.859,178,CISO|demand|eia|m11|h14,176.591,376.965,262.992,474.433,31,False,True
CISO,demand,eia,12,14,245.472,152.069,443.387,186,CISO|demand|eia|m12|h14,204.998,40.474,-53.360,238.077,32,False,False
CISO,demand,eia,1,15,454.832,321.470,604.625,155,CISO|demand|eia|m1|h15,200.959,253.873,125.500,402.613,27,False,True
CISO,demand,eia,2,15,432.753,283.274,545.226,142,CISO|demand|eia|m2|h15,159.641,273.112,121.901,385.974,24,False,True
CISO,demand,eia,3,15,387.946,303.648,460.984,155,CISO|demand|eia|m3|h15,131.349,256.598,171.591,327.735,26,False,True
CISO,demand,eia,4,15,306.555,233.956,369.423,146,CISO|demand|eia|m4|h15,110.528,196.027,129.740,253.581,25,False,True
CISO,demand,eia,5,15,338.532,255.667,409.211,155,CISO|demand|eia|m5|h15,100.163,238.370,160.435,306.245,27,False,True
CISO,demand,eia,6,15,323.720,251.652,396.493,150,CISO|demand|eia|m6|h15,128.184,195.536,118.963,270.525,25,False,True
CISO,demand,eia,7,15,369.619,265.763,468.564,186,CISO|demand|eia|m7|h15,168.337,201.282,94.705,299.390,31,False,True
CISO,demand,eia,8,15,420.563,248.794,532.667,183,CISO|demand|eia|m8|h15,175.853,244.709,66.012,368.103,32,False,True
CISO,demand,eia,9,15,396.349,306.233,466.842,176,CISO|demand|eia|m9|h15,169.828,226.522,129.124,299.670,32,False,True
CISO,demand,eia,10,15,319.105,191.510,433.254,183,CISO|demand|eia|m10|h15,179.689,139.416,6.256,256.998,32,False,True
CISO,demand,eia,11,15,769.716,642.872,888.706,178,CISO|demand|eia|m11|h15,206.869,562.848,434.853,681.976,31,False,True
CISO,demand,eia,12,15,549.092,307.667,807.816,185,CISO|demand|eia|m12|h15,228.483,320.608,79.038,578.783,32,False,True
CISO,demand,eia,1,16,424.050,301.735,515.270,155,CISO|demand|eia|m1|h16,235.109,188.940,59.854,286.773,27,False,True
CISO,demand,eia,2,16,452.966,257.599,553.525,142,CISO|demand|eia|m2|h16,198.875,254.090,49.279,358.314,24,False,True
CISO,demand,eia,3,16,397.533,272.175,517.540,155,CISO|demand|eia|m3|h16,148.662,248.871,121.167,370.332,26,False,True
CISO,demand,eia,4,16,362.538,212.707,450.248,146,CISO|demand|eia|m4|h16,117.599,244.938,96.858,333.211,25,False,True
CISO,demand,eia,5,16,333.485,220.186,417.649,155,CISO|demand|eia|m5|h16,104.766,228.719,118.708,310.648,27,False,True
CISO,demand,eia,6,16,262.621,153.504,382.458,149,CISO|demand|eia|m6|h16,134.042,128.579,19.094,249.843,25,False,True
CISO,demand,eia,7,16,209.356,131.211,297.486,181,CISO|demand|eia|m7|h16,176.213,33.143,-49.178,122.200,31,False,False
CISO,demand,eia,8,16,230.813,164.084,314.734,179,CISO|demand|eia|m8|h16,183.007,47.806,-24.169,135.031,32,False,False
CISO,demand,eia,9,16,207.789,120.172,290.935,173,CISO|demand|eia|m9|h16,182.611,25.178,-67.579,111.453,32,False,False
CISO,demand,eia,10,16,270.688,62.998,460.447,183,CISO|demand|eia|m10|h16,205.408,65.280,-151.148,259.395,32,False,False
CISO,demand,eia,11,16,471.396,333.030,541.013,178,CISO|demand|eia|m11|h16,236.594,234.802,79.423,313.110,31,False,True
CISO,demand,eia,12,16,444.507,351.259,499.712,184,CISO|demand|eia|m12|h16,249.923,194.584,92.320,253.531,32,False,True
CISO,demand,eia,1,17,-135.714,-292.381,8.581,155,CISO|demand|eia|m1|h17,252.739,-388.453,-543.715,-243.335,27,False,True
CISO,demand,eia,2,17,168.429,71.802,250.442,142,CISO|demand|eia|m2|h17,225.855,-57.425,-155.484,25.187,24,False,False
CISO,demand,eia,3,17,352.336,204.954,461.471,155,CISO|demand|eia|m3|h17,176.118,176.218,26.736,289.934,26,False,True
CISO,demand,eia,4,17,438.570,279.916,531.354,148,CISO|demand|eia|m4|h17,135.468,303.102,138.079,396.787,25,False,True
CISO,demand,eia,5,17,242.836,90.934,371.678,155,CISO|demand|eia|m5|h17,115.543,127.293,-29.003,260.320,27,False,False
CISO,demand,eia,6,17,81.673,-48.918,196.674,148,CISO|demand|eia|m6|h17,144.853,-63.180,-194.101,54.308,25,False,False
CISO,demand,eia,7,17,203.746,101.229,303.661,178,CISO|demand|eia|m7|h17,188.725,15.021,-88.613,116.263,31,False,False
CISO,demand,eia,8,17,203.688,94.248,288.568,179,CISO|demand|eia|m8|h17,199.327,4.361,-110.830,94.786,32,False,False
CISO,demand,eia,9,17,153.758,67.172,235.621,175,CISO|demand|eia|m9|h17,211.633,-57.874,-143.829,24.470,32,False,False
CISO,demand,eia,10,17,361.697,224.483,483.626,185,CISO|demand|eia|m10|h17,242.575,119.121,-27.329,248.544,32,False,False
CISO,demand,eia,11,17,120.650,-37.853,284.111,178,CISO|demand|eia|m11|h17,256.002,-135.352,-291.207,34.233,31,False,False
CISO,demand,eia,12,17,-30.748,-134.711,64.771,184,CISO|demand|eia|m12|h17,261.465,-292.213,-400.197,-188.627,32,False,True
CISO,demand,eia,1,18,221.582,142.289,308.816,155,CISO|demand|eia|m1|h18,255.061,-33.480,-113.748,52.611,27,False,False
CISO,demand,eia,2,18,319.656,209.498,447.055,142,CISO|demand|eia|m2|h18,233.817,85.839,-28.737,217.819,24,False,False
CISO,demand,eia,3,18,102.601,-23.096,254.157,155,CISO|demand|eia|m3|h18,200.621,-98.021,-229.436,62.325,26,False,False
CISO,demand,eia,4,18,148.382,-33.795,300.241,150,CISO|demand|eia|m4|h18,174.234,-25.851,-218.253,128.019,25,False,False
CISO,demand,eia,5,18,-212.979,-397.606,-11.946,155,CISO|demand|eia|m5|h18,144.199,-357.177,-550.025,-142.020,27,False,True
CISO,demand,eia,6,18,-91.006,-229.445,43.862,149,CISO|demand|eia|m6|h18,167.033,-258.039,-396.262,-123.314,26,False,True
CISO,demand,eia,7,18,102.240,14.726,171.197,182,CISO|demand|eia|m7|h18,209.611,-107.371,-189.684,-43.137,31,False,True
CISO,demand,eia,8,18,214.695,115.730,301.343,186,CISO|demand|eia|m8|h18,224.727,-10.032,-107.609,74.437,32,False,False
CISO,demand,eia,9,18,271.484,213.119,324.465,179,CISO|demand|eia|m9|h18,233.345,38.139,-22.777,94.129,32,False,False
CISO,demand,eia,10,18,318.497,241.674,370.966,186,CISO|demand|eia|m10|h18,259.460,59.038,-19.052,114.949,32,False,False
CISO,demand,eia,11,18,214.696,147.198,295.535,178,CISO|demand|eia|m11|h18,258.862,-44.166,-116.426,37.888,31,False,False
CISO,demand,eia,12,18,145.249,88.969,213.624,184,CISO|demand|eia|m12|h18,259.429,-114.179,-171.233,-44.208,32,False,True
CISO,demand,eia,1,19,84.481,26.867,156.767,155,CISO|demand|eia|m1|h19,256.307,-171.826,-229.327,-101.276,27,False,True
CISO,demand,eia,2,19,86.035,45.221,138.092,141,CISO|demand|eia|m2|h19,235.085,-149.050,-196.216,-92.202,24,False,True
CISO,demand,eia,3,19,196.648,149.106,245.543,155,CISO|demand|eia|m3|h19,208.421,-11.773,-55.892,35.271,26,False,False
CISO,demand,eia,4,19,262.586,141.712,372.741,150,CISO|demand|eia|m4|h19,191.072,71.514,-48.686,177.164,25,False,False
CISO,demand,eia,5,19,38.289,-108.998,154.691,155,CISO|demand|eia|m5|h19,162.436,-124.147,-266.939,-20.921,27,False,True
CISO,demand,eia,6,19,200.263,137.274,258.099,150,CISO|demand|eia|m6|h19,188.852,11.411,-50.246,68.314,26,False,False
CISO,demand,eia,7,19,345.858,309.289,380.889,185,CISO|demand|eia|m7|h19,229.370,116.487,75.897,157.934,31,False,True
CISO,demand,eia,8,19,401.021,332.343,465.374,186,CISO|demand|eia|m8|h19,239.072,161.949,86.496,234.932,32,False,True
CISO,demand,eia,9,19,295.858,197.234,374.971,180,CISO|demand|eia|m9|h19,239.366,56.492,-41.705,135.917,32,False,False
CISO,demand,eia,10,19,300.623,171.505,426.628,186,CISO|demand|eia|m10|h19,262.432,38.190,-87.901,161.871,32,False,False
CISO,demand,eia,11,19,170.074,88.435,318.030,178,CISO|demand|eia|m11|h19,262.336,-92.262,-173.279,56.408,31,False,False
CISO,demand,eia,12,19,201.594,127.034,277.595,185,CISO|demand|eia|m12|h19,261.400,-59.806,-133.235,13.919,32,False,False
CISO,demand,eia,1,20,223.357,138.692,311.508,155,CISO|demand|eia|m1|h20,259.624,-36.267,-123.719,52.686,27,False,False
CISO,demand,eia,2,20,231.700,144.693,319.998,141,CISO|demand|eia|m2|h20,240.262,-8.563,-97.078,79.890,24,False,False
CISO,demand,eia,3,20,124.867,78.703,169.396,155,CISO|demand|eia|m3|h20,208.766,-83.898,-144.002,-33.586,26,False,True
CISO,demand,eia,4,20,217.343,181.420,282.562,150,CISO|demand|eia|m4|h20,193.585,23.757,-17.778,88.093,25,False,False
CISO,demand,eia,5,20,316.356,255.389,382.461,155,CISO|demand|eia|m5|h20,165.779,150.577,94.041,207.593,27,False,True
CISO,demand,eia,6,20,272.369,198.986,340.340,151,CISO|demand|eia|m6|h20,198.262,74.107,8.129,137.613,26,False,True
CISO,demand,eia,7,20,427.607,318.157,596.195,186,CISO|demand|eia|m7|h20,237.225,190.383,81.623,360.869,31,False,True
CISO,demand,eia,8,20,424.973,282.767,592.351,186,CISO|demand|eia|m8|h20,242.027,182.946,38.212,355.982,32,False,True
CISO,demand,eia,9,20,198.136,127.364,270.502,179,CISO|demand|eia|m9|h20,242.099,-43.963,-115.533,27.556,32,False,False
CISO,demand,eia,10,20,202.729,136.618,270.928,186,CISO|demand|eia|m10|h20,266.546,-63.817,-130.027,1.615,32,False,False
CISO,demand,eia,11,20,346.926,236.088,465.437,178,CISO|demand|eia|m11|h20,267.505,79.421,-29.662,197.712,31,False,False
CISO,demand,eia,12,20,383.223,294.351,467.623,185,CISO|demand|eia|m12|h20,265.573,117.650,27.000,198.480,32,False,True
CISO,demand,eia,1,21,368.420,255.952,505.416,155,CISO|demand|eia|m1|h21,263.457,104.963,-7.539,243.779,27,False,False
CISO,demand,eia,2,21,313.847,240.839,407.456,142,CISO|demand|eia|m2|h21,244.852,68.995,-4.919,162.767,24,False,False
CISO,demand,eia,3,21,173.165,115.842,223.605,155,CISO|demand|eia|m3|h21,210.930,-37.765,-104.015,15.355,26,False,False
CISO,demand,eia,4,21,124.815,43.140,208.986,150,CISO|demand|eia|m4|h21,194.017,-69.202,-161.138,16.547,25,False,False
CISO,demand,eia,5,21,223.476,140.598,304.107,155,CISO|demand|eia|m5|h21,164.859,58.617,-28.490,141.951,27,False,False
CISO,demand,eia,6,21,327.909,219.078,446.437,151,CISO|demand|eia|m6|h21,200.896,127.013,28.727,238.255,26,False,True
CISO,demand,eia,7,21,529.999,361.606,726.405,186,CISO|demand|eia|m7|h21,239.536,290.462,122.975,484.299,31,False,True
CISO,demand,eia,8,21,387.993,301.509,475.884,186,CISO|demand|eia|m8|h21,243.835,144.158,54.222,234.604,32,False,True
CISO,demand,eia,9,21,364.151,279.269,448.714,179,CISO|demand|eia|m9|h21,245.725,118.426,36.085,200.757,32,False,True
CISO,demand,eia,10,21,359.943,310.456,407.583,186,CISO|demand|eia|m10|h21,274.270,85.673,39.518,129.675,32,False,True
CISO,demand,eia,11,21,461.118,353.888,591.014,178,CISO|demand|eia|m11|h21,270.957,190.160,85.490,320.666,31,False,True
CISO,demand,eia,12,21,460.792,381.553,546.608,185,CISO|demand|eia|m12|h21,268.550,192.242,115.317,276.924,32,False,True
CISO,demand,eia,1,22,292.576,199.273,389.315,155,CISO|demand|eia|m1|h22,266.516,26.059,-68.631,121.945,27,False,False
CISO,demand,eia,2,22,311.449,239.643,389.796,142,CISO|demand|eia|m2|h22,249.021,62.428,-12.735,144.643,24,False,False
CISO,demand,eia,3,22,190.656,117.094,262.136,155,CISO|demand|eia|m3|h22,213.793,-23.137,-109.104,59.674,26,False,False
CISO,demand,eia,4,22,186.733,86.536,275.256,150,CISO|demand|eia|m4|h22,196.226,-9.492,-121.262,86.756,25,False,False
CISO,demand,eia,5,22,207.827,133.116,280.901,155,CISO|demand|eia|m5|h22,162.674,45.153,-32.514,120.086,27,False,False
CISO,demand,eia,6,22,280.351,223.197,349.377,151,CISO|demand|eia|m6|h22,199.846,80.505,20.039,150.819,26,False,True
CISO,demand,eia,7,22,204.485,113.102,295.552,186,CISO|demand|eia|m7|h22,240.054,-35.569,-128.961,57.278,31,False,False
CISO,demand,eia,8,22,289.038,220.481,380.373,185,CISO|demand|eia|m8|h22,244.961,44.077,-27.297,135.198,32,False,False
CISO,demand,eia,9,22,377.495,319.361,447.130,180,CISO|demand|eia|m9|h22,249.128,128.366,66.398,201.705,32,False,True
CISO,demand,eia,10,22,353.271,250.852,428.598,186,CISO|demand|eia|m10|h22,282.181,71.090,-29.297,141.936,32,False,False
CISO,demand,eia,11,22,354.733,285.305,430.314,176,CISO|demand|eia|m11|h22,275.152,79.581,5.770,155.190,31,False,True
CISO,demand,eia,12,22,295.252,213.375,396.136,185,CISO|demand|eia|m12|h22,272.714,22.538,-62.548,123.211,32,False,False
CISO,demand,eia,1,23,204.437,107.389,307.046,155,CISO|demand|eia|m1|h23,269.835,-65.398,-164.202,40.504,27,False,False
CISO,demand,eia,2,23,157.718,53.325,261.846,142,CISO|demand|eia|m2|h23,254.952,-97.234,-200.979,4.248,24,False,False
CISO,demand,eia,3,23,179.023,64.112,290.574,155,CISO|demand|eia|m3|h23,218.905,-39.883,-165.101,80.901,26,False,False
CISO,demand,eia,4,23,270.429,181.991,369.195,150,CISO|demand|eia|m4|h23,199.834,70.594,-17.731,167.001,25,False,False
CISO,demand,eia,5,23,390.010,296.309,453.291,155,CISO|demand|eia|m5|h23,160.823,229.186,132.688,294.674,27,False,True
CISO,demand,eia,6,23,408.999,333.811,490.253,151,CISO|demand|eia|m6|h23,197.644,211.356,129.502,300.220,26,False,True
CISO,demand,eia,7,23,329.513,261.681,423.488,186,CISO|demand|eia|m7|h23,239.252,90.262,20.696,188.231,31,False,True
CISO,demand,eia,8,23,384.773,288.353,480.632,185,CISO|demand|eia|m8|h23,246.123,138.650,40.251,236.266,32,False,True
CISO,demand,eia,9,23,266.701,136.550,506.250,180,CISO|demand|eia|m9|h23,250.815,15.886,-115.067,254.216,32,False,False
CISO,demand,eia,10,23,366.087,274.356,449.212,186,CISO|demand|eia|m10|h23,287.904,78.183,-17.624,163.951,32,False,False
CISO,demand,eia,11,23,299.360,198.266,392.659,176,CISO|demand|eia|m11|h23,281.492,17.869,-88.747,112.676,31,False,False
CISO,demand,eia,12,23,291.031,178.996,437.815,185,CISO|demand|eia|m12|h23,278.174,12.857,-101.405,162.770,32,False,False
CISO,fossil_gen,derived,1,0,408.675,407.914,409.632,155,CISO|fossil_gen|derived|m1|h00,274.161,134.514,126.288,143.537,27,False,True
CISO,fossil_gen,derived,2,0,409.242,408.527,410.225,142,CISO|fossil_gen|derived|m2|h00,258.611,150.631,139.450,163.604,24,False,True
CISO,fossil_gen,derived,3,0,409.742,408.822,411.292,155,CISO|fossil_gen|derived|m3|h00,222.080,187.662,168.968,206.030,26,False,True
CISO,fossil_gen,derived,4,0,408.244,406.853,409.287,150,CISO|fossil_gen|derived|m4|h00,204.799,203.446,187.968,218.353,25,False,True
CISO,fossil_gen,derived,5,0,408.693,408.260,409.011,155,CISO|fossil_gen|derived|m5|h00,159.305,249.387,233.711,267.160,27,False,True
CISO,fossil_gen,derived,6,0,408.868,408.579,409.148,150,CISO|fossil_gen|derived|m6|h00,192.980,215.888,197.432,233.466,25,False,True
CISO,fossil_gen,derived,7,0,408.662,408.519,408.822,186,CISO|fossil_gen|derived|m7|h00,236.609,172.052,159.380,187.898,31,False,True
CISO,fossil_gen,derived,8,0,408.857,408.603,409.170,186,CISO|fossil_gen|derived|m8|h00,247.910,160.947,150.869,171.906,32,False,True
CISO,fossil_gen,derived,9,0,408.761,408.569,408.931,180,CISO|fossil_gen|derived|m9|h00,250.119,158.642,147.720,169.981,32,False,True
CISO,fossil_gen,derived,10,0,408.584,408.164,408.819,186,CISO|fossil_gen|derived|m10|h00,291.824,116.760,106.258,126.767,32,False,True
CISO,fossil_gen,derived,11,0,408.805,408.499,409.129,176,CISO|fossil_gen|derived|m11|h00,286.139,122.666,111.970,133.497,31,False,True
CISO,fossil_gen,derived,12,0,408.533,407.091,409.750,186,CISO|fossil_gen|derived|m12|h00,283.690,124.844,114.917,136.426,32,False,True
CISO,fossil_gen,derived,1,1,409.827,408.938,411.727,154,CISO|fossil_gen|derived|m1|h01,275.827,134.000,125.286,144.266,27,False,True
CISO,fossil_gen,derived,2,1,409.042,408.370,410.155,142,CISO|fossil_gen|derived|m2|h01,259.460,149.583,138.274,162.014,24,False,True
CISO,fossil_gen,derived,3,1,408.615,408.173,408.967,155,CISO|fossil_gen|derived|m3|h01,222.259,186.356,167.300,204.806,26,False,True
CISO,fossil_gen,derived,4,1,409.942,408.446,412.060,150,CISO|fossil_gen|derived|m4|h01,205.974,203.968,190.059,219.024,25,False,True
CISO,fossil_gen,derived,5,1,408.608,408.138,409.029,155,CISO|fossil_gen|derived|m5|h01,156.880,251.728,234.902,270.374,27,False,True
CISO,fossil_gen,derived,6,1,408.524,408.049,408.857,150,CISO|fossil_gen|derived|m6|h01,186.222,222.302,204.039,239.871,25,False,True
CISO,fossil_gen,derived,7,1,408.687,408.203,409.125,186,CISO|fossil_gen|derived|m7|h01,233.100,175.587,160.825,193.648,31,False,True
CISO,fossil_gen,derived,8,1,409.949,408.666,411.286,185,CISO|fossil_gen|derived|m8|h01,245.511,164.438,153.055,176.544,32,False,True
CISO,fossil_gen,derived,9,1,408.807,408.676,408.983,180,CISO|fossil_gen|derived|m9|h01,249.250,159.557,147.655,171.792,32,False,True
CISO,fossil_gen,derived,10,1,408.653,408.293,408.898,186,CISO|fossil_gen|derived|m10|h01,293.224,115.428,103.942,126.455,32,False,True
CISO,fossil_gen,derived,11,1,407.439,406.031,409.078,184,CISO|fossil_gen|derived|m11|h01,287.067,120.372,109.589,130.741,31,False,True
CISO,fossil_gen,derived,12,1,408.998,408.647,409.530,186,CISO|fossil_gen|derived|m12|h01,285.493,123.505,113.140,135.387,32,False,True
CISO,fossil_gen,derived,1,2,409.773,408.307,411.778,154,CISO|fossil_gen|derived|m1|h02,279.688,130.084,120.061,141.003,27,False,True
CISO,fossil_gen,derived,2,2,409.650,408.640,410.874,142,CISO|fossil_gen|derived|m2|h02,261.048,148.602,136.808,161.604,24,False,True
CISO,fossil_gen,derived,3,2,408.874,408.494,409.269,150,CISO|fossil_gen|derived|m3|h02,225.308,183.566,165.662,203.838,26,False,True
CISO,fossil_gen,derived,4,2,409.400,408.773,410.291,150,CISO|fossil_gen|derived|m4|h02,208.486,200.914,187.172,215.763,25,False,True
CISO,fossil_gen,derived,5,2,408.429,406.948,410.218,155,CISO|fossil_gen|derived|m5|h02,154.772,253.657,237.412,271.147,27,False,True
CISO,fossil_gen,derived,6,2,408.706,408.520,408.940,150,CISO|fossil_gen|derived|m6|h02,182.585,226.121,206.785,243.565,25,False,True
CISO,fossil_gen,derived,7,2,408.618,408.372,408.953,186,CISO|fossil_gen|derived|m7|h02,233.467,175.150,160.095,194.413,31,False,True
CISO,fossil_gen,derived,8,2,409.096,408.808,409.474,185,CISO|fossil_gen|derived|m8|h02,246.235,162.861,151.317,175.961,32,False,True
CISO,fossil_gen,derived,9,2,408.873,408.504,409.214,180,CISO|fossil_gen|derived|m9|h02,250.302,158.571,146.860,171.062,32,False,True
CISO,fossil_gen,derived,10,2,408.572,408.217,408.803,186,CISO|fossil_gen|derived|m10|h02,297.860,110.712,99.213,123.256,32,False,True
CISO,fossil_gen,derived,11,2,408.667,407.918,409.146,178,CISO|fossil_gen|derived|m11|h02,291.839,116.828,104.372,127.868,31,False,True
CISO,fossil_gen,derived,12,2,409.112,408.717,409.649,186,CISO|fossil_gen|derived|m12|h02,289.884,119.228,107.507,132.267,32,False,True
CISO,fossil_gen,derived,1,3,409.538,407.828,412.083,155,CISO|fossil_gen|derived|m1|h03,279.448,130.090,119.800,142.367,27,False,True
CISO,fossil_gen,derived,2,3,408.539,407.002,410.068,142,CISO|fossil_gen|derived|m2|h03,261.296,147.243,136.195,161.110,24,False,True
CISO,fossil_gen,derived,3,3,408.526,408.144,408.818,155,CISO|fossil_gen|derived|m3|h03,225.170,183.356,165.776,202.233,26,False,True
CISO,fossil_gen,derived,4,3,408.661,406.038,410.736,150,CISO|fossil_gen|derived|m4|h03,209.486,199.175,185.114,213.016,25,False,True
CISO,fossil_gen,derived,5,3,410.850,409.302,413.379,153,CISO|fossil_gen|derived|m5|h03,154.479,256.371,239.711,273.161,27,False,True
CISO,fossil_gen,derived,6,3,408.857,408.608,409.150,149,CISO|fossil_gen|derived|m6|h03,180.327,228.529,210.321,246.102,25,False,True
CISO,fossil_gen,derived,7,3,408.526,407.939,408.968,186,CISO|fossil_gen|derived|m7|h03,234.259,174.268,157.446,193.972,31,False,True
CISO,fossil_gen,derived,8,3,408.876,408.533,409.339,186,CISO|fossil_gen|derived|m8|h03,247.648,161.228,149.257,174.248,32,False,True
CISO,fossil_gen,derived,9,3,409.216,408.630,409.891,180,CISO|fossil_gen|derived|m9|h03,252.290,156.926,144.932,169.306,32,False,True
CISO,fossil_gen,derived,10,3,408.564,408.077,409.004,186,CISO|fossil_gen|derived|m10|h03,301.025,107.540,96.010,119.536,32,False,True
CISO,fossil_gen,derived,11,3,408.628,407.784,409.317,178,CISO|fossil_gen|derived|m11|h03,292.719,115.909,104.609,126.758,31,False,True
CISO,fossil_gen,derived,12,3,409.730,408.920,410.857,186,CISO|fossil_gen|derived|m12|h03,291.002,118.729,106.857,132.582,32,False,True
CISO,fossil_gen,derived,1,4,408.689,407.935,409.253,155,CISO|fossil_gen|derived|m1|h04,276.425,132.263,121.789,143.294,27,False,True
CISO,fossil_gen,derived,2,4,408.273,407.488,408.844,142,CISO|fossil_gen|derived|m2|h04,258.295,149.978,137.482,163.121,24,False,True
CISO,fossil_gen,derived,3,4,408.215,407.621,408.742,155,CISO|fossil_gen|derived|m3|h04,223.202,185.013,168.719,203.161,26,False,True
CISO,fossil_gen,derived,4,4,409.583,408.613,411.087,150,CISO|fossil_gen|derived|m4|h04,209.729,199.855,186.166,213.920,25,False,True
CISO,fossil_gen,derived,5,4,408.839,408.147,409.909,150,CISO|fossil_gen|derived|m5|h04,154.616,254.223,238.610,271.340,27,False,True
CISO,fossil_gen,derived,6,4,408.448,407.934,408.853,148,CISO|fossil_gen|derived|m6|h04,181.862,226.585,207.387,244.614,25,False,True
CISO,fossil_gen,derived,7,4,408.648,408.198,408.970,185,CISO|fossil_gen|derived|m7|h04,234.213,174.435,157.692,195.763,31,False,True
CISO,fossil_gen,derived,8,4,408.452,408.016,408.849,186,CISO|fossil_gen|derived|m8|h04,247.536,160.916,149.304,173.333,32,False,True
CISO,fossil_gen,derived,9,4,408.894,407.836,409.767,180,CISO|fossil_gen|derived|m9|h04,252.403,156.491,144.357,168.558,32,False,True
CISO,fossil_gen,derived,10,4,408.299,406.770,409.572,186,CISO|fossil_gen|derived|m10|h04,300.159,108.140,97.269,119.998,32,False,True
CISO,fossil_gen,derived,11,4,409.048,408.685,409.583,178,CISO|fossil_gen|derived|m11|h04,289.924,119.124,109.027,130.077,31,False,True
CISO,fossil_gen,derived,12,4,409.304,408.444,410.141,186,CISO|fossil_gen|derived|m12|h04,287.778,121.526,110.225,133.826,32,False,True
CISO,fossil_gen,derived,1,5,409.206,408.284,410.052,155,CISO|fossil_gen|derived|m1|h05,272.564,136.642,127.240,146.880,27,False,True
CISO,fossil_gen,derived,2,5,408.633,408.208,409.337,142,CISO|fossil_gen|derived|m2|h05,252.558,156.076,143.993,170.278,24,False,True
CISO,fossil_gen,derived,3,5,409.320,408.801,410.187,155,CISO|fossil_gen|derived|m3|h05,222.238,187.082,170.707,206.026,26,False,True
CISO,fossil_gen,derived,4,5,408.698,407.281,410.400,150,CISO|fossil_gen|derived|m4|h05,209.702,198.995,185.912,213.451,25,False,True
CISO,fossil_gen,derived,5,5,408.929,408.007,409.903,150,CISO|fossil_gen|derived|m5|h05,155.600,253.329,236.569,271.647,27,False,True
CISO,fossil_gen,derived,6,5,409.178,408.798,409.750,148,CISO|fossil_gen|derived|m6|h05,179.902,229.276,209.206,246.036,25,False,True
CISO,fossil_gen,derived,7,5,409.077,408.359,410.091,185,CISO|fossil_gen|derived|m7|h05,234.333,174.744,156.586,194.957,31,False,True
CISO,fossil_gen,derived,8,5,408.440,407.677,409.317,186,CISO|fossil_gen|derived|m8|h05,248.042,160.398,149.207,171.985,32,False,True
CISO,fossil_gen,derived,9,5,409.135,408.254,410.033,180,CISO|fossil_gen|derived|m9|h05,251.954,157.182,145.631,168.404,32,False,True
CISO,fossil_gen,derived,10,5,408.568,408.165,408.949,186,CISO|fossil_gen|derived|m10|h05,295.848,112.720,102.507,123.319,32,False,True
CISO,fossil_gen,derived,11,5,408.737,408.436,409.031,178,CISO|fossil_gen|derived|m11|h05,284.583,124.154,113.906,134.656,31,False,True
CISO,fossil_gen,derived,12,5,408.509,408.109,408.958,186,CISO|fossil_gen|derived|m12|h05,280.148,128.361,117.037,140.248,32,False,True
CISO,fossil_gen,derived,1,6,409.296,408.579,410.088,155,CISO|fossil_gen|derived|m1|h06,265.869,143.427,134.328,152.299,27,False,True
CISO,fossil_gen,derived,2,6,408.619,407.858,409.288,142,CISO|fossil_gen|derived|m2|h06,237.017,171.602,160.418,184.723,24,False,True
CISO,fossil_gen,derived,3,6,408.814,408.595,408.963,155,CISO|fossil_gen|derived|m3|h06,210.928,197.887,183.204,213.735,26,False,True
CISO,fossil_gen,derived,4,6,409.026,408.656,409.696,150,CISO|fossil_gen|derived|m4|h06,191.645,217.381,208.421,226.829,25,False,True
CISO,fossil_gen,derived,5,6,408.994,408.540,409.671,153,CISO|fossil_gen|derived|m5|h06,126.124,282.870,271.954,294.356,27,False,True
CISO,fossil_gen,derived,6,6,408.870,408.675,409.119,150,CISO|fossil_gen|derived|m6|h06,157.547,251.323,234.749,267.674,25,False,True
CISO,fossil_gen,derived,7,6,408.523,408.071,408.906,186,CISO|fossil_gen|derived|m7|h06,214.913,193.610,175.892,214.895,31,False,True
CISO,fossil_gen,derived,8,6,408.832,408.104,409.962,185,CISO|fossil_gen|derived|m8|h06,235.050,173.782,162.298,186.155,32,False,True
CISO,fossil_gen,derived,9,6,408.354,407.358,409.138,180,CISO|fossil_gen|derived|m9|h06,245.806,162.548,150.637,173.933,32,False,True
CISO,fossil_gen,derived,10,6,408.477,408.188,408.716,186,CISO|fossil_gen|derived|m10|h06,288.140,120.338,110.093,130.766,32,False,True
CISO,fossil_gen,derived,11,6,409.134,408.619,409.639,178,CISO|fossil_gen|derived|m11|h06,267.503,141.630,131.478,152.236,31,False,True
CISO,fossil_gen,derived,12,6,409.048,408.526,409.737,186,CISO|fossil_gen|derived|m12|h06,271.093,137.955,127.441,148.846,32,False,True
CISO,fossil_gen,derived,1,7,408.929,408.614,409.349,155,CISO|fossil_gen|derived|m1|h07,230.115,178.814,164.578,194.702,27,False,True
CISO,fossil_gen,derived,2,7,409.203,408.808,409.836,142,CISO|fossil_gen|derived|m2|h07,185.795,223.408,203.978,244.914,24,False,True
CISO,fossil_gen,derived,3,7,408.601,408.305,408.778,155,CISO|fossil_gen|derived|m3|h07,169.040,239.561,224.331,255.967,26,False,True
CISO,fossil_gen,derived,4,7,408.662,408.077,409.062,150,CISO|fossil_gen|derived|m4|h07,141.836,266.826,256.605,276.006,25,False,True
CISO,fossil_gen,derived,5,7,408.676,408.305,409.101,155,CISO|fossil_gen|derived|m5|h07,100.565,308.111,297.408,318.136,27,False,True
CISO,fossil_gen,derived,6,7,408.840,408.510,409.158,150,CISO|fossil_gen|derived|m6|h07,130.333,278.507,263.243,293.609,25,False,True
CISO,fossil_gen,derived,7,7,408.444,407.813,408.955,186,CISO|fossil_gen|derived|m7|h07,184.636,223.808,204.568,245.211,31,False,True
CISO,fossil_gen,derived,8,7,408.548,407.832,409.062,185,CISO|fossil_gen|derived|m8|h07,199.188,209.360,196.402,222.622,32,False,True
CISO,fossil_gen,derived,9,7,408.473,408.105,408.795,180,CISO|fossil_gen|derived|m9|h07,207.755,200.718,186.785,215.275,32,False,True
CISO,fossil_gen,derived,10,7,408.968,408.751,409.240,186,CISO|fossil_gen|derived|m10|h07,254.378,154.590,144.006,165.241,32,False,True
CISO,fossil_gen,derived,11,7,408.544,408.279,408.746,178,CISO|fossil_gen|derived|m11|h07,223.410,185.135,170.727,201.536,31,False,True
CISO,fossil_gen,derived,12,7,408.927,408.510,409.546,186,CISO|fossil_gen|derived|m12|h07,242.699,166.228,154.913,178.033,32,False,True
CISO,fossil_gen,derived,1,8,409.012,408.682,409.499,155,CISO|fossil_gen|derived|m1|h08,191.275,217.737,197.454,240.927,27,False,True
CISO,fossil_gen,derived,2,8,408.782,408.477,409.159,142,CISO|fossil_gen|derived|m2|h08,150.197,258.585,239.334,278.359,24,False,True
CISO,fossil_gen,derived,3,8,408.764,408.538,408.939,155,CISO|fossil_gen|derived|m3|h08,135.564,273.200,258.860,287.687,26,False,True
CISO,fossil_gen,derived,4,8,409.560,408.700,410.670,150,CISO|fossil_gen|derived|m4|h08,111.142,298.418,288.618,306.990,25,False,True
CISO,fossil_gen,derived,5,8,408.648,408.190,409.025,155,CISO|fossil_gen|derived|m5|h08,90.957,317.691,311.458,323.734,27,False,True
CISO,fossil_gen,derived,6,8,408.579,408.040,409.060,150,CISO|fossil_gen|derived|m6|h08,122.819,285.760,272.636,298.165,25,False,True
CISO,fossil_gen,derived,7,8,408.636,408.008,409.006,186,CISO|fossil_gen|derived|m7|h08,171.125,237.511,219.907,256.576,31,False,True
CISO,fossil_gen,derived,8,8,408.279,407.262,409.067,184,CISO|fossil_gen|derived|m8|h08,176.851,231.428,218.833,244.300,32,False,True
CISO,fossil_gen,derived,9,8,408.930,408.758,409.132,180,CISO|fossil_gen|derived|m9|h08,173.602,235.327,221.018,248.788,32,False,True
CISO,fossil_gen,derived,10,8,408.784,408.710,408.861,186,CISO|fossil_gen|derived|m10|h08,205.939,202.845,191.956,213.845,32,False,True
CISO,fossil_gen,derived,11,8,408.730,408.550,408.974,178,CISO|fossil_gen|derived|m11|h08,184.233,224.497,210.311,238.531,31,False,True
CISO,fossil_gen,derived,12,8,409.075,408.594,409.707,186,CISO|fossil_gen|derived|m12|h08,214.936,194.139,181.352,206.645,32,False,True
CISO,fossil_gen,derived,1,9,409.204,408.912,409.683,155,CISO|fossil_gen|derived|m1|h09,167.440,241.764,223.392,261.353,27,False,True
CISO,fossil_gen,derived,2,9,408.869,408.382,409.285,142,CISO|fossil_gen|derived|m2|h09,131.863,277.006,261.818,291.971,24,False,True
CISO,fossil_gen,derived,3,9,408.563,408.302,408.720,154,CISO|fossil_gen|derived|m3|h09,119.435,289.127,277.317,300.351,26,False,True
CISO,fossil_gen,derived,4,9,408.914,408.334,409.528,149,CISO|fossil_gen|derived|m4|h09,103.084,305.829,299.240,312.381,25,False,True
CISO,fossil_gen,derived,5,9,408.980,408.578,409.348,155,CISO|fossil_gen|derived|m5|h09,93.398,315.582,310.090,321.258,27,False,True
CISO,fossil_gen,derived,6,9,408.735,408.393,409.050,150,CISO|fossil_gen|derived|m6|h09,125.861,282.874,270.946,293.930,25,False,True
CISO,fossil_gen,derived,7,9,408.901,408.750,409.094,186,CISO|fossil_gen|derived|m7|h09,166.301,242.599,226.949,261.377,31,False,True
CISO,fossil_gen,derived,8,9,408.786,408.512,409.098,183,CISO|fossil_gen|derived|m8|h09,167.342,241.444,230.938,252.344,32,False,True
CISO,fossil_gen,derived,9,9,409.056,408.814,409.410,180,CISO|fossil_gen|derived|m9|h09,159.635,249.421,235.214,261.314,32,False,True
CISO,fossil_gen,derived,10,9,408.698,408.404,409.015,186,CISO|fossil_gen|derived|m10|h09,181.755,226.943,216.964,237.017,32,False,True
CISO,fossil_gen,derived,11,9,408.862,408.718,409.071,178,CISO|fossil_gen|derived|m11|h09,165.180,243.682,233.246,255.032,31,False,True
CISO,fossil_gen,derived,12,9,408.643,408.168,408.893,186,CISO|fossil_gen|derived|m12|h09,194.592,214.051,205.265,223.367,32,False,True
CISO,fossil_gen,derived,1,10,408.583,408.151,408.884,155,CISO|fossil_gen|derived|m1|h10,159.704,248.879,232.035,265.989,27,False,True
CISO,fossil_gen,derived,2,10,409.030,408.446,409.771,142,CISO|fossil_gen|derived|m2|h10,129.845,279.185,265.775,293.891,24,False,True
CISO,fossil_gen,derived,3,10,409.079,408.790,409.788,154,CISO|fossil_gen|derived|m3|h10,114.566,294.513,283.321,304.933,26,False,True
CISO,fossil_gen,derived,4,10,408.568,407.899,409.147,149,CISO|fossil_gen|derived|m4|h10,103.213,305.355,298.545,312.035,25,False,True
CISO,fossil_gen,derived,5,10,408.592,407.593,409.424,154,CISO|fossil_gen|derived|m5|h10,97.037,311.555,304.573,319.002,27,False,True
CISO,fossil_gen,derived,6,10,408.498,407.930,409.031,149,CISO|fossil_gen|derived|m6|h10,127.653,280.845,269.381,291.841,25,False,True
CISO,fossil_gen,derived,7,10,409.329,408.846,410.089,186,CISO|fossil_gen|derived|m7|h10,163.128,246.201,231.767,263.040,31,False,True
CISO,fossil_gen,derived,8,10,408.475,407.745,408.955,185,CISO|fossil_gen|derived|m8|h10,164.035,244.440,235.037,254.040,32,False,True
CISO,fossil_gen,derived,9,10,408.856,408.332,409.560,180,CISO|fossil_gen|derived|m9|h10,158.201,250.655,238.290,262.261,32,False,True
CISO,fossil_gen,derived,10,10,408.818,408.577,409.237,186,CISO|fossil_gen|derived|m10|h10,177.502,231.316,221.495,241.494,32,False,True
CISO,fossil_gen,derived,11,10,408.809,408.581,408.991,177,CISO|fossil_gen|derived|m11|h10,163.627,245.182,234.851,255.873,31,False,True
CISO,fossil_gen,derived,12,10,408.742,408.435,408.937,186,CISO|fossil_gen|derived|m12|h10,190.154,218.588,211.068,226.622,32,False,True
CISO,fossil_gen,derived,1,11,408.883,408.072,409.791,155,CISO|fossil_gen|derived|m1|h11,161.931,246.952,230.176,265.313,27,False,True
CISO,fossil_gen,derived,2,11,409.545,408.807,410.647,142,CISO|fossil_gen|derived|m2|h11,133.987,275.558,260.905,290.741,24,False,True
CISO,fossil_gen,derived,3,11,408.955,408.538,409.737,155,CISO|fossil_gen|derived|m3|h11,116.834,292.122,280.837,303.853,26,False,True
CISO,fossil_gen,derived,4,11,409.380,408.470,410.801,149,CISO|fossil_gen|derived|m4|h11,106.192,303.188,293.638,312.722,25,False,True
CISO,fossil_gen,derived,5,11,409.414,408.459,410.812,154,CISO|fossil_gen|derived|m5|h11,100.425,308.989,299.074,318.809,27,False,True
CISO,fossil_gen,derived,6,11,408.685,406.781,410.225,149,CISO|fossil_gen|derived|m6|h11,126.545,282.140,270.421,294.216,25,False,True
CISO,fossil_gen,derived,7,11,408.877,408.501,409.252,186,CISO|fossil_gen|derived|m7|h11,161.205,247.671,233.873,264.699,31,False,True
CISO,fossil_gen,derived,8,11,408.569,408.256,408.771,186,CISO|fossil_gen|derived|m8|h11,163.364,245.205,237.252,253.622,32,False,True
CISO,fossil_gen,derived,9,11,409.080,408.740,409.552,180,CISO|fossil_gen|derived|m9|h11,157.879,251.201,239.115,262.859,32,False,True
CISO,fossil_gen,derived,10,11,408.397,407.243,409.377,185,CISO|fossil_gen|derived|m10|h11,176.601,231.795,221.555,242.114,32,False,True
CISO,fossil_gen,derived,11,11,409.277,408.268,410.536,175,CISO|fossil_gen|derived|m11|h11,166.589,242.688,231.581,254.715,31,False,True
CISO,fossil_gen,derived,12,11,408.738,408.164,409.207,186,CISO|fossil_gen|derived|m12|h11,192.639,216.100,207.251,225.267,32,False,True
CISO,fossil_gen,derived,1,12,408.657,408.002,409.185,155,CISO|fossil_gen|derived|m1|h12,164.743,243.914,226.387,262.348,27,False,True
CISO,fossil_gen,derived,2,12,409.700,408.215,411.383,142,CISO|fossil_gen|derived|m2|h12,136.158,273.543,257.701,288.936,24,False,True
CISO,fossil_gen,derived,3,12,409.248,408.525,410.184,155,CISO|fossil_gen|derived|m3|h12,118.376,290.872,277.794,303.885,26,False,True
CISO,fossil_gen,derived,4,12,408.941,408.304,409.611,149,CISO|fossil_gen|derived|m4|h12,107.980,300.961,289.803,312.488,25,False,True
CISO,fossil_gen,derived,5,12,409.014,408.798,409.363,155,CISO|fossil_gen|derived|m5|h12,100.531,308.483,297.171,320.168,27,False,True
CISO,fossil_gen,derived,6,12,408.718,408.394,409.040,150,CISO|fossil_gen|derived|m6|h12,125.852,282.866,270.923,294.456,25,False,True
CISO,fossil_gen,derived,7,12,408.745,408.483,409.045,185,CISO|fossil_gen|derived|m7|h12,159.329,249.416,235.755,264.472,31,False,True
CISO,fossil_gen,derived,8,12,408.600,408.280,408.889,186,CISO|fossil_gen|derived|m8|h12,163.836,244.764,236.600,252.808,32,False,True
CISO,fossil_gen,derived,9,12,408.675,408.498,408.823,180,CISO|fossil_gen|derived|m9|h12,158.768,249.907,238.595,261.612,32,False,True
CISO,fossil_gen,derived,10,12,408.956,408.602,409.593,185,CISO|fossil_gen|derived|m10|h12,174.933,234.023,224.610,243.633,32,False,True
CISO,fossil_gen,derived,11,12,408.488,407.354,409.222,176,CISO|fossil_gen|derived|m11|h12,167.121,241.367,228.812,253.131,31,False,True
CISO,fossil_gen,derived,12,12,408.127,406.936,408.898,186,CISO|fossil_gen|derived|m12|h12,194.927,213.200,204.237,222.837,32,False,True
CISO,fossil_gen,derived,1,13,408.496,406.935,409.816,155,CISO|fossil_gen|derived|m1|h13,167.139,241.357,225.298,258.932,27,False,True
CISO,fossil_gen,derived,2,13,409.054,408.330,409.815,142,CISO|fossil_gen|derived|m2|h13,136.857,272.197,256.369,288.760,24,False,True
CISO,fossil_gen,derived,3,13,409.140,408.718,409.394,155,CISO|fossil_gen|derived|m3|h13,118.890,290.250,277.752,303.179,26,False,True
CISO,fossil_gen,derived,4,13,407.954,406.827,408.710,148,CISO|fossil_gen|derived|m4|h13,108.913,299.041,286.621,311.091,25,False,True
CISO,fossil_gen,derived,5,13,408.608,407.142,409.933,155,CISO|fossil_gen|derived|m5|h13,98.288,310.320,299.137,321.083,27,False,True
CISO,fossil_gen,derived,6,13,408.951,408.687,409.251,150,CISO|fossil_gen|derived|m6|h13,124.343,284.608,271.328,297.195,25,False,True
CISO,fossil_gen,derived,7,13,408.696,408.286,409.065,185,CISO|fossil_gen|derived|m7|h13,158.465,250.231,236.300,265.865,31,False,True
CISO,fossil_gen,derived,8,13,409.095,408.753,409.616,185,CISO|fossil_gen|derived|m8|h13,165.154,243.941,235.286,252.290,32,False,True
CISO,fossil_gen,derived,9,13,408.547,408.120,408.825,180,CISO|fossil_gen|derived|m9|h13,158.538,250.008,237.753,262.700,32,False,True
CISO,fossil_gen,derived,10,13,408.609,408.135,409.096,185,CISO|fossil_gen|derived|m10|h13,171.081,237.528,228.765,247.182,32,False,True
CISO,fossil_gen,derived,11,13,408.499,407.518,409.332,178,CISO|fossil_gen|derived|m11|h13,166.955,241.544,230.329,252.322,31,False,True
CISO,fossil_gen,derived,12,13,409.292,408.650,410.180,186,CISO|fossil_gen|derived|m12|h13,197.140,212.152,204.132,220.187,32,False,True
CISO,fossil_gen,derived,1,14,409.500,408.418,411.012,155,CISO|fossil_gen|derived|m1|h14,173.727,235.772,220.614,252.154,27,False,True
CISO,fossil_gen,derived,2,14,408.990,408.164,409.851,142,CISO|fossil_gen|derived|m2|h14,139.133,269.856,255.368,285.165,24,False,True
CISO,fossil_gen,derived,3,14,408.767,408.354,409.214,155,CISO|fossil_gen|derived|m3|h14,120.037,288.730,276.758,301.321,26,False,True
CISO,fossil_gen,derived,4,14,410.764,408.616,414.006,148,CISO|fossil_gen|derived|m4|h14,107.829,302.935,290.409,314.327,25,False,True
CISO,fossil_gen,derived,5,14,409.506,409.048,410.220,155,CISO|fossil_gen|derived|m5|h14,96.031,313.475,302.709,322.914,27,False,True
CISO,fossil_gen,derived,6,14,408.791,408.553,408.988,150,CISO|fossil_gen|derived|m6|h14,123.193,285.598,270.215,299.612,25,False,True
CISO,fossil_gen,derived,7,14,408.728,408.570,408.869,186,CISO|fossil_gen|derived|m7|h14,161.194,247.534,232.927,261.892,31,False,True
CISO,fossil_gen,derived,8,14,408.842,408.695,408.957,184,CISO|fossil_gen|derived|m8|h14,168.433,240.408,230.030,250.655,32,False,True
CISO,fossil_gen,derived,9,14,408.939,408.656,409.283,180,CISO|fossil_gen|derived|m9|h14,161.374,247.565,234.122,260.483,32,False,True
CISO,fossil_gen,derived,10,14,408.992,408.670,409.345,184,CISO|fossil_gen|derived|m10|h14,171.231,237.761,228.360,246.951,32,False,True
CISO,fossil_gen,derived,11,14,409.124,408.852,409.580,178,CISO|fossil_gen|derived|m11|h14,174.779,234.344,223.555,244.120,31,False,True
CISO,fossil_gen,derived,12,14,409.066,408.326,409.879,186,CISO|fossil_gen|derived|m12|h14,203.157,205.909,200.535,211.555,32,False,True
CISO,fossil_gen,derived,1,15,408.645,408.238,409.022,155,CISO|fossil_gen|derived|m1|h15,200.267,208.378,194.983,221.116,27,False,True
CISO,fossil_gen,derived,2,15,408.972,408.680,409.385,142,CISO|fossil_gen|derived|m2|h15,157.789,251.183,240.684,261.547,24,False,True
CISO,fossil_gen,derived,3,15,408.775,408.245,409.254,155,CISO|fossil_gen|derived|m3|h15,128.417,280.358,269.208,291.193,26,False,True
CISO,fossil_gen,derived,4,15,408.880,408.241,409.638,146,CISO|fossil_gen|derived|m4|h15,107.468,301.412,292.400,309.755,25,False,True
CISO,fossil_gen,derived,5,15,408.800,408.051,409.417,155,CISO|fossil_gen|derived|m5|h15,97.200,311.600,304.291,319.259,27,False,True
CISO,fossil_gen,derived,6,15,408.669,408.461,408.876,150,CISO|fossil_gen|derived|m6|h15,126.470,282.199,264.797,298.334,25,False,True
CISO,fossil_gen,derived,7,15,408.839,408.670,409.042,186,CISO|fossil_gen|derived|m7|h15,167.014,241.824,228.538,257.171,31,False,True
CISO,fossil_gen,derived,8,15,408.753,408.532,408.931,183,CISO|fossil_gen|derived|m8|h15,174.287,234.465,222.973,246.920,32,False,True
CISO,fossil_gen,derived,9,15,408.685,408.246,409.062,176,CISO|fossil_gen|derived|m9|h15,167.139,241.546,226.445,255.983,32,False,True
CISO,fossil_gen,derived,10,15,408.581,408.108,409.057,183,CISO|fossil_gen|derived|m10|h15,177.677,230.904,220.579,240.238,32,False,True
CISO,fossil_gen,derived,11,15,408.858,408.735,408.963,178,CISO|fossil_gen|derived|m11|h15,205.556,203.303,184.920,221.343,31,False,True
CISO,fossil_gen,derived,12,15,408.808,408.690,408.926,185,CISO|fossil_gen|derived|m12|h15,227.295,181.513,168.390,193.992,32,False,True
CISO,fossil_gen,derived,1,16,408.887,408.654,409.138,155,CISO|fossil_gen|derived|m1|h16,235.389,173.499,156.938,188.258,27,False,True
CISO,fossil_gen,derived,2,16,408.743,408.386,409.019,142,CISO|fossil_gen|derived|m2|h16,198.165,210.578,192.775,228.519,24,False,True
CISO,fossil_gen,derived,3,16,409.096,408.826,409.593,155,CISO|fossil_gen|derived|m3|h16,146.166,262.930,244.635,279.463,26,False,True
CISO,fossil_gen,derived,4,16,408.851,408.286,409.178,146,CISO|fossil_gen|derived|m4|h16,114.785,294.066,290.022,298.021,25,False,True
CISO,fossil_gen,derived,5,16,408.910,408.331,409.761,155,CISO|fossil_gen|derived|m5|h16,101.973,306.937,300.214,313.745,27,False,True
CISO,fossil_gen,derived,6,16,408.690,408.414,409.018,149,CISO|fossil_gen|derived|m6|h16,132.526,276.165,256.568,293.383,25,False,True
CISO,fossil_gen,derived,7,16,408.534,407.824,409.066,181,CISO|fossil_gen|derived|m7|h16,175.099,233.435,220.292,247.710,31,False,True
CISO,fossil_gen,derived,8,16,409.051,408.393,409.806,179,CISO|fossil_gen|derived|m8|h16,181.616,227.436,215.952,240.009,32,False,True
CISO,fossil_gen,derived,9,16,408.715,408.326,408.935,173,CISO|fossil_gen|derived|m9|h16,180.186,228.529,213.438,243.558,32,False,True
CISO,fossil_gen,derived,10,16,408.747,408.612,408.861,183,CISO|fossil_gen|derived|m10|h16,204.086,204.661,189.426,219.645,32,False,True
CISO,fossil_gen,derived,11,16,408.800,408.681,408.898,178,CISO|fossil_gen|derived|m11|h16,235.468,173.332,150.969,196.758,31,False,True
CISO,fossil_gen,derived,12,16,408.732,408.461,408.898,184,CISO|fossil_gen|derived|m12|h16,249.182,159.550,141.512,176.924,32,False,True
CISO,fossil_gen,derived,1,17,409.353,408.769,410.260,155,CISO|fossil_gen|derived|m1|h17,253.440,155.913,146.268,164.946,27,False,True
CISO,fossil_gen,derived,2,17,408.666,408.272,409.038,142,CISO|fossil_gen|derived|m2|h17,225.788,182.878,167.152,199.218,24,False,True
CISO,fossil_gen,derived,3,17,408.474,408.086,408.718,155,CISO|fossil_gen|derived|m3|h17,174.332,234.142,210.964,255.863,26,False,True
CISO,fossil_gen,derived,4,17,408.822,408.620,409.015,148,CISO|fossil_gen|derived|m4|h17,133.239,275.583,265.498,286.497,25,False,True
CISO,fossil_gen,derived,5,17,408.631,407.963,409.077,155,CISO|fossil_gen|derived|m5|h17,113.045,295.586,285.933,304.441,27,False,True
CISO,fossil_gen,derived,6,17,408.328,407.696,408.740,148,CISO|fossil_gen|derived|m6|h17,143.590,264.738,244.791,283.349,25,False,True
CISO,fossil_gen,derived,7,17,408.932,408.535,409.309,178,CISO|fossil_gen|derived|m7|h17,187.481,221.451,208.206,235.035,31,False,True
CISO,fossil_gen,derived,8,17,408.675,408.330,409.062,179,CISO|fossil_gen|derived|m8|h17,198.244,210.431,197.984,223.936,32,False,True
CISO,fossil_gen,derived,9,17,408.999,408.794,409.253,175,CISO|fossil_gen|derived|m9|h17,209.713,199.286,182.321,217.157,32,False,True
CISO,fossil_gen,derived,10,17,408.702,408.480,408.856,185,CISO|fossil_gen|derived|m10|h17,242.037,166.665,145.442,187.658,32,False,True
CISO,fossil_gen,derived,11,17,408.898,408.688,409.240,177,CISO|fossil_gen|derived|m11|h17,255.192,153.706,137.030,170.608,31,False,True
CISO,fossil_gen,derived,12,17,408.996,408.723,409.346,184,CISO|fossil_gen|derived|m12|h17,260.959,148.036,133.383,163.562,32,False,True
CISO,fossil_gen,derived,1,18,409.236,408.795,410.254,155,CISO|fossil_gen|derived|m1|h18,255.909,153.327,143.975,162.091,27,False,True
CISO,fossil_gen,derived,2,18,408.953,408.281,409.863,142,CISO|fossil_gen|derived|m2|h18,233.980,174.973,161.991,187.465,24,False,True
CISO,fossil_gen,derived,3,18,408.825,408.657,409.056,155,CISO|fossil_gen|derived|m3|h18,199.465,209.360,185.659,234.420,26,False,True
CISO,fossil_gen,derived,4,18,408.992,408.697,409.527,150,CISO|fossil_gen|derived|m4|h18,173.128,235.864,213.907,258.806,25,False,True
CISO,fossil_gen,derived,5,18,408.808,408.547,409.017,155,CISO|fossil_gen|derived|m5|h18,142.469,266.338,245.461,285.016,27,False,True
CISO,fossil_gen,derived,6,18,408.682,408.434,408.973,149,CISO|fossil_gen|derived|m6|h18,166.279,242.403,218.014,266.778,26,False,True
CISO,fossil_gen,derived,7,18,408.823,408.180,409.501,182,CISO|fossil_gen|derived|m7|h18,209.128,199.695,187.248,213.613,31,False,True
CISO,fossil_gen,derived,8,18,408.997,408.741,409.339,186,CISO|fossil_gen|derived|m8|h18,224.133,184.864,170.493,201.366,32,False,True
CISO,fossil_gen,derived,9,18,408.920,408.741,409.112,179,CISO|fossil_gen|derived|m9|h18,231.730,177.190,160.434,193.942,32,False,True
CISO,fossil_gen,derived,10,18,408.565,408.315,408.796,186,CISO|fossil_gen|derived|m10|h18,259.134,149.431,132.469,166.437,32,False,True
CISO,fossil_gen,derived,11,18,408.902,408.412,409.377,177,CISO|fossil_gen|derived|m11|h18,258.304,150.598,135.941,166.702,31,False,True
CISO,fossil_gen,derived,12,18,408.811,408.241,409.323,184,CISO|fossil_gen|derived|m12|h18,259.039,149.772,133.867,165.293,32,False,True
CISO,fossil_gen,derived,1,19,408.121,406.027,409.408,155,CISO|fossil_gen|derived|m1|h19,257.213,150.907,141.379,159.439,27,False,True
CISO,fossil_gen,derived,2,19,410.568,408.810,412.987,141,CISO|fossil_gen|derived|m2|h19,235.328,175.240,162.288,188.672,24,False,True
CISO,fossil_gen,derived,3,19,408.779,408.484,409.072,155,CISO|fossil_gen|derived|m3|h19,207.419,201.360,179.862,222.065,26,False,True
CISO,fossil_gen,derived,4,19,408.989,408.701,409.541,150,CISO|fossil_gen|derived|m4|h19,190.374,218.614,198.141,241.378,25,False,True
CISO,fossil_gen,derived,5,19,408.571,408.165,408.868,155,CISO|fossil_gen|derived|m5|h19,161.148,247.423,226.051,269.163,27,False,True
CISO,fossil_gen,derived,6,19,408.645,408.224,409.077,150,CISO|fossil_gen|derived|m6|h19,188.577,220.068,195.733,244.184,26,False,True
CISO,fossil_gen,derived,7,19,408.723,408.545,408.896,185,CISO|fossil_gen|derived|m7|h19,229.231,179.491,166.476,192.742,31,False,True
CISO,fossil_gen,derived,8,19,408.717,408.581,408.835,186,CISO|fossil_gen|derived|m8|h19,238.657,170.060,157.042,184.265,32,False,True
CISO,fossil_gen,derived,9,19,408.990,408.659,409.379,180,CISO|fossil_gen|derived|m9|h19,237.667,171.323,156.683,186.343,32,False,True
CISO,fossil_gen,derived,10,19,408.687,408.582,408.877,186,CISO|fossil_gen|derived|m10|h19,262.110,146.577,131.838,161.483,32,False,True
CISO,fossil_gen,derived,11,19,409.054,408.343,410.404,177,CISO|fossil_gen|derived|m11|h19,261.851,147.203,132.195,162.128,31,False,True
CISO,fossil_gen,derived,12,19,409.218,408.148,410.626,185,CISO|fossil_gen|derived|m12|h19,261.137,148.081,133.955,164.110,32,False,True
CISO,fossil_gen,derived,1,20,407.696,405.131,409.732,155,CISO|fossil_gen|derived|m1|h20,260.669,147.026,137.132,155.676,27,False,True
CISO,fossil_gen,derived,2,20,409.752,407.816,412.367,141,CISO|fossil_gen|derived|m2|h20,240.683,169.069,156.332,182.903,24,False,True
CISO,fossil_gen,derived,3,20,408.846,408.502,409.242,155,CISO|fossil_gen|derived|m3|h20,207.835,201.011,180.388,221.883,26,False,True
CISO,fossil_gen,derived,4,20,408.648,407.875,409.850,150,CISO|fossil_gen|derived|m4|h20,192.941,215.707,196.533,238.170,25,False,True
CISO,fossil_gen,derived,5,20,408.992,408.484,409.428,155,CISO|fossil_gen|derived|m5|h20,164.528,244.464,224.774,263.784,27,False,True
CISO,fossil_gen,derived,6,20,409.056,408.674,409.765,151,CISO|fossil_gen|derived|m6|h20,198.118,210.938,189.249,232.455,26,False,True
CISO,fossil_gen,derived,7,20,408.806,408.632,409.020,186,CISO|fossil_gen|derived|m7|h20,237.109,171.697,159.908,183.227,31,False,True
CISO,fossil_gen,derived,8,20,408.569,408.176,408.887,186,CISO|fossil_gen|derived|m8|h20,241.521,167.048,155.677,179.354,32,False,True
CISO,fossil_gen,derived,9,20,408.651,408.264,409.107,179,CISO|fossil_gen|derived|m9|h20,240.575,168.076,154.788,182.199,32,False,True
CISO,fossil_gen,derived,10,20,408.791,407.807,409.376,186,CISO|fossil_gen|derived|m10|h20,266.286,142.505,127.911,157.497,32,False,True
CISO,fossil_gen,derived,11,20,408.568,407.018,409.871,177,CISO|fossil_gen|derived|m11|h20,267.279,141.289,126.434,156.166,31,False,True
CISO,fossil_gen,derived,12,20,409.313,408.392,410.192,185,CISO|fossil_gen|derived|m12|h20,265.468,143.845,130.144,159.379,32,False,True
CISO,fossil_gen,derived,1,21,408.717,407.694,409.913,155,CISO|fossil_gen|derived|m1|h21,264.471,144.247,135.397,152.032,27,False,True
CISO,fossil_gen,derived,2,21,409.077,408.119,409.963,142,CISO|fossil_gen|derived|m2|h21,245.248,163.830,150.171,177.126,24,False,True
CISO,fossil_gen,derived,3,21,409.467,408.796,410.485,155,CISO|fossil_gen|derived|m3|h21,209.988,199.479,179.682,221.055,26,False,True
CISO,fossil_gen,derived,4,21,408.587,407.997,409.034,150,CISO|fossil_gen|derived|m4|h21,193.292,215.295,195.520,235.634,25,False,True
CISO,fossil_gen,derived,5,21,408.607,408.032,409.163,155,CISO|fossil_gen|derived|m5|h21,163.435,245.172,226.479,264.169,27,False,True
CISO,fossil_gen,derived,6,21,408.797,408.636,408.948,151,CISO|fossil_gen|derived|m6|h21,200.560,208.237,187.668,228.660,26,False,True
CISO,fossil_gen,derived,7,21,408.594,408.336,408.884,186,CISO|fossil_gen|derived|m7|h21,239.269,169.326,158.301,181.633,31,False,True
CISO,fossil_gen,derived,8,21,408.597,408.278,408.910,186,CISO|fossil_gen|derived|m8|h21,243.203,165.394,153.565,177.167,32,False,True
CISO,fossil_gen,derived,9,21,408.688,408.317,408.967,179,CISO|fossil_gen|derived|m9|h21,243.884,164.805,151.673,178.582,32,False,True
CISO,fossil_gen,derived,10,21,408.639,407.825,409.638,186,CISO|fossil_gen|derived|m10|h21,274.035,134.604,120.145,150.813,32,False,True
CISO,fossil_gen,derived,11,21,408.959,408.543,409.444,177,CISO|fossil_gen|derived|m11|h21,270.460,138.499,123.958,152.298,31,False,True
CISO,fossil_gen,derived,12,21,408.142,406.651,409.206,185,CISO|fossil_gen|derived|m12|h21,268.456,139.686,126.234,153.960,32,False,True
CISO,fossil_gen,derived,1,22,409.372,408.628,410.303,155,CISO|fossil_gen|derived|m1|h22,267.469,141.903,132.579,149.821,27,False,True
CISO,fossil_gen,derived,2,22,407.835,406.731,408.839,142,CISO|fossil_gen|derived|m2|h22,249.357,158.478,146.044,171.110,24,False,True
CISO,fossil_gen,derived,3,22,408.888,408.286,409.482,155,CISO|fossil_gen|derived|m3|h22,212.796,196.092,175.738,217.522,26,False,True
CISO,fossil_gen,derived,4,22,408.668,407.987,409.350,150,CISO|fossil_gen|derived|m4|h22,195.411,213.256,193.334,233.857,25,False,True
CISO,fossil_gen,derived,5,22,409.072,408.644,409.507,155,CISO|fossil_gen|derived|m5|h22,161.060,248.012,229.263,266.688,27,False,True
CISO,fossil_gen,derived,6,22,408.777,408.565,408.934,151,CISO|fossil_gen|derived|m6|h22,199.243,209.534,189.971,228.313,26,False,True
CISO,fossil_gen,derived,7,22,408.834,408.516,409.140,186,CISO|fossil_gen|derived|m7|h22,239.563,169.272,158.703,181.265,31,False,True
CISO,fossil_gen,derived,8,22,408.926,408.625,409.284,185,CISO|fossil_gen|derived|m8|h22,244.444,164.483,152.526,177.154,32,False,True
CISO,fossil_gen,derived,9,22,408.713,408.348,408.993,180,CISO|fossil_gen|derived|m9|h22,247.194,161.519,148.944,174.049,32,False,True
CISO,fossil_gen,derived,10,22,409.253,408.725,409.990,186,CISO|fossil_gen|derived|m10|h22,281.944,127.309,113.608,142.091,32,False,True
CISO,fossil_gen,derived,11,22,408.920,408.516,409.419,175,CISO|fossil_gen|derived|m11|h22,274.493,134.427,121.144,148.090,31,False,True
CISO,fossil_gen,derived,12,22,408.526,407.742,409.070,185,CISO|fossil_gen|derived|m12|h22,272.633,135.893,123.013,150.153,32,False,True
CISO,fossil_gen,derived,1,23,407.968,406.448,409.250,155,CISO|fossil_gen|derived|m1|h23,270.760,137.208,128.940,145.637,27,False,True
CISO,fossil_gen,derived,2,23,408.607,408.274,408.916,142,CISO|fossil_gen|derived|m2|h23,255.350,153.256,141.456,166.160,24,False,True
CISO,fossil_gen,derived,3,23,408.945,407.748,410.317,155,CISO|fossil_gen|derived|m3|h23,217.925,191.020,172.584,211.020,26,False,True
CISO,fossil_gen,derived,4,23,409.138,408.510,410.228,150,CISO|fossil_gen|derived|m4|h23,198.979,210.158,194.044,228.058,25,False,True
CISO,fossil_gen,derived,5,23,408.554,407.873,409.222,155,CISO|fossil_gen|derived|m5|h23,159.063,249.491,231.387,266.593,27,False,True
CISO,fossil_gen,derived,6,23,408.894,408.463,409.610,151,CISO|fossil_gen|derived|m6|h23,196.847,212.047,193.532,229.786,26,False,True
CISO,fossil_gen,derived,7,23,408.223,407.696,408.665,186,CISO|fossil_gen|derived|m7|h23,238.597,169.626,157.663,183.677,31,False,True
CISO,fossil_gen,derived,8,23,408.560,408.068,408.972,185,CISO|fossil_gen|derived|m8|h23,245.246,163.314,151.629,174.809,32,False,True
CISO,fossil_gen,derived,9,23,408.815,408.519,409.032,180,CISO|fossil_gen|derived|m9|h23,248.803,160.011,148.688,171.722,32,False,True
CISO,fossil_gen,derived,10,23,408.742,408.603,408.851,186,CISO|fossil_gen|derived|m10|h23,287.643,121.099,108.506,133.679,32,False,True
CISO,fossil_gen,derived,11,23,408.792,407.465,410.193,175,CISO|fossil_gen|derived|m11|h23,280.719,128.073,116.956,139.503,31,False,True
CISO,fossil_gen,derived,12,23,409.113,408.501,409.901,185,CISO|fossil_gen|derived|m12|h23,278.145,130.968,119.285,143.789,32,False,True
CISO,fossil_gen,eia,1,0,405.093,402.782,407.722,155,CISO|fossil_gen|eia|m1|h00,273.220,131.874,123.658,140.572,27,False,True
CISO,fossil_gen,eia,2,0,405.072,403.381,406.939,142,CISO|fossil_gen|eia|m2|h00,258.180,146.892,135.351,159.161,24,False,True
CISO,fossil_gen,eia,3,0,406.772,404.357,409.500,155,CISO|fossil_gen|eia|m3|h00,223.055,183.717,165.963,201.629,26,False,True
CISO,fossil_gen,eia,4,0,403.846,401.993,405.856,150,CISO|fossil_gen|eia|m4|h00,205.667,198.180,183.521,212.704,25,False,True
CISO,fossil_gen,eia,5,0,403.952,401.833,405.735,155,CISO|fossil_gen|eia|m5|h00,161.146,242.806,227.608,259.761,27,False,True
CISO,fossil_gen,eia,6,0,404.747,403.177,406.889,150,CISO|fossil_gen|eia|m6|h00,193.957,210.790,192.225,229.172,25,False,True
CISO,fossil_gen,eia,7,0,405.028,402.710,407.981,186,CISO|fossil_gen|eia|m7|h00,237.363,167.665,154.836,183.990,31,False,True
CISO,fossil_gen,eia,8,0,407.928,405.212,410.697,186,CISO|fossil_gen|eia|m8|h00,248.775,159.153,148.286,170.034,32,False,True
CISO,fossil_gen,eia,9,0,407.852,405.458,410.343,180,CISO|fossil_gen|eia|m9|h00,252.199,155.653,144.674,166.301,32,False,True
CISO,fossil_gen,eia,10,0,407.426,404.487,410.270,186,CISO|fossil_gen|eia|m10|h00,292.133,115.294,105.449,125.335,32,False,True
CISO,fossil_gen,eia,11,0,405.936,404.077,408.083,177,CISO|fossil_gen|eia|m11|h00,287.184,118.752,109.072,128.937,31,False,True
CISO,fossil_gen,eia,12,0,404.906,402.966,407.279,186,CISO|fossil_gen|eia|m12|h00,283.686,121.220,111.632,132.394,32,False,True
CISO,fossil_gen,eia,1,1,405.208,403.560,408.279,154,CISO|fossil_gen|eia|m1|h01,275.151,130.058,121.251,140.671,27,False,True
CISO,fossil_gen,eia,2,1,404.385,402.671,406.936,142,CISO|fossil_gen|eia|m2|h01,259.103,145.282,134.046,158.157,24,False,True
CISO,fossil_gen,eia,3,1,404.239,402.298,405.803,155,CISO|fossil_gen|eia|m3|h01,223.301,180.937,162.066,200.951,26,False,True
CISO,fossil_gen,eia,4,1,406.504,403.568,410.117,150,CISO|fossil_gen|eia|m4|h01,206.963,199.541,184.297,215.685,25,False,True
CISO,fossil_gen,eia,5,1,403.415,402.488,404.759,155,CISO|fossil_gen|eia|m5|h01,158.871,244.544,227.997,262.045,27,False,True
CISO,fossil_gen,eia,6,1,403.926,402.690,405.528,150,CISO|fossil_gen|eia|m6|h01,187.476,216.450,198.193,234.153,25,False,True
CISO,fossil_gen,eia,7,1,403.085,402.153,404.736,186,CISO|fossil_gen|eia|m7|h01,234.062,169.023,155.439,186.505,31,False,True
CISO,fossil_gen,eia,8,1,405.473,403.850,407.763,185,CISO|fossil_gen|eia|m8|h01,246.644,158.830,148.337,170.434,32,False,True
CISO,fossil_gen,eia,9,1,406.574,404.753,409.044,180,CISO|fossil_gen|eia|m9|h01,251.495,155.080,144.246,167.288,32,False,True
CISO,fossil_gen,eia,10,1,404.295,400.349,407.189,186,CISO|fossil_gen|eia|m10|h01,293.695,110.600,99.036,122.564,32,False,True
CISO,fossil_gen,eia,11,1,406.678,405.194,408.580,184,CISO|fossil_gen|eia|m11|h01,287.530,119.148,108.309,129.744,31,False,True
CISO,fossil_gen,eia,12,1,405.542,404.314,407.698,186,CISO|fossil_gen|eia|m12|h01,285.586,119.956,110.084,131.879,32,False,True
CISO,fossil_gen,eia,1,2,406.455,403.754,409.745,154,CISO|fossil_gen|eia|m1|h02,278.896,127.559,117.998,137.792,27,False,True
CISO,fossil_gen,eia,2,2,407.684,405.599,410.553,142,CISO|fossil_gen|eia|m2|h02,260.789,146.895,135.691,160.732,24,False,True
CISO,fossil_gen,eia,3,2,405.031,403.173,407.038,150,CISO|fossil_gen|eia|m3|h02,226.404,178.628,159.400,196.893,26,False,True
CISO,fossil_gen,eia,4,2,405.794,404.098,408.059,150,CISO|fossil_gen|eia|m4|h02,209.589,196.205,181.608,211.205,25,False,True
CISO,fossil_gen,eia,5,2,403.443,401.706,406.080,155,CISO|fossil_gen|eia|m5|h02,156.890,246.554,230.776,264.776,27,False,True
CISO,fossil_gen,eia,6,2,405.534,404.833,406.647,150,CISO|fossil_gen|eia|m6|h02,183.999,221.536,202.798,239.070,25,False,True
CISO,fossil_gen,eia,7,2,404.484,403.471,405.897,186,CISO|fossil_gen|eia|m7|h02,234.559,169.926,154.616,186.957,31,False,True
CISO,fossil_gen,eia,8,2,405.357,403.981,407.278,185,CISO|fossil_gen|eia|m8|h02,247.485,157.872,146.335,169.427,32,False,True
CISO,fossil_gen,eia,9,2,406.744,405.380,408.799,180,CISO|fossil_gen|eia|m9|h02,252.734,154.010,141.571,166.657,32,False,True
CISO,fossil_gen,eia,10,2,408.571,406.910,410.023,186,CISO|fossil_gen|eia|m10|h02,298.488,110.083,98.503,121.681,32,False,True
CISO,fossil_gen,eia,11,2,406.831,405.543,408.095,178,CISO|fossil_gen|eia|m11|h02,292.391,114.440,102.353,125.493,31,False,True
CISO,fossil_gen,eia,12,2,405.547,403.880,407.441,186,CISO|fossil_gen|eia|m12|h02,290.067,115.480,103.829,127.923,32,False,True
CISO,fossil_gen,eia,1,3,405.128,402.031,408.780,155,CISO|fossil_gen|eia|m1|h03,278.645,126.483,116.656,137.937,27,False,True
CISO,fossil_gen,eia,2,3,404.573,402.374,406.943,142,CISO|fossil_gen|eia|m2|h03,260.980,143.593,132.214,156.340,24,False,True
CISO,fossil_gen,eia,3,3,404.658,402.650,406.583,155,CISO|fossil_gen|eia|m3|h03,226.191,178.467,161.170,196.142,26,False,True
CISO,fossil_gen,eia,4,3,404.792,401.141,408.387,150,CISO|fossil_gen|eia|m4|h03,210.550,194.242,180.815,208.423,25,False,True
CISO,fossil_gen,eia,5,3,407.342,404.361,411.700,153,CISO|fossil_gen|eia|m5|h03,156.586,250.756,234.084,269.629,27,False,True
CISO,fossil_gen,eia,6,3,406.068,404.360,407.435,149,CISO|fossil_gen|eia|m6|h03,181.842,224.227,205.528,242.133,25,False,True
CISO,fossil_gen,eia,7,3,404.581,403.711,405.877,186,CISO|fossil_gen|eia|m7|h03,235.413,169.168,152.923,187.451,31,False,True
CISO,fossil_gen,eia,8,3,405.896,404.700,407.289,186,CISO|fossil_gen|eia|m8|h03,248.914,156.982,145.118,169.568,32,False,True
CISO,fossil_gen,eia,9,3,407.285,405.341,409.434,180,CISO|fossil_gen|eia|m9|h03,254.729,152.556,140.600,164.964,32,False,True
CISO,fossil_gen,eia,10,3,405.574,403.885,407.425,186,CISO|fossil_gen|eia|m10|h03,301.620,103.954,92.860,115.348,32,False,True
CISO,fossil_gen,eia,11,3,405.819,403.531,408.303,178,CISO|fossil_gen|eia|m11|h03,293.019,112.800,100.719,124.105,31,False,True
CISO,fossil_gen,eia,12,3,408.842,406.695,411.619,186,CISO|fossil_gen|eia|m12|h03,291.211,117.630,105.548,130.279,32,False,True
CISO,fossil_gen,eia,1,4,404.086,402.158,405.480,155,CISO|fossil_gen|eia|m1|h04,275.445,128.642,119.241,138.373,27,False,True
CISO,fossil_gen,eia,2,4,404.242,402.387,406.424,142,CISO|fossil_gen|eia|m2|h04,257.703,146.539,134.747,160.783,24,False,True
CISO,fossil_gen,eia,3,4,404.168,402.458,406.021,155,CISO|fossil_gen|eia|m3|h04,223.978,180.190,163.099,198.989,26,False,True
CISO,fossil_gen,eia,4,4,405.093,402.455,408.310,150,CISO|fossil_gen|eia|m4|h04,210.555,194.538,178.887,209.662,25,False,True
CISO,fossil_gen,eia,5,4,404.181,402.191,406.614,150,CISO|fossil_gen|eia|m5|h04,156.603,247.578,230.564,266.325,27,False,True
CISO,fossil_gen,eia,6,4,404.975,403.297,406.426,148,CISO|fossil_gen|eia|m6|h04,183.347,221.628,201.397,239.889,25,False,True
CISO,fossil_gen,eia,7,4,404.770,403.023,406.547,185,CISO|fossil_gen|eia|m7|h04,235.409,169.361,152.420,189.661,31,False,True
CISO,fossil_gen,eia,8,4,407.303,404.941,409.474,186,CISO|fossil_gen|eia|m8|h04,248.779,158.524,146.259,170.790,32,False,True
CISO,fossil_gen,eia,9,4,408.173,405.559,410.438,180,CISO|fossil_gen|eia|m9|h04,254.680,153.493,141.385,165.500,32,False,True
CISO,fossil_gen,eia,10,4,406.290,403.254,409.032,186,CISO|fossil_gen|eia|m10|h04,300.452,105.838,95.009,117.604,32,False,True
CISO,fossil_gen,eia,11,4,407.862,405.257,410.199,178,CISO|fossil_gen|eia|m11|h04,290.008,117.853,106.831,128.630,31,False,True
CISO,fossil_gen,eia,12,4,408.467,405.480,411.175,186,CISO|fossil_gen|eia|m12|h04,287.889,120.578,110.131,132.038,32,False,True
CISO,fossil_gen,eia,1,5,405.012,402.827,407.263,155,CISO|fossil_gen|eia|m1|h05,271.349,133.663,125.425,143.109,27,False,True
CISO,fossil_gen,eia,2,5,405.835,402.860,408.930,142,CISO|fossil_gen|eia|m2|h05,251.758,154.077,141.373,167.934,24,False,True
CISO,fossil_gen,eia,3,5,406.469,405.394,407.835,155,CISO|fossil_gen|eia|m3|h05,222.798,183.672,166.953,202.291,26,False,True
CISO,fossil_gen,eia,4,5,406.098,403.273,409.356,150,CISO|fossil_gen|eia|m4|h05,210.321,195.777,181.862,210.136,25,False,True
CISO,fossil_gen,eia,5,5,403.939,402.006,406.340,150,CISO|fossil_gen|eia|m5|h05,157.418,246.521,229.342,264.537,27,False,True
CISO,fossil_gen,eia,6,5,405.352,403.650,407.270,148,CISO|fossil_gen|eia|m6|h05,181.288,224.063,205.439,241.452,25,False,True
CISO,fossil_gen,eia,7,5,406.148,404.397,408.188,185,CISO|fossil_gen|eia|m7|h05,235.467,170.682,154.157,190.684,31,False,True
CISO,fossil_gen,eia,8,5,407.881,404.987,410.513,186,CISO|fossil_gen|eia|m8|h05,249.254,158.627,146.804,169.214,32,False,True
CISO,fossil_gen,eia,9,5,408.133,405.434,410.307,180,CISO|fossil_gen|eia|m9|h05,254.172,153.961,142.391,165.438,32,False,True
CISO,fossil_gen,eia,10,5,409.648,407.475,411.736,186,CISO|fossil_gen|eia|m10|h05,295.896,113.753,103.028,124.616,32,False,True
CISO,fossil_gen,eia,11,5,410.661,408.246,412.106,178,CISO|fossil_gen|eia|m11|h05,284.615,126.046,115.020,136.795,31,False,True
CISO,fossil_gen,eia,12,5,409.384,406.947,411.569,186,CISO|fossil_gen|eia|m12|h05,280.097,129.287,119.419,139.922,32,False,True
CISO,fossil_gen,eia,1,6,405.074,403.294,406.874,155,CISO|fossil_gen|eia|m1|h06,264.632,140.441,132.988,149.265,27,False,True
CISO,fossil_gen,eia,2,6,402.651,401.101,405.231,142,CISO|fossil_gen|eia|m2|h06,236.468,166.183,155.466,180.016,24,False,True
CISO,fossil_gen,eia,3,6,402.568,401.089,404.957,155,CISO|fossil_gen|eia|m3|h06,211.618,190.950,175.870,207.494,26,False,True
CISO,fossil_gen,eia,4,6,402.755,401.019,404.738,150,CISO|fossil_gen|eia|m4|h06,192.531,210.224,201.157,219.153,25,False,True
CISO,fossil_gen,eia,5,6,398.737,396.000,401.667,153,CISO|fossil_gen|eia|m5|h06,128.454,270.282,258.242,282.537,27,False,True
CISO,fossil_gen,eia,6,6,399.213,396.196,401.590,150,CISO|fossil_gen|eia|m6|h06,159.295,239.918,223.283,256.520,25,False,True
CISO,fossil_gen,eia,7,6,399.688,397.387,402.745,186,CISO|fossil_gen|eia|m7|h06,216.225,183.463,166.561,204.541,31,False,True
CISO,fossil_gen,eia,8,6,403.179,401.424,405.081,185,CISO|fossil_gen|eia|m8|h06,236.463,166.716,155.227,178.890,32,False,True
CISO,fossil_gen,eia,9,6,408.484,405.537,411.499,180,CISO|fossil_gen|eia|m9|h06,248.000,160.484,148.823,171.264,32,False,True
CISO,fossil_gen,eia,10,6,408.991,406.754,411.261,186,CISO|fossil_gen|eia|m10|h06,288.231,120.760,110.949,131.222,32,False,True
CISO,fossil_gen,eia,11,6,404.832,402.471,407.455,178,CISO|fossil_gen|eia|m11|h06,267.751,137.082,127.621,146.606,31,False,True
CISO,fossil_gen,eia,12,6,408.917,406.593,411.337,186,CISO|fossil_gen|eia|m12|h06,271.051,137.866,127.513,149.415,32,False,True
CISO,fossil_gen,eia,1,7,399.942,398.649,401.363,155,CISO|fossil_gen|eia|m1|h07,229.647,170.294,156.845,186.383,27,False,True
CISO,fossil_gen,eia,2,7,399.708,397.697,402.252,142,CISO|fossil_gen|eia|m2|h07,186.434,213.273,194.444,236.206,24,False,True
CISO,fossil_gen,eia,3,7,399.379,398.147,400.770,155,CISO|fossil_gen|eia|m3|h07,170.535,228.844,214.312,244.227,26,False,True
CISO,fossil_gen,eia,4,7,399.786,397.391,402.319,150,CISO|fossil_gen|eia|m4|h07,143.800,255.986,245.243,267.074,25,False,True
CISO,fossil_gen,eia,5,7,400.477,397.617,402.712,155,CISO|fossil_gen|eia|m5|h07,103.455,297.022,284.879,307.944,27,False,True
CISO,fossil_gen,eia,6,7,402.654,401.484,403.908,150,CISO|fossil_gen|eia|m6|h07,132.617,270.036,255.799,284.458,25,False,True
CISO,fossil_gen,eia,7,7,401.328,399.238,403.859,186,CISO|fossil_gen|eia|m7|h07,186.445,214.883,194.765,237.423,31,False,True
CISO,fossil_gen,eia,8,7,402.264,399.260,405.417,185,CISO|fossil_gen|eia|m8|h07,200.984,201.280,187.946,215.281,32,False,True
CISO,fossil_gen,eia,9,7,402.026,398.813,405.804,180,CISO|fossil_gen|eia|m9|h07,210.367,191.659,177.687,204.788,32,False,True
CISO,fossil_gen,eia,10,7,403.112,400.086,406.840,186,CISO|fossil_gen|eia|m10|h07,254.965,148.147,138.056,159.044,32,False,True
CISO,fossil_gen,eia,11,7,402.853,400.661,404.403,178,CISO|fossil_gen|eia|m11|h07,224.021,178.832,164.590,194.057,31,False,True
CISO,fossil_gen,eia,12,7,402.770,400.166,405.059,186,CISO|fossil_gen|eia|m12|h07,243.073,159.697,149.546,170.458,32,False,True
CISO,fossil_gen,eia,1,8,401.163,399.823,402.493,155,CISO|fossil_gen|eia|m1|h08,191.701,209.462,188.741,232.481,27,False,True
CISO,fossil_gen,eia,2,8,402.008,400.578,403.365,142,CISO|fossil_gen|eia|m2|h08,151.679,250.329,230.252,271.060,24,False,True
CISO,fossil_gen,eia,3,8,401.479,400.174,402.867,155,CISO|fossil_gen|eia|m3|h08,137.795,263.684,249.523,278.772,26,False,True
CISO,fossil_gen,eia,4,8,404.373,402.745,406.630,150,CISO|fossil_gen|eia|m4|h08,113.784,290.589,280.754,299.291,25,False,True
CISO,fossil_gen,eia,5,8,402.610,400.142,405.851,155,CISO|fossil_gen|eia|m5|h08,94.065,308.544,300.795,316.840,27,False,True
CISO,fossil_gen,eia,6,8,405.254,401.926,408.071,150,CISO|fossil_gen|eia|m6|h08,125.225,280.029,265.550,291.763,25,False,True
CISO,fossil_gen,eia,7,8,404.497,402.241,406.831,186,CISO|fossil_gen|eia|m7|h08,173.132,231.365,215.432,249.942,31,False,True
CISO,fossil_gen,eia,8,8,403.585,402.005,405.307,184,CISO|fossil_gen|eia|m8|h08,178.980,224.605,212.526,236.676,32,False,True
CISO,fossil_gen,eia,9,8,404.846,403.477,406.547,180,CISO|fossil_gen|eia|m9|h08,176.686,228.161,213.290,242.527,32,False,True
CISO,fossil_gen,eia,10,8,405.611,402.813,408.473,186,CISO|fossil_gen|eia|m10|h08,207.481,198.131,187.184,209.161,32,False,True
CISO,fossil_gen,eia,11,8,401.444,399.594,404.470,178,CISO|fossil_gen|eia|m11|h08,185.336,216.109,201.941,230.662,31,False,True
CISO,fossil_gen,eia,12,8,404.131,401.802,406.382,186,CISO|fossil_gen|eia|m12|h08,215.792,188.340,175.759,201.204,32,False,True
CISO,fossil_gen,eia,1,9,400.965,399.792,402.112,155,CISO|fossil_gen|eia|m1|h09,168.530,232.435,214.980,252.381,27,False,True
CISO,fossil_gen,eia,2,9,400.798,399.152,403.181,142,CISO|fossil_gen|eia|m2|h09,133.870,266.928,252.721,282.371,24,False,True
CISO,fossil_gen,eia,3,9,403.331,401.090,405.532,154,CISO|fossil_gen|eia|m3|h09,122.097,281.234,269.325,292.487,26,False,True
CISO,fossil_gen,eia,4,9,404.129,401.583,406.361,149,CISO|fossil_gen|eia|m4|h09,105.965,298.164,289.935,305.472,25,False,True
CISO,fossil_gen,eia,5,9,408.166,406.461,409.260,155,CISO|fossil_gen|eia|m5|h09,96.503,311.663,305.735,317.107,27,False,True
CISO,fossil_gen,eia,6,9,407.381,405.079,408.264,150,CISO|fossil_gen|eia|m6|h09,128.153,279.228,266.911,289.742,25,False,True
CISO,fossil_gen,eia,7,9,409.640,407.910,410.713,186,CISO|fossil_gen|eia|m7|h09,168.287,241.354,225.721,257.706,31,False,True
CISO,fossil_gen,eia,8,9,408.845,406.934,410.401,183,CISO|fossil_gen|eia|m8|h09,169.410,239.434,229.337,250.111,32,False,True
CISO,fossil_gen,eia,9,9,406.943,403.395,410.527,180,CISO|fossil_gen|eia|m9|h09,162.886,244.057,231.925,255.078,32,False,True
CISO,fossil_gen,eia,10,9,404.917,402.471,407.349,186,CISO|fossil_gen|eia|m10|h09,183.873,221.044,212.749,229.748,32,False,True
CISO,fossil_gen,eia,11,9,403.295,400.849,405.879,178,CISO|fossil_gen|eia|m11|h09,167.014,236.280,225.304,247.005,31,False,True
CISO,fossil_gen,eia,12,9,402.032,400.014,404.499,186,CISO|fossil_gen|eia|m12|h09,195.996,206.037,197.077,216.771,32,False,True
CISO,fossil_gen,eia,1,10,401.205,399.871,403.929,155,CISO|fossil_gen|eia|m1|h10,161.094,240.111,223.784,258.319,27,False,True
CISO,fossil_gen,eia,2,10,403.383,401.218,406.097,142,CISO|fossil_gen|eia|m2|h10,132.053,271.330,257.713,286.353,24,False,True
CISO,fossil_gen,eia,3,10,403.613,401.352,406.960,154,CISO|fossil_gen|eia|m3|h10,117.451,286.162,275.351,297.498,26,False,True
CISO,fossil_gen,eia,4,10,404.639,403.056,406.175,149,CISO|fossil_gen|eia|m4|h10,106.194,298.445,291.925,304.911,25,False,True
CISO,fossil_gen,eia,5,10,404.693,403.472,405.933,154,CISO|fossil_gen|eia|m5|h10,100.408,304.285,297.685,310.688,27,False,True
CISO,fossil_gen,eia,6,10,404.468,402.590,406.490,149,CISO|fossil_gen|eia|m6|h10,130.072,274.395,262.567,286.131,25,False,True
CISO,fossil_gen,eia,7,10,406.326,403.805,409.587,186,CISO|fossil_gen|eia|m7|h10,165.038,241.288,226.737,259.408,31,False,True
CISO,fossil_gen,eia,8,10,406.339,403.566,408.975,185,CISO|fossil_gen|eia|m8|h10,166.183,240.156,230.708,250.178,32,False,True
CISO,fossil_gen,eia,9,10,407.696,405.246,409.984,180,CISO|fossil_gen|eia|m9|h10,161.385,246.311,233.528,258.248,32,False,True
CISO,fossil_gen,eia,10,10,407.938,406.439,409.547,186,CISO|fossil_gen|eia|m10|h10,179.759,228.179,218.889,238.332,32,False,True
CISO,fossil_gen,eia,11,10,404.720,401.726,407.518,177,CISO|fossil_gen|eia|m11|h10,165.596,239.123,228.926,249.593,31,False,True
CISO,fossil_gen,eia,12,10,404.659,402.470,406.590,186,CISO|fossil_gen|eia|m12|h10,191.800,212.859,204.938,221.265,32,False,True
CISO,fossil_gen,eia,1,11,403.149,401.051,405.059,155,CISO|fossil_gen|eia|m1|h11,163.461,239.688,223.272,255.564,27,False,True
CISO,fossil_gen,eia,2,11,406.492,403.786,409.035,142,CISO|fossil_gen|eia|m2|h11,136.276,270.216,255.702,284.668,24,False,True
CISO,fossil_gen,eia,3,11,407.357,406.178,409.055,155,CISO|fossil_gen|eia|m3|h11,119.820,287.537,277.137,298.930,26,False,True
CISO,fossil_gen,eia,4,11,407.424,405.675,409.374,149,CISO|fossil_gen|eia|m4|h11,109.223,298.201,288.958,307.184,25,False,True
CISO,fossil_gen,eia,5,11,406.928,405.258,409.017,154,CISO|fossil_gen|eia|m5|h11,103.475,303.453,293.170,313.362,27,False,True
CISO,fossil_gen,eia,6,11,405.194,403.174,407.338,149,CISO|fossil_gen|eia|m6|h11,128.622,276.571,264.624,288.598,25,False,True
CISO,fossil_gen,eia,7,11,407.888,404.269,410.515,186,CISO|fossil_gen|eia|m7|h11,163.011,244.877,230.115,261.699,31,False,True
CISO,fossil_gen,eia,8,11,408.732,406.443,410.220,186,CISO|fossil_gen|eia|m8|h11,165.440,243.292,234.314,251.757,32,False,True
CISO,fossil_gen,eia,9,11,408.631,405.979,411.211,180,CISO|fossil_gen|eia|m9|h11,160.976,247.655,234.895,259.448,32,False,True
CISO,fossil_gen,eia,10,11,408.345,405.672,410.702,185,CISO|fossil_gen|eia|m10|h11,177.963,230.382,220.830,240.306,32,False,True
CISO,fossil_gen,eia,11,11,405.566,405.022,408.946,175,CISO|fossil_gen|eia|m11|h11,168.895,236.671,225.998,248.240,31,False,True
CISO,fossil_gen,eia,12,11,406.060,404.118,408.158,186,CISO|fossil_gen|eia|m12|h11,194.425,211.635,202.816,219.834,32,False,True
CISO,fossil_gen,eia,1,12,404.179,402.676,405.521,155,CISO|fossil_gen|eia|m1|h12,166.376,237.803,221.432,254.383,27,False,True
CISO,fossil_gen,eia,2,12,407.614,404.429,410.915,142,CISO|fossil_gen|eia|m2|h12,138.555,269.059,255.046,285.030,24,False,True
CISO,fossil_gen,eia,3,12,407.014,405.203,408.856,155,CISO|fossil_gen|eia|m3|h12,121.455,285.559,272.839,298.046,26,False,True
CISO,fossil_gen,eia,4,12,407.660,406.245,409.313,149,CISO|fossil_gen|eia|m4|h12,111.060,296.600,284.755,307.069,25,False,True
CISO,fossil_gen,eia,5,12,407.080,406.010,408.243,155,CISO|fossil_gen|eia|m5|h12,103.580,303.500,292.090,314.982,27,False,True
CISO,fossil_gen,eia,6,12,404.706,402.352,407.304,150,CISO|fossil_gen|eia|m6|h12,127.868,276.838,263.786,288.591,25,False,True
CISO,fossil_gen,eia,7,12,407.589,405.283,409.548,185,CISO|fossil_gen|eia|m7|h12,161.601,245.988,232.305,261.298,31,False,True
CISO,fossil_gen,eia,8,12,407.554,405.144,409.768,186,CISO|fossil_gen|eia|m8|h12,165.828,241.726,232.516,250.567,32,False,True
CISO,fossil_gen,eia,9,12,408.504,405.771,410.753,180,CISO|fossil_gen|eia|m9|h12,161.796,246.708,235.226,258.090,32,False,True
CISO,fossil_gen,eia,10,12,410.183,407.513,411.654,185,CISO|fossil_gen|eia|m10|h12,177.269,232.914,224.001,242.017,32,False,True
CISO,fossil_gen,eia,11,12,407.009,404.696,408.958,175,CISO|fossil_gen|eia|m11|h12,169.056,237.953,226.586,250.215,31,False,True
CISO,fossil_gen,eia,12,12,405.077,403.061,407.026,186,CISO|fossil_gen|eia|m12|h12,196.862,208.216,199.503,216.959,32,False,True
CISO,fossil_gen,eia,1,13,403.704,401.500,406.232,155,CISO|fossil_gen|eia|m1|h13,168.822,234.882,218.453,251.935,27,False,True
CISO,fossil_gen,eia,2,13,404.931,403.000,406.879,142,CISO|fossil_gen|eia|m2|h13,139.361,265.570,250.860,281.558,24,False,True
CISO,fossil_gen,eia,3,13,407.365,405.674,408.733,155,CISO|fossil_gen|eia|m3|h13,122.027,285.338,272.959,297.891,26,False,True
CISO,fossil_gen,eia,4,13,405.528,403.858,406.813,148,CISO|fossil_gen|eia|m4|h13,112.031,293.497,281.808,305.102,25,False,True
CISO,fossil_gen,eia,5,13,406.517,403.888,408.279,155,CISO|fossil_gen|eia|m5|h13,101.367,305.149,293.896,316.123,27,False,True
CISO,fossil_gen,eia,6,13,405.125,403.245,407.365,150,CISO|fossil_gen|eia|m6|h13,126.290,278.835,264.854,292.035,25,False,True
CISO,fossil_gen,eia,7,13,405.570,403.326,407.551,185,CISO|fossil_gen|eia|m7|h13,160.117,245.453,231.941,261.031,31,False,True
CISO,fossil_gen,eia,8,13,407.284,405.257,409.442,185,CISO|fossil_gen|eia|m8|h13,167.036,240.249,231.613,249.215,32,False,True
CISO,fossil_gen,eia,9,13,407.458,405.504,409.136,180,CISO|fossil_gen|eia|m9|h13,161.488,245.970,232.952,258.316,32,False,True
CISO,fossil_gen,eia,10,13,409.196,407.528,410.249,185,CISO|fossil_gen|eia|m10|h13,173.315,235.881,227.257,244.576,32,False,True
CISO,fossil_gen,eia,11,13,407.894,405.783,409.610,178,CISO|fossil_gen|eia|m11|h13,168.994,238.900,228.246,249.219,31,False,True
CISO,fossil_gen,eia,12,13,405.536,403.200,407.807,186,CISO|fossil_gen|eia|m12|h13,199.201,206.336,198.858,214.316,32,False,True
CISO,fossil_gen,eia,1,14,404.605,402.088,407.277,155,CISO|fossil_gen|eia|m1|h14,175.214,229.391,214.614,245.764,27,False,True
CISO,fossil_gen,eia,2,14,404.892,402.832,407.759,142,CISO|fossil_gen|eia|m2|h14,141.573,263.320,247.903,279.618,24,False,True
CISO,fossil_gen,eia,3,14,405.854,404.440,407.243,155,CISO|fossil_gen|eia|m3|h14,123.172,282.682,271.174,294.782,26,False,True
CISO,fossil_gen,eia,4,14,409.676,405.532,414.995,148,CISO|fossil_gen|eia|m4|h14,110.962,298.714,285.994,310.988,25,False,True
CISO,fossil_gen,eia,5,14,406.684,405.228,408.004,155,CISO|fossil_gen|eia|m5|h14,99.096,307.588,297.826,317.369,27,False,True
CISO,fossil_gen,eia,6,14,404.890,403.741,406.268,150,CISO|fossil_gen|eia|m6|h14,125.062,279.828,263.564,294.828,25,False,True
CISO,fossil_gen,eia,7,14,405.058,403.245,406.738,186,CISO|fossil_gen|eia|m7|h14,162.700,242.358,228.664,258.214,31,False,True
CISO,fossil_gen,eia,8,14,404.745,403.297,406.270,184,CISO|fossil_gen|eia|m8|h14,170.171,234.574,223.865,245.475,32,False,True
CISO,fossil_gen,eia,9,14,407.152,405.568,408.841,180,CISO|fossil_gen|eia|m9|h14,164.216,242.935,229.316,257.148,32,False,True
CISO,fossil_gen,eia,10,14,409.702,407.363,411.264,184,CISO|fossil_gen|eia|m10|h14,173.507,236.194,226.691,244.607,32,False,True
CISO,fossil_gen,eia,11,14,407.146,404.835,409.482,178,CISO|fossil_gen|eia|m11|h14,176.591,230.555,220.883,240.348,31,False,True
CISO,fossil_gen,eia,12,14,405.671,403.844,407.783,186,CISO|fossil_gen|eia|m12|h14,204.998,200.673,194.746,206.401,32,False,True
CISO,fossil_gen,eia,1,15,400.412,399.118,401.664,155,CISO|fossil_gen|eia|m1|h15,200.959,199.453,186.529,212.860,27,False,True
CISO,fossil_gen,eia,2,15,402.431,400.830,404.321,142,CISO|fossil_gen|eia|m2|h15,159.641,242.790,232.851,253.070,24,False,True
CISO,fossil_gen,eia,3,15,405.400,403.808,407.532,155,CISO|fossil_gen|eia|m3|h15,131.349,274.051,263.716,285.529,26,False,True
CISO,fossil_gen,eia,4,15,406.086,404.684,407.663,146,CISO|fossil_gen|eia|m4|h15,110.528,295.558,286.669,303.780,25,False,True
CISO,fossil_gen,eia,5,15,404.917,403.626,406.114,155,CISO|fossil_gen|eia|m5|h15,100.163,304.755,297.366,311.945,27,False,True
CISO,fossil_gen,eia,6,15,404.006,402.456,405.756,150,CISO|fossil_gen|eia|m6|h15,128.184,275.822,257.549,292.514,25,False,True
CISO,fossil_gen,eia,7,15,403.244,401.339,405.227,186,CISO|fossil_gen|eia|m7|h15,168.337,234.907,220.582,249.600,31,False,True
CISO,fossil_gen,eia,8,15,404.246,402.377,406.789,183,CISO|fossil_gen|eia|m8|h15,175.853,228.393,217.431,240.448,32,False,True
CISO,fossil_gen,eia,9,15,406.082,404.450,407.801,176,CISO|fossil_gen|eia|m9|h15,169.828,236.254,221.668,250.364,32,False,True
CISO,fossil_gen,eia,10,15,406.612,404.337,409.447,183,CISO|fossil_gen|eia|m10|h15,179.689,226.923,216.542,237.149,32,False,True
CISO,fossil_gen,eia,11,15,404.457,402.180,406.229,178,CISO|fossil_gen|eia|m11|h15,206.869,197.588,178.158,216.564,31,False,True
CISO,fossil_gen,eia,12,15,408.231,401.865,413.827,186,CISO|fossil_gen|eia|m12|h15,228.483,179.748,164.043,194.134,32,False,True
CISO,fossil_gen,eia,1,16,402.726,401.003,404.063,155,CISO|fossil_gen|eia|m1|h16,235.109,167.616,151.188,183.947,27,False,True
CISO,fossil_gen,eia,2,16,400.985,399.178,402.837,142,CISO|fossil_gen|eia|m2|h16,198.875,202.110,183.579,221.148,24,False,True
CISO,fossil_gen,eia,3,16,401.989,399.656,404.896,155,CISO|fossil_gen|eia|m3|h16,148.662,253.327,233.503,270.491,26,False,True
CISO,fossil_gen,eia,4,16,404.989,403.433,406.269,146,CISO|fossil_gen|eia|m4|h16,117.599,287.390,283.045,291.281,25,False,True
CISO,fossil_gen,eia,5,16,404.605,403.198,406.243,155,CISO|fossil_gen|eia|m5|h16,104.766,299.839,292.785,306.910,27,False,True
CISO,fossil_gen,eia,6,16,403.545,401.548,405.675,149,CISO|fossil_gen|eia|m6|h16,134.042,269.503,250.346,287.943,25,False,True
CISO,fossil_gen,eia,7,16,403.024,400.005,405.761,181,CISO|fossil_gen|eia|m7|h16,176.213,226.811,213.565,240.183,31,False,True
CISO,fossil_gen,eia,8,16,403.302,401.501,405.338,179,CISO|fossil_gen|eia|m8|h16,183.007,220.295,208.454,232.491,32,False,True
CISO,fossil_gen,eia,9,16,404.081,402.640,405.367,173,CISO|fossil_gen|eia|m9|h16,182.611,221.470,206.173,237.365,32,False,True
CISO,fossil_gen,eia,10,16,403.790,401.903,405.429,183,CISO|fossil_gen|eia|m10|h16,205.408,198.382,182.490,213.747,32,False,True
CISO,fossil_gen,eia,11,16,406.496,403.206,409.285,178,CISO|fossil_gen|eia|m11|h16,236.594,169.902,145.419,193.912,31,False,True
CISO,fossil_gen,eia,12,16,409.371,407.451,411.012,185,CISO|fossil_gen|eia|m12|h16,249.923,159.448,140.303,176.657,32,False,True
CISO,fossil_gen,eia,1,17,400.040,398.308,403.427,155,CISO|fossil_gen|eia|m1|h17,252.739,147.300,137.903,156.136,27,False,True
CISO,fossil_gen,eia,2,17,403.754,402.014,405.586,142,CISO|fossil_gen|eia|m2|h17,225.855,177.899,161.540,194.626,24,False,True
CISO,fossil_gen,eia,3,17,403.887,402.835,405.048,155,CISO|fossil_gen|eia|m3|h17,176.118,227.769,204.079,250.084,26,False,True
CISO,fossil_gen,eia,4,17,401.895,400.481,403.196,148,CISO|fossil_gen|eia|m4|h17,135.468,266.427,256.376,277.044,25,False,True
CISO,fossil_gen,eia,5,17,402.739,401.154,404.547,155,CISO|fossil_gen|eia|m5|h17,115.543,287.196,277.708,297.123,27,False,True
CISO,fossil_gen,eia,6,17,402.721,400.995,404.253,148,CISO|fossil_gen|eia|m6|h17,144.853,257.868,237.466,279.122,25,False,True
CISO,fossil_gen,eia,7,17,403.993,402.232,406.020,178,CISO|fossil_gen|eia|m7|h17,188.725,215.268,202.688,228.188,31,False,True
CISO,fossil_gen,eia,8,17,402.966,401.038,404.975,179,CISO|fossil_gen|eia|m8|h17,199.327,203.639,191.085,216.836,32,False,True
CISO,fossil_gen,eia,9,17,402.240,399.893,404.980,175,CISO|fossil_gen|eia|m9|h17,211.633,190.607,174.515,208.516,32,False,True
CISO,fossil_gen,eia,10,17,404.491,401.770,407.448,185,CISO|fossil_gen|eia|m10|h17,242.575,161.915,139.421,182.389,32,False,True
CISO,fossil_gen,eia,11,17,401.647,400.469,403.041,178,CISO|fossil_gen|eia|m11|h17,256.002,145.645,129.627,162.612,31,False,True
CISO,fossil_gen,eia,12,17,402.648,400.953,405.291,185,CISO|fossil_gen|eia|m12|h17,261.465,141.182,126.270,157.285,32,False,True
CISO,fossil_gen,eia,1,18,404.635,403.669,406.474,155,CISO|fossil_gen|eia|m1|h18,255.061,149.574,139.643,158.265,27,False,True
CISO,fossil_gen,eia,2,18,404.033,402.859,405.922,142,CISO|fossil_gen|eia|m2|h18,233.817,170.215,158.104,182.826,24,False,True
CISO,fossil_gen,eia,3,18,401.155,399.949,402.743,155,CISO|fossil_gen|eia|m3|h18,200.621,200.534,175.872,227.190,26,False,True
CISO,fossil_gen,eia,4,18,399.426,397.710,401.473,150,CISO|fossil_gen|eia|m4|h18,174.234,225.192,203.309,248.229,25,False,True
CISO,fossil_gen,eia,5,18,399.943,398.751,401.269,155,CISO|fossil_gen|eia|m5|h18,144.199,255.745,236.302,274.855,27,False,True
CISO,fossil_gen,eia,6,18,401.386,399.487,403.299,149,CISO|fossil_gen|eia|m6|h18,167.033,234.353,210.805,257.940,26,False,True
CISO,fossil_gen,eia,7,18,401.918,399.767,404.012,182,CISO|fossil_gen|eia|m7|h18,209.611,192.307,178.059,206.332,31,False,True
CISO,fossil_gen,eia,8,18,402.583,401.032,404.527,186,CISO|fossil_gen|eia|m8|h18,224.727,177.856,162.642,193.511,32,False,True
CISO,fossil_gen,eia,9,18,403.811,401.828,405.853,179,CISO|fossil_gen|eia|m9|h18,233.345,170.466,153.571,187.189,32,False,True
CISO,fossil_gen,eia,10,18,403.171,401.186,405.169,186,CISO|fossil_gen|eia|m10|h18,259.460,143.711,126.189,159.836,32,False,True
CISO,fossil_gen,eia,11,18,407.750,405.377,410.538,178,CISO|fossil_gen|eia|m11|h18,258.862,148.888,133.551,165.661,31,False,True
CISO,fossil_gen,eia,12,18,416.517,406.809,418.429,185,CISO|fossil_gen|eia|m12|h18,259.429,157.088,137.944,173.374,32,False,True
CISO,fossil_gen,eia,1,19,403.479,401.101,405.661,155,CISO|fossil_gen|eia|m1|h19,256.307,147.172,137.308,156.320,27,False,True
CISO,fossil_gen,eia,2,19,410.317,406.357,415.142,141,CISO|fossil_gen|eia|m2|h19,235.085,175.232,161.225,188.817,24,False,True
CISO,fossil_gen,eia,3,19,405.836,403.997,407.766,155,CISO|fossil_gen|eia|m3|h19,208.421,197.415,178.235,220.105,26,False,True
CISO,fossil_gen,eia,4,19,404.457,402.596,406.177,150,CISO|fossil_gen|eia|m4|h19,191.072,213.385,191.685,237.331,25,False,True
CISO,fossil_gen,eia,5,19,403.510,401.843,405.651,155,CISO|fossil_gen|eia|m5|h19,162.436,241.074,220.798,263.000,27,False,True
CISO,fossil_gen,eia,6,19,405.367,403.080,407.655,150,CISO|fossil_gen|eia|m6|h19,188.852,216.515,192.849,241.279,26,False,True
CISO,fossil_gen,eia,7,19,405.561,403.463,407.472,185,CISO|fossil_gen|eia|m7|h19,229.370,176.191,163.015,189.615,31,False,True
CISO,fossil_gen,eia,8,19,403.943,402.382,405.481,186,CISO|fossil_gen|eia|m8|h19,239.072,164.871,152.148,178.745,32,False,True
CISO,fossil_gen,eia,9,19,405.037,403.101,407.187,180,CISO|fossil_gen|eia|m9|h19,239.366,165.671,152.584,180.126,32,False,True
CISO,fossil_gen,eia,10,19,408.071,405.679,409.319,186,CISO|fossil_gen|eia|m10|h19,262.432,145.639,132.109,160.329,32,False,True
CISO,fossil_gen,eia,11,19,406.475,404.809,409.152,178,CISO|fossil_gen|eia|m11|h19,262.336,144.138,128.991,159.284,31,False,True
CISO,fossil_gen,eia,12,19,407.364,404.953,410.235,185,CISO|fossil_gen|eia|m12|h19,261.400,145.964,131.564,161.455,32,False,True
CISO,fossil_gen,eia,1,20,403.358,400.655,406.772,155,CISO|fossil_gen|eia|m1|h20,259.624,143.734,133.412,152.932,27,False,True
CISO,fossil_gen,eia,2,20,407.554,403.152,413.190,141,CISO|fossil_gen|eia|m2|h20,240.262,167.292,155.086,180.820,24,False,True
CISO,fossil_gen,eia,3,20,407.564,405.303,409.813,155,CISO|fossil_gen|eia|m3|h20,208.766,198.798,179.745,218.873,26,False,True
CISO,fossil_gen,eia,4,20,405.049,403.102,407.655,150,CISO|fossil_gen|eia|m4|h20,193.585,211.463,193.036,232.871,25,False,True
CISO,fossil_gen,eia,5,20,404.376,401.502,407.066,155,CISO|fossil_gen|eia|m5|h20,165.779,238.596,219.881,257.589,27,False,True
CISO,fossil_gen,eia,6,20,403.640,401.560,406.069,151,CISO|fossil_gen|eia|m6|h20,198.262,205.379,184.226,226.718,26,False,True
CISO,fossil_gen,eia,7,20,402.922,399.854,406.622,186,CISO|fossil_gen|eia|m7|h20,237.225,165.697,155.088,177.254,31,False,True
CISO,fossil_gen,eia,8,20,406.069,403.152,409.214,186,CISO|fossil_gen|eia|m8|h20,242.027,164.042,154.167,175.459,32,False,True
CISO,fossil_gen,eia,9,20,408.103,405.039,411.001,179,CISO|fossil_gen|eia|m9|h20,242.099,166.004,151.442,180.490,32,False,True
CISO,fossil_gen,eia,10,20,407.597,405.138,409.661,186,CISO|fossil_gen|eia|m10|h20,266.546,141.051,125.864,156.054,32,False,True
CISO,fossil_gen,eia,11,20,408.546,403.468,412.304,178,CISO|fossil_gen|eia|m11|h20,267.505,141.041,127.303,155.101,31,False,True
CISO,fossil_gen,eia,12,20,409.307,405.549,413.346,185,CISO|fossil_gen|eia|m12|h20,265.573,143.734,130.115,158.658,32,False,True
CISO,fossil_gen,eia,1,21,403.318,400.898,407.472,155,CISO|fossil_gen|eia|m1|h21,263.457,139.860,130.354,149.333,27,False,True
CISO,fossil_gen,eia,2,21,405.080,402.323,407.637,142,CISO|fossil_gen|eia|m2|h21,244.852,160.228,147.557,172.292,24,False,True
CISO,fossil_gen,eia,3,21,403.354,399.983,406.614,155,CISO|fossil_gen|eia|m3|h21,210.930,192.424,171.215,214.485,26,False,True
CISO,fossil_gen,eia,4,21,403.663,401.631,405.593,150,CISO|fossil_gen|eia|m4|h21,194.017,209.646,189.522,230.151,25,False,True
CISO,fossil_gen,eia,5,21,405.357,402.877,407.413,155,CISO|fossil_gen|eia|m5|h21,164.859,240.498,221.445,258.992,27,False,True
CISO,fossil_gen,eia,6,21,403.016,400.728,405.473,151,CISO|fossil_gen|eia|m6|h21,200.896,202.120,180.519,222.083,26,False,True
CISO,fossil_gen,eia,7,21,408.058,404.402,410.486,186,CISO|fossil_gen|eia|m7|h21,239.536,168.522,156.948,180.009,31,False,True
CISO,fossil_gen,eia,8,21,407.961,404.944,410.960,186,CISO|fossil_gen|eia|m8|h21,243.835,164.126,151.921,176.948,32,False,True
CISO,fossil_gen,eia,9,21,407.826,404.106,410.602,179,CISO|fossil_gen|eia|m9|h21,245.725,162.102,148.565,176.381,32,False,True
CISO,fossil_gen,eia,10,21,409.330,406.940,411.693,186,CISO|fossil_gen|eia|m10|h21,274.270,135.060,120.110,150.273,32,False,True
CISO,fossil_gen,eia,11,21,408.216,404.629,411.034,178,CISO|fossil_gen|eia|m11|h21,270.957,137.259,123.132,152.084,31,False,True
CISO,fossil_gen,eia,12,21,406.285,403.846,408.258,185,CISO|fossil_gen|eia|m12|h21,268.550,137.735,124.117,151.994,32,False,True
CISO,fossil_gen,eia,1,22,404.476,402.979,406.489,155,CISO|fossil_gen|eia|m1|h22,266.516,137.959,129.399,146.205,27,False,True
CISO,fossil_gen,eia,2,22,405.478,402.287,408.393,142,CISO|fossil_gen|eia|m2|h22,249.021,156.457,143.223,170.028,24,False,True
CISO,fossil_gen,eia,3,22,406.117,404.300,407.903,155,CISO|fossil_gen|eia|m3|h22,213.793,192.324,171.798,213.320,26,False,True
CISO,fossil_gen,eia,4,22,404.916,403.813,406.359,150,CISO|fossil_gen|eia|m4|h22,196.226,208.691,189.067,229.951,25,False,True
CISO,fossil_gen,eia,5,22,406.345,404.347,408.552,155,CISO|fossil_gen|eia|m5|h22,162.674,243.671,225.440,264.534,27,False,True
CISO,fossil_gen,eia,6,22,406.069,403.038,408.518,151,CISO|fossil_gen|eia|m6|h22,199.846,206.223,185.223,226.148,26,False,True
CISO,fossil_gen,eia,7,22,407.253,403.754,409.998,186,CISO|fossil_gen|eia|m7|h22,240.054,167.199,155.436,179.763,31,False,True
CISO,fossil_gen,eia,8,22,407.027,404.019,410.103,185,CISO|fossil_gen|eia|m8|h22,244.961,162.066,149.769,174.944,32,False,True
CISO,fossil_gen,eia,9,22,409.345,406.745,411.058,180,CISO|fossil_gen|eia|m9|h22,249.128,160.217,146.989,173.718,32,False,True
CISO,fossil_gen,eia,10,22,409.331,406.796,411.038,186,CISO|fossil_gen|eia|m10|h22,282.181,127.151,113.206,141.094,32,False,True
CISO,fossil_gen,eia,11,22,408.224,405.724,410.162,176,CISO|fossil_gen|eia|m11|h22,275.152,133.073,119.906,145.687,31,False,True
CISO,fossil_gen,eia,12,22,408.697,406.473,410.724,185,CISO|fossil_gen|eia|m12|h22,272.714,135.983,123.346,150.092,32,False,True
CISO,fossil_gen,eia,1,23,403.973,401.637,406.480,155,CISO|fossil_gen|eia|m1|h23,269.835,134.138,125.841,142.302,27,False,True
CISO,fossil_gen,eia,2,23,406.651,404.289,408.860,142,CISO|fossil_gen|eia|m2|h23,254.952,151.699,140.251,164.762,24,False,True
CISO,fossil_gen,eia,3,23,407.013,403.692,410.745,155,CISO|fossil_gen|eia|m3|h23,218.905,188.108,167.646,208.975,26,False,True
CISO,fossil_gen,eia,4,23,405.260,403.381,407.710,150,CISO|fossil_gen|eia|m4|h23,199.834,205.426,188.570,223.617,25,False,True
CISO,fossil_gen,eia,5,23,405.720,404.090,407.403,155,CISO|fossil_gen|eia|m5|h23,160.823,244.896,227.745,263.801,27,False,True
CISO,fossil_gen,eia,6,23,405.744,403.441,408.168,151,CISO|fossil_gen|eia|m6|h23,197.644,208.100,187.717,227.713,26,False,True
CISO,fossil_gen,eia,7,23,403.858,401.457,406.676,186,CISO|fossil_gen|eia|m7|h23,239.252,164.607,153.399,178.079,31,False,True
CISO,fossil_gen,eia,8,23,405.379,403.240,407.954,185,CISO|fossil_gen|eia|m8|h23,246.123,159.256,147.891,171.092,32,False,True
CISO,fossil_gen,eia,9,23,409.016,406.121,411.946,180,CISO|fossil_gen|eia|m9|h23,250.815,158.201,145.721,171.450,32,False,True
CISO,fossil_gen,eia,10,23,407.845,405.606,409.699,186,CISO|fossil_gen|eia|m10|h23,287.904,119.942,108.061,132.926,32,False,True
CISO,fossil_gen,eia,11,23,406.922,404.463,409.455,176,CISO|fossil_gen|eia|m11|h23,281.492,125.430,114.631,135.735,31,False,True
CISO,fossil_gen,eia,12,23,406.749,404.948,408.793,185,CISO|fossil_gen|eia|m12|h23,278.174,128.575,117.939,142.304,32,False,True
ERCO,demand,derived,1,0,82.875,-198.855,317.872,149,ERCO|demand|derived|m1|h00,331.039,-248.164,-519.653,-22.584,27,False,True
ERCO,demand,derived,2,0,85.865,-191.228,275.655,142,ERCO|demand|derived|m2|h00,307.702,-221.837,-487.167,-42.048,24,False,True
ERCO,demand,derived,3,0,416.950,171.733,591.722,153,ERCO|demand|derived|m3|h00,265.584,151.366,-92.633,322.571,26,False,False
ERCO,demand,derived,4,0,411.137,185.249,574.905,150,ERCO|demand|derived|m4|h00,286.227,124.910,-97.933,282.821,25,False,False
ERCO,demand,derived,5,0,393.016,201.093,599.605,155,ERCO|demand|derived|m5|h00,307.251,85.765,-101.251,283.009,27,False,False
ERCO,demand,derived,6,0,469.990,286.927,637.541,150,ERCO|demand|derived|m6|h00,338.143,131.847,-43.171,291.579,25,False,False
ERCO,demand,derived,7,0,532.073,263.137,784.019,186,ERCO|demand|derived|m7|h00,360.569,171.504,-93.899,423.280,31,False,False
ERCO,demand,derived,8,0,656.654,329.783,887.124,185,ERCO|demand|derived|m8|h00,365.241,291.412,-37.486,525.560,32,False,False
ERCO,demand,derived,9,0,458.351,202.229,662.169,180,ERCO|demand|derived|m9|h00,368.987,89.365,-167.942,293.699,32,False,False
ERCO,demand,derived,10,0,501.473,399.712,591.649,185,ERCO|demand|derived|m10|h00,339.805,161.668,62.562,249.517,32,False,True
ERCO,demand,derived,11,0,212.152,55.834,354.203,178,ERCO|demand|derived|m11|h00,322.495,-110.343,-266.741,30.502,31,False,False
ERCO,demand,derived,12,0,211.312,1.952,409.611,183,ERCO|demand|derived|m12|h00,325.474,-114.162,-318.743,82.464,32,False,False
ERCO,demand,derived,1,1,136.909,-131.373,399.129,152,ERCO|demand|derived|m1|h01,327.376,-190.467,-450.734,61.128,27,False,False
ERCO,demand,derived,2,1,126.398,-37.123,285.368,142,ERCO|demand|derived|m2|h01,305.620,-179.222,-331.466,-26.261,24,False,True
ERCO,demand,derived,3,1,387.895,177.166,577.302,154,ERCO|demand|derived|m3|h01,259.610,128.285,-76.520,316.060,26,False,False
ERCO,demand,derived,4,1,326.823,33.291,607.569,150,ERCO|demand|derived|m4|h01,275.944,50.879,-231.697,318.529,25,False,False
ERCO,demand,derived,5,1,258.975,21.087,487.629,155,ERCO|demand|derived|m5|h01,300.025,-41.050,-278.193,190.520,27,False,False
ERCO,demand,derived,6,1,511.038,143.930,887.261,150,ERCO|demand|derived|m6|h01,330.141,180.897,-185.742,558.122,25,False,False
ERCO,demand,derived,7,1,517.090,226.978,768.469,186,ERCO|demand|derived|m7|h01,352.098,164.992,-125.541,417.601,31,False,False
ERCO,demand,derived,8,1,735.533,449.823,995.743,186,ERCO|demand|derived|m8|h01,358.988,376.545,95.023,628.591,32,False,True
ERCO,demand,derived,9,1,605.445,332.183,844.572,180,ERCO|demand|derived|m9|h01,360.460,244.985,-31.473,484.756,32,False,False
ERCO,demand,derived,10,1,343.335,218.652,442.278,186,ERCO|demand|derived|m10|h01,331.742,11.592,-114.082,110.625,32,False,False
ERCO,demand,derived,11,1,239.247,46.548,427.980,184,ERCO|demand|derived|m11|h01,317.400,-78.153,-276.262,113.976,31,False,False
ERCO,demand,derived,12,1,301.119,133.301,467.556,185,ERCO|demand|derived|m12|h01,322.475,-21.356,-192.570,144.486,32,False,False
ERCO,demand,derived,1,2,259.726,28.832,513.581,152,ERCO|demand|derived|m1|h02,326.426,-66.701,-289.947,179.025,27,False,False
ERCO,demand,derived,2,2,492.654,247.884,525.753,142,ERCO|demand|derived|m2|h02,305.770,186.884,-55.971,224.644,24,False,False
ERCO,demand,derived,3,2,376.577,88.208,615.614,149,ERCO|demand|derived|m3|h02,258.433,118.144,-164.263,355.670,26,False,False
ERCO,demand,derived,4,2,20.195,-243.552,243.859,150,ERCO|demand|derived|m4|h02,272.591,-252.396,-510.063,-35.720,25,False,True
ERCO,demand,derived,5,2,333.578,131.644,540.152,155,ERCO|demand|derived|m5|h02,298.517,35.061,-167.485,247.871,27,False,False
ERCO,demand,derived,6,2,422.567,125.093,758.318,150,ERCO|demand|derived|m6|h02,325.804,96.764,-201.242,430.971,25,False,False
ERCO,demand,derived,7,2,289.070,8.515,535.602,186,ERCO|demand|derived|m7|h02,350.711,-61.642,-340.696,183.110,31,False,False
ERCO,demand,derived,8,2,558.467,379.593,733.168,186,ERCO|demand|derived|m8|h02,357.774,200.694,22.918,378.291,32,False,True
ERCO,demand,derived,9,2,284.439,100.025,475.858,180,ERCO|demand|derived|m9|h02,357.820,-73.382,-261.073,118.160,32,False,False
ERCO,demand,derived,10,2,248.514,84.903,390.518,186,ERCO|demand|derived|m10|h02,328.618,-80.104,-244.658,67.073,32,False,False
ERCO,demand,derived,11,2,188.667,43.051,327.844,180,ERCO|demand|derived|m11|h02,316.955,-128.287,-271.832,9.773,31,False,False
ERCO,demand,derived,12,2,298.348,150.182,452.380,185,ERCO|demand|derived|m12|h02,322.357,-24.010,-179.999,132.297,32,False,False
ERCO,demand,derived,1,3,566.392,255.084,882.766,152,ERCO|demand|derived|m1|h03,328.532,237.860,-67.905,560.247,27,False,False
ERCO,demand,derived,2,3,423.054,212.493,627.234,142,ERCO|demand|derived|m2|h03,308.262,114.792,-104.718,324.733,24,False,False
ERCO,demand,derived,3,3,212.186,-188.272,521.445,154,ERCO|demand|derived|m3|h03,260.402,-48.216,-448.026,257.897,26,False,False
ERCO,demand,derived,4,3,156.830,-106.923,399.108,150,ERCO|demand|derived|m4|h03,273.387,-116.557,-379.679,121.371,25,False,False
ERCO,demand,derived,5,3,266.715,42.098,471.947,155,ERCO|demand|derived|m5|h03,301.853,-35.139,-259.322,169.447,27,False,False
ERCO,demand,derived,6,3,265.805,47.823,460.284,150,ERCO|demand|derived|m6|h03,327.369,-61.565,-280.802,134.503,25,False,False
ERCO,demand,derived,7,3,221.581,2.402,425.799,186,ERCO|demand|derived|m7|h03,353.654,-132.073,-351.482,73.673,31,False,False
ERCO,demand,derived,8,3,408.805,243.774,578.490,186,ERCO|demand|derived|m8|h03,359.975,48.830,-116.833,218.459,32,False,False
ERCO,demand,derived,9,3,326.062,168.435,507.612,180,ERCO|demand|derived|m9|h03,360.016,-33.954,-194.412,150.582,32,False,False
ERCO,demand,derived,10,3,184.122,49.606,321.712,186,ERCO|demand|derived|m10|h03,330.026,-145.905,-283.585,-5.792,32,False,True
ERCO,demand,derived,11,3,285.390,94.324,460.515,180,ERCO|demand|derived|m11|h03,320.138,-34.748,-222.866,139.178,31,False,False
ERCO,demand,derived,12,3,267.108,35.344,466.637,185,ERCO|demand|derived|m12|h03,326.378,-59.269,-294.529,144.698,32,False,False
ERCO,demand,derived,1,4,546.107,360.113,759.063,152,ERCO|demand|derived|m1|h04,333.986,212.121,22.788,429.562,27,False,True
ERCO,demand,derived,2,4,526.491,369.594,656.577,142,ERCO|demand|derived|m2|h04,313.396,213.095,57.754,349.442,24,False,True
ERCO,demand,derived,3,4,378.237,221.842,517.905,154,ERCO|demand|derived|m3|h04,267.645,110.592,-48.275,250.618,26,False,False
ERCO,demand,derived,4,4,249.074,15.418,451.067,150,ERCO|demand|derived|m4|h04,277.894,-28.820,-263.237,173.902,25,False,False
ERCO,demand,derived,5,4,568.714,339.039,788.636,155,ERCO|demand|derived|m5|h04,309.628,259.086,30.877,477.603,27,False,True
ERCO,demand,derived,6,4,455.424,294.063,640.382,150,ERCO|demand|derived|m6|h04,334.012,121.412,-41.703,302.293,25,False,False
ERCO,demand,derived,7,4,428.160,310.834,554.467,186,ERCO|demand|derived|m7|h04,359.717,68.443,-50.146,198.350,31,False,False
ERCO,demand,derived,8,4,311.500,209.181,443.076,186,ERCO|demand|derived|m8|h04,365.953,-54.453,-156.624,77.267,32,False,False
ERCO,demand,derived,9,4,441.349,309.264,599.987,180,ERCO|demand|derived|m9|h04,366.789,74.560,-57.020,229.453,32,False,False
ERCO,demand,derived,10,4,378.799,226.442,551.891,186,ERCO|demand|derived|m10|h04,334.521,44.278,-113.427,220.907,32,False,False
ERCO,demand,derived,11,4,320.089,136.035,458.096,180,ERCO|demand|derived|m11|h04,327.618,-7.529,-184.532,125.564,31,False,False
ERCO,demand,derived,12,4,393.478,217.685,548.915,185,ERCO|demand|derived|m12|h04,333.374,60.104,-113.870,215.288,32,False,False
ERCO,demand,derived,1,5,469.971,372.205,562.768,152,ERCO|demand|derived|m1|h05,342.418,127.553,25.261,223.681,27,False,True
ERCO,demand,derived,2,5,498.141,399.755,585.588,142,ERCO|demand|derived|m2|h05,323.276,174.865,78.385,272.079,24,False,True
ERCO,demand,derived,3,5,522.781,424.440,614.786,154,ERCO|demand|derived|m3|h05,279.132,243.649,145.722,339.435,26,False,True
ERCO,demand,derived,4,5,419.511,298.452,560.596,150,ERCO|demand|derived|m4|h05,287.823,131.687,8.262,275.053,25,False,True
ERCO,demand,derived,5,5,609.722,487.925,733.246,155,ERCO|demand|derived|m5|h05,320.104,289.618,173.726,411.749,27,False,True
ERCO,demand,derived,6,5,376.437,226.729,533.216,150,ERCO|demand|derived|m6|h05,344.440,31.997,-114.200,184.738,25,False,False
ERCO,demand,derived,7,5,526.688,392.606,677.030,186,ERCO|demand|derived|m7|h05,369.408,157.280,18.143,311.215,31,False,True
ERCO,demand,derived,8,5,479.744,376.491,598.619,186,ERCO|demand|derived|m8|h05,375.799,103.945,-1.758,223.388,32,False,False
ERCO,demand,derived,9,5,603.326,508.499,695.770,180,ERCO|demand|derived|m9|h05,377.150,226.176,132.562,316.073,32,False,True
ERCO,demand,derived,10,5,429.148,322.988,537.817,186,ERCO|demand|derived|m10|h05,344.168,84.981,-23.945,193.596,32,False,False
ERCO,demand,derived,11,5,408.997,313.390,493.707,180,ERCO|demand|derived|m11|h05,338.903,70.093,-25.319,155.530,31,False,False
ERCO,demand,derived,12,5,500.155,402.695,586.437,185,ERCO|demand|derived|m12|h05,343.071,157.084,60.007,239.652,32,False,True
ERCO,demand,derived,1,6,525.929,465.009,594.697,152,ERCO|demand|derived|m1|h06,355.613,170.316,103.988,245.050,27,False,True
ERCO,demand,derived,2,6,485.899,409.886,559.973,142,ERCO|demand|derived|m2|h06,336.372,149.527,67.996,230.309,24,False,True
ERCO,demand,derived,3,6,516.492,449.414,600.738,154,ERCO|demand|derived|m3|h06,295.682,220.809,151.800,307.031,26,False,True
ERCO,demand,derived,4,6,505.804,438.497,588.728,150,ERCO|demand|derived|m4|h06,301.988,203.815,134.842,286.124,25,False,True
ERCO,demand,derived,5,6,522.120,434.853,610.554,155,ERCO|demand|derived|m5|h06,331.393,190.727,104.241,277.228,27,False,True
ERCO,demand,derived,6,6,506.049,415.621,616.345,150,ERCO|demand|derived|m6|h06,355.596,150.453,58.469,256.429,25,False,True
ERCO,demand,derived,7,6,544.054,450.175,637.356,186,ERCO|demand|derived|m7|h06,380.633,163.421,65.511,260.755,31,False,True
ERCO,demand,derived,8,6,502.898,409.621,607.945,186,ERCO|demand|derived|m8|h06,387.397,115.501,20.037,222.901,32,False,True
ERCO,demand,derived,9,6,579.728,513.116,652.066,180,ERCO|demand|derived|m9|h06,391.131,188.598,123.334,255.254,32,False,True
ERCO,demand,derived,10,6,523.559,441.925,605.582,186,ERCO|demand|derived|m10|h06,358.745,164.814,82.808,248.117,32,False,True
ERCO,demand,derived,11,6,481.292,406.975,556.686,180,ERCO|demand|derived|m11|h06,352.442,128.850,55.453,204.862,31,False,True
ERCO,demand,derived,12,6,581.902,483.036,666.293,185,ERCO|demand|derived|m12|h06,354.175,227.727,131.990,311.254,32,False,True
ERCO,demand,derived,1,7,547.852,361.624,737.389,152,ERCO|demand|derived|m1|h07,365.472,182.381,-2.652,373.356,27,False,False
ERCO,demand,derived,2,7,538.914,377.762,720.566,142,ERCO|demand|derived|m2|h07,343.775,195.139,29.651,375.843,24,False,True
ERCO,demand,derived,3,7,723.949,504.185,922.121,154,ERCO|demand|derived|m3|h07,306.653,417.296,202.488,610.813,26,False,True
ERCO,demand,derived,4,7,676.095,450.782,904.396,150,ERCO|demand|derived|m4|h07,309.902,366.193,138.800,596.660,25,False,True
ERCO,demand,derived,5,7,435.549,115.862,700.764,155,ERCO|demand|derived|m5|h07,330.475,105.074,-206.022,368.230,27,False,False
ERCO,demand,derived,6,7,67.663,-408.034,526.089,150,ERCO|demand|derived|m6|h07,352.238,-284.575,-758.298,162.852,25,False,False
ERCO,demand,derived,7,7,405.697,159.738,654.771,186,ERCO|demand|derived|m7|h07,382.486,23.211,-216.574,268.725,31,False,False
ERCO,demand,derived,8,7,558.955,277.518,839.495,186,ERCO|demand|derived|m8|h07,390.421,168.535,-114.151,457.153,32,False,False
ERCO,demand,derived,9,7,663.780,497.853,846.448,180,ERCO|demand|derived|m9|h07,398.851,264.929,96.910,442.279,32,False,True
ERCO,demand,derived,10,7,493.051,337.394,666.858,186,ERCO|demand|derived|m10|h07,371.400,121.651,-31.236,293.920,32,False,False
ERCO,demand,derived,11,7,705.432,432.710,979.956,180,ERCO|demand|derived|m11|h07,357.276,348.157,66.259,628.688,31,False,True
ERCO,demand,derived,12,7,519.925,203.790,810.206,185,ERCO|demand|derived|m12|h07,361.824,158.101,-154.760,440.484,32,False,False
ERCO,demand,derived,1,8,748.525,580.585,928.106,152,ERCO|demand|derived|m1|h08,355.695,392.829,215.101,577.387,27,False,True
ERCO,demand,derived,2,8,705.387,541.771,908.772,142,ERCO|demand|derived|m2|h08,329.149,376.239,205.928,587.522,24,False,True
ERCO,demand,derived,3,8,459.677,260.692,630.198,154,ERCO|demand|derived|m3|h08,296.337,163.340,-33.006,336.683,26,False,False
ERCO,demand,derived,4,8,508.034,236.020,805.851,150,ERCO|demand|derived|m4|h08,297.832,210.201,-71.238,514.044,25,False,False
ERCO,demand,derived,5,8,439.288,192.698,659.353,155,ERCO|demand|derived|m5|h08,315.308,123.980,-121.268,339.728,27,False,False
ERCO,demand,derived,6,8,-107.477,-573.799,412.579,150,ERCO|demand|derived|m6|h08,333.667,-441.144,-900.371,61.691,25,False,False
ERCO,demand,derived,7,8,-345.271,-906.715,267.628,186,ERCO|demand|derived|m7|h08,367.019,-712.290,-1264.598,-106.405,31,False,True
ERCO,demand,derived,8,8,-710.926,-1230.120,-41.606,186,ERCO|demand|derived|m8|h08,375.196,-1086.122,-1605.085,-425.684,32,False,True
ERCO,demand,derived,9,8,-333.276,-877.270,218.899,180,ERCO|demand|derived|m9|h08,382.810,-716.087,-1264.717,-163.082,32,False,True
ERCO,demand,derived,10,8,-312.439,-771.903,388.843,186,ERCO|demand|derived|m10|h08,359.538,-671.976,-1131.156,28.682,32,False,False
ERCO,demand,derived,11,8,496.488,260.529,826.192,180,ERCO|demand|derived|m11|h08,341.858,154.630,-87.147,494.508,31,False,False
ERCO,demand,derived,12,8,735.041,529.821,969.592,185,ERCO|demand|derived|m12|h08,347.820,387.221,172.105,631.685,32,False,True
ERCO,demand,derived,1,9,642.838,498.556,787.994,152,ERCO|demand|derived|m1|h09,340.086,302.752,152.055,456.461,27,False,True
ERCO,demand,derived,2,9,452.637,358.165,545.352,142,ERCO|demand|derived|m2|h09,318.391,134.246,33.228,231.353,24,False,True
ERCO,demand,derived,3,9,469.161,325.511,714.914,154,ERCO|demand|derived|m3|h09,280.285,188.876,47.919,437.522,26,False,True
ERCO,demand,derived,4,9,524.828,358.710,719.150,150,ERCO|demand|derived|m4|h09,285.807,239.020,66.718,430.952,25,False,True
ERCO,demand,derived,5,9,550.125,412.420,708.848,155,ERCO|demand|derived|m5|h09,304.924,245.201,106.395,402.468,27,False,True
ERCO,demand,derived,6,9,212.526,49.704,382.078,150,ERCO|demand|derived|m6|h09,323.987,-111.461,-271.767,58.211,25,False,False
ERCO,demand,derived,7,9,267.556,33.183,524.297,186,ERCO|demand|derived|m7|h09,354.634,-87.078,-319.274,167.805,31,False,False
ERCO,demand,derived,8,9,69.377,-339.424,447.481,186,ERCO|demand|derived|m8|h09,360.087,-290.711,-693.475,75.891,32,False,False
ERCO,demand,derived,9,9,97.534,-295.347,522.317,180,ERCO|demand|derived|m9|h09,366.174,-268.640,-652.007,141.769,32,False,False
ERCO,demand,derived,10,9,-129.390,-483.894,408.976,186,ERCO|demand|derived|m10|h09,339.828,-469.218,-809.315,56.486,32,False,False
ERCO,demand,derived,11,9,399.844,230.786,588.438,180,ERCO|demand|derived|m11|h09,332.141,67.703,-103.345,261.830,31,False,False
ERCO,demand,derived,12,9,487.403,321.469,655.362,185,ERCO|demand|derived|m12|h09,331.079,156.325,-17.685,340.752,32,False,False
ERCO,demand,derived,1,10,395.266,294.857,498.904,152,ERCO|demand|derived|m1|h10,333.675,61.591,-44.977,170.310,27,False,False
ERCO,demand,derived,2,10,415.567,341.821,492.589,142,ERCO|demand|derived|m2|h10,311.265,104.302,37.343,179.018,24,False,True
ERCO,demand,derived,3,10,556.803,449.156,711.576,154,ERCO|demand|derived|m3|h10,271.270,285.532,181.306,437.307,26,False,True
ERCO,demand,derived,4,10,595.189,423.240,768.225,150,ERCO|demand|derived|m4|h10,280.145,315.045,153.199,484.261,25,False,True
ERCO,demand,derived,5,10,524.374,357.642,691.069,155,ERCO|demand|derived|m5|h10,305.297,219.077,55.879,383.892,27,False,True
ERCO,demand,derived,6,10,634.249,486.175,805.259,150,ERCO|demand|derived|m6|h10,332.049,302.200,152.484,472.261,25,False,True
ERCO,demand,derived,7,10,641.163,350.663,864.289,185,ERCO|demand|derived|m7|h10,364.425,276.738,-16.332,503.260,31,False,False
ERCO,demand,derived,8,10,734.097,569.290,914.323,186,ERCO|demand|derived|m8|h10,367.093,367.004,199.083,550.261,32,False,True
ERCO,demand,derived,9,10,557.224,412.948,693.121,180,ERCO|demand|derived|m9|h10,364.333,192.891,44.063,335.438,32,False,True
ERCO,demand,derived,10,10,414.443,257.196,564.279,185,ERCO|demand|derived|m10|h10,335.880,78.562,-72.516,226.459,32,False,False
ERCO,demand,derived,11,10,382.949,252.768,489.564,180,ERCO|demand|derived|m11|h10,327.585,55.364,-69.356,157.028,31,False,False
ERCO,demand,derived,12,10,283.378,208.355,359.986,185,ERCO|demand|derived|m12|h10,323.792,-40.413,-119.358,34.117,32,False,False
ERCO,demand,derived,1,11,412.631,307.842,536.115,152,ERCO|demand|derived|m1|h11,328.449,84.182,-16.703,204.809,27,False,False
ERCO,demand,derived,2,11,461.988,364.231,556.160,142,ERCO|demand|derived|m2|h11,304.101,157.887,72.299,242.517,24,False,True
ERCO,demand,derived,3,11,544.575,435.464,682.054,154,ERCO|demand|derived|m3|h11,268.218,276.357,168.012,415.493,26,False,True
ERCO,demand,derived,4,11,487.716,335.090,621.525,150,ERCO|demand|derived|m4|h11,282.062,205.655,60.764,338.447,25,False,True
ERCO,demand,derived,5,11,533.490,391.160,686.057,155,ERCO|demand|derived|m5|h11,313.338,220.152,82.776,357.163,27,False,True
ERCO,demand,derived,6,11,651.868,443.001,873.504,150,ERCO|demand|derived|m6|h11,345.415,306.453,91.409,531.098,25,False,True
ERCO,demand,derived,7,11,859.925,604.792,1059.657,185,ERCO|demand|derived|m7|h11,379.267,480.658,213.818,685.097,31,False,True
ERCO,demand,derived,8,11,718.392,444.490,971.851,186,ERCO|demand|derived|m8|h11,381.862,336.530,55.241,595.933,32,False,True
ERCO,demand,derived,9,11,687.476,550.251,814.913,180,ERCO|demand|derived|m9|h11,371.807,315.668,169.057,452.462,32,False,True
ERCO,demand,derived,10,11,552.020,459.862,644.546,185,ERCO|demand|derived|m10|h11,338.199,213.821,120.768,302.464,32,False,True
ERCO,demand,derived,11,11,459.092,352.760,564.232,179,ERCO|demand|derived|m11|h11,326.081,133.011,38.287,229.826,31,False,True
ERCO,demand,derived,12,11,447.250,361.298,536.581,185,ERCO|demand|derived|m12|h11,316.524,130.725,49.365,214.855,32,False,True
ERCO,demand,derived,1,12,481.665,342.157,614.607,152,ERCO|demand|derived|m1|h12,324.678,156.986,25.279,284.679,27,False,True
ERCO,demand,derived,2,12,425.459,300.345,549.108,142,ERCO|demand|derived|m2|h12,298.390,127.069,16.315,243.238,24,False,True
ERCO,demand,derived,3,12,458.214,353.662,558.246,154,ERCO|demand|derived|m3|h12,270.244,187.969,88.912,288.905,26,False,True
ERCO,demand,derived,4,12,488.673,358.805,617.948,150,ERCO|demand|derived|m4|h12,286.625,202.048,73.678,334.713,25,False,True
ERCO,demand,derived,5,12,546.416,463.553,653.055,155,ERCO|demand|derived|m5|h12,320.867,225.549,145.354,325.790,27,False,True
ERCO,demand,derived,6,12,559.131,358.738,745.376,150,ERCO|demand|derived|m6|h12,356.115,203.016,-4.191,391.969,25,False,False
ERCO,demand,derived,7,12,769.149,590.655,915.082,186,ERCO|demand|derived|m7|h12,389.202,379.946,196.623,531.552,31,False,True
ERCO,demand,derived,8,12,564.806,334.658,784.469,186,ERCO|demand|derived|m8|h12,392.085,172.720,-57.750,397.526,32,False,False
ERCO,demand,derived,9,12,628.777,519.904,761.267,180,ERCO|demand|derived|m9|h12,380.383,248.394,127.710,383.693,32,False,True
ERCO,demand,derived,10,12,597.268,537.871,661.555,185,ERCO|demand|derived|m10|h12,344.823,252.445,183.971,325.751,32,False,True
ERCO,demand,derived,11,12,481.860,404.800,568.953,179,ERCO|demand|derived|m11|h12,326.893,154.967,81.501,240.138,31,False,True
ERCO,demand,derived,12,12,457.448,337.301,559.255,185,ERCO|demand|derived|m12|h12,311.572,145.875,35.670,241.527,32,False,True
ERCO,demand,derived,1,13,574.940,452.016,693.675,152,ERCO|demand|derived|m1|h13,321.174,253.766,131.410,369.551,27,False,True
ERCO,demand,derived,2,13,496.104,390.629,617.343,142,ERCO|demand|derived|m2|h13,295.602,200.501,103.809,309.001,24,False,True
ERCO,demand,derived,3,13,445.421,336.178,548.287,154,ERCO|demand|derived|m3|h13,272.062,173.359,59.945,280.297,26,False,True
ERCO,demand,derived,4,13,366.145,144.713,534.370,150,ERCO|demand|derived|m4|h13,292.650,73.495,-139.848,238.154,25,False,False
ERCO,demand,derived,5,13,475.768,377.385,591.955,155,ERCO|demand|derived|m5|h13,328.043,147.724,50.938,260.272,27,False,True
ERCO,demand,derived,6,13,521.494,355.526,665.465,150,ERCO|demand|derived|m6|h13,362.127,159.366,-6.411,303.290,25,False,False
ERCO,demand,derived,7,13,571.538,449.403,671.846,186,ERCO|demand|derived|m7|h13,392.453,179.085,50.372,288.200,31,False,True
ERCO,demand,derived,8,13,494.526,377.509,604.085,186,ERCO|demand|derived|m8|h13,396.162,98.364,-25.903,214.889,32,False,False
ERCO,demand,derived,9,13,575.311,460.442,688.741,180,ERCO|demand|derived|m9|h13,386.211,189.100,67.171,310.188,32,False,True
ERCO,demand,derived,10,13,621.446,543.127,701.951,186,ERCO|demand|derived|m10|h13,350.866,270.581,178.827,365.010,32,False,True
ERCO,demand,derived,11,13,489.735,428.183,556.825,180,ERCO|demand|derived|m11|h13,327.179,162.556,96.180,230.790,31,False,True
ERCO,demand,derived,12,13,471.222,361.765,589.644,185,ERCO|demand|derived|m12|h13,308.399,162.823,62.362,277.156,32,False,True
ERCO,demand,derived,1,14,580.175,432.724,704.092,152,ERCO|demand|derived|m1|h14,317.733,262.442,117.838,382.917,27,False,True
ERCO,demand,derived,2,14,499.124,420.906,575.911,142,ERCO|demand|derived|m2|h14,294.204,204.920,128.185,276.870,24,False,True
ERCO,demand,derived,3,14,429.474,320.008,531.547,154,ERCO|demand|derived|m3|h14,272.775,156.699,33.117,267.203,26,False,True
ERCO,demand,derived,4,14,430.614,330.718,537.429,150,ERCO|demand|derived|m4|h14,295.384,135.229,40.962,242.272,25,False,True
ERCO,demand,derived,5,14,375.957,258.186,481.935,155,ERCO|demand|derived|m5|h14,332.322,43.635,-76.173,148.131,27,False,False
ERCO,demand,derived,6,14,459.289,329.178,578.136,150,ERCO|demand|derived|m6|h14,365.175,94.114,-29.921,210.060,25,False,False
ERCO,demand,derived,7,14,527.191,404.530,631.284,186,ERCO|demand|derived|m7|h14,391.723,135.468,11.904,244.252,31,False,True
ERCO,demand,derived,8,14,457.731,353.511,564.616,186,ERCO|demand|derived|m8|h14,395.908,61.823,-44.024,174.272,32,False,False
ERCO,demand,derived,9,14,581.820,480.329,697.596,180,ERCO|demand|derived|m9|h14,388.484,193.336,82.880,319.519,32,False,True
ERCO,demand,derived,10,14,548.400,472.915,617.987,186,ERCO|demand|derived|m10|h14,354.037,194.363,110.292,273.715,32,False,True
ERCO,demand,derived,11,14,360.733,250.549,468.274,180,ERCO|demand|derived|m11|h14,326.780,33.953,-76.791,139.861,31,False,False
ERCO,demand,derived,12,14,547.309,401.214,711.153,185,ERCO|demand|derived|m12|h14,306.335,240.974,93.649,405.230,32,False,True
ERCO,demand,derived,1,15,473.764,150.515,729.314,152,ERCO|demand|derived|m1|h15,317.793,155.970,-160.464,407.663,27,False,False
ERCO,demand,derived,2,15,544.123,434.130,655.449,142,ERCO|demand|derived|m2|h15,294.663,249.460,142.639,358.256,24,False,True
ERCO,demand,derived,3,15,365.085,212.653,490.314,153,ERCO|demand|derived|m3|h15,274.368,90.717,-68.116,225.694,26,False,False
ERCO,demand,derived,4,15,347.655,211.660,465.817,149,ERCO|demand|derived|m4|h15,298.204,49.451,-71.318,157.776,25,False,False
ERCO,demand,derived,5,15,322.746,191.872,462.952,155,ERCO|demand|derived|m5|h15,334.510,-11.764,-144.400,129.178,27,False,False
ERCO,demand,derived,6,15,495.962,376.426,611.702,150,ERCO|demand|derived|m6|h15,365.205,130.757,8.144,247.525,25,False,True
ERCO,demand,derived,7,15,460.700,342.300,573.090,186,ERCO|demand|derived|m7|h15,390.431,70.269,-46.764,181.964,31,False,False
ERCO,demand,derived,8,15,422.729,302.245,541.548,186,ERCO|demand|derived|m8|h15,394.232,28.497,-91.073,147.149,32,False,False
ERCO,demand,derived,9,15,541.752,425.086,668.062,180,ERCO|demand|derived|m9|h15,389.454,152.298,36.317,282.878,32,False,True
ERCO,demand,derived,10,15,496.068,392.811,592.485,186,ERCO|demand|derived|m10|h15,355.783,140.285,27.975,241.189,32,False,True
ERCO,demand,derived,11,15,272.650,88.102,487.221,180,ERCO|demand|derived|m11|h15,330.749,-58.099,-246.444,163.683,31,False,False
ERCO,demand,derived,12,15,587.924,387.113,817.341,185,ERCO|demand|derived|m12|h15,308.942,278.982,76.398,508.404,32,False,True
ERCO,demand,derived,1,16,324.701,-200.763,849.780,152,ERCO|demand|derived|m1|h16,333.278,-8.577,-530.176,507.460,27,False,False
ERCO,demand,derived,2,16,473.521,119.285,788.450,142,ERCO|demand|derived|m2|h16,301.527,171.994,-194.563,493.202,24,False,False
ERCO,demand,derived,3,16,237.214,19.083,416.387,153,ERCO|demand|derived|m3|h16,277.748,-40.534,-253.544,137.730,26,False,False
ERCO,demand,derived,4,16,340.281,182.958,471.298,149,ERCO|demand|derived|m4|h16,301.335,38.946,-114.256,167.329,25,False,False
ERCO,demand,derived,5,16,356.233,199.977,494.858,155,ERCO|demand|derived|m5|h16,335.413,20.820,-130.398,157.141,27,False,False
ERCO,demand,derived,6,16,539.033,454.291,625.716,150,ERCO|demand|derived|m6|h16,364.237,174.796,86.967,265.485,25,False,True
ERCO,demand,derived,7,16,537.379,418.268,630.080,186,ERCO|demand|derived|m7|h16,388.672,148.707,31.521,240.907,31,False,True
ERCO,demand,derived,8,16,424.072,312.329,550.949,186,ERCO|demand|derived|m8|h16,392.447,31.625,-79.796,159.785,32,False,False
ERCO,demand,derived,9,16,531.594,409.491,650.311,180,ERCO|demand|derived|m9|h16,390.796,140.799,14.704,264.667,32,False,True
ERCO,demand,derived,10,16,487.147,337.059,646.569,186,ERCO|demand|derived|m10|h16,358.624,128.523,-32.842,288.564,32,False,False
ERCO,demand,derived,11,16,554.753,131.310,1101.335,180,ERCO|demand|derived|m11|h16,354.323,200.430,-219.067,750.947,31,False,False
ERCO,demand,derived,12,16,770.289,355.030,1284.397,185,ERCO|demand|derived|m12|h16,336.235,434.053,9.474,956.014,32,False,True
ERCO,demand,derived,1,17,803.760,323.224,1169.347,152,ERCO|demand|derived|m1|h17,376.040,427.720,-60.512,795.679,27,False,False
ERCO,demand,derived,2,17,205.579,-182.583,610.559,142,ERCO|demand|derived|m2|h17,330.234,-124.656,-514.616,282.837,24,False,False
ERCO,demand,derived,3,17,55.406,-252.890,489.866,154,ERCO|demand|derived|m3|h17,286.995,-231.590,-538.797,192.979,26,False,False
ERCO,demand,derived,4,17,363.802,151.038,535.573,150,ERCO|demand|derived|m4|h17,305.371,58.431,-152.628,231.720,25,False,False
ERCO,demand,derived,5,17,388.420,169.140,602.979,155,ERCO|demand|derived|m5|h17,335.089,53.331,-163.396,270.435,27,False,False
ERCO,demand,derived,6,17,475.846,326.256,647.039,150,ERCO|demand|derived|m6|h17,361.966,113.880,-35.968,283.387,25,False,False
ERCO,demand,derived,7,17,483.689,349.160,612.474,186,ERCO|demand|derived|m7|h17,387.220,96.469,-31.757,221.688,31,False,False
ERCO,demand,derived,8,17,409.899,252.323,579.952,186,ERCO|demand|derived|m8|h17,391.282,18.616,-137.888,191.095,32,False,False
ERCO,demand,derived,9,17,583.326,392.151,766.152,180,ERCO|demand|derived|m9|h17,394.112,189.214,-8.833,373.983,32,False,False
ERCO,demand,derived,10,17,423.298,81.937,753.935,186,ERCO|demand|derived|m10|h17,369.451,53.848,-298.331,388.191,32,False,False
ERCO,demand,derived,11,17,185.674,-141.082,606.084,180,ERCO|demand|derived|m11|h17,386.178,-200.503,-522.009,220.028,31,False,False
ERCO,demand,derived,12,17,461.908,131.848,841.779,185,ERCO|demand|derived|m12|h17,381.009,80.899,-251.078,455.532,32,False,False
ERCO,demand,derived,1,18,705.982,432.135,938.181,152,ERCO|demand|derived|m1|h18,392.720,313.262,35.882,549.982,27,False,True
ERCO,demand,derived,2,18,641.162,248.341,1089.947,142,ERCO|demand|derived|m2|h18,360.425,280.737,-101.495,722.613,24,False,False
ERCO,demand,derived,3,18,613.676,281.721,845.874,154,ERCO|demand|derived|m3|h18,308.532,305.144,-29.393,534.665,26,False,False
ERCO,demand,derived,4,18,491.286,259.252,694.810,150,ERCO|demand|derived|m4|h18,315.079,176.207,-54.595,381.995,25,False,False
ERCO,demand,derived,5,18,313.931,130.495,517.033,155,ERCO|demand|derived|m5|h18,335.546,-21.615,-202.991,173.991,27,False,False
ERCO,demand,derived,6,18,433.809,251.940,612.949,150,ERCO|demand|derived|m6|h18,361.849,71.960,-114.807,251.744,25,False,False
ERCO,demand,derived,7,18,601.168,446.876,769.408,186,ERCO|demand|derived|m7|h18,387.439,213.729,62.480,380.116,31,False,True
ERCO,demand,derived,8,18,443.259,194.366,680.814,186,ERCO|demand|derived|m8|h18,394.323,48.937,-204.655,291.658,32,False,False
ERCO,demand,derived,9,18,427.847,-93.718,973.415,180,ERCO|demand|derived|m9|h18,409.572,18.275,-513.102,568.274,32,False,False
ERCO,demand,derived,10,18,274.152,26.444,604.169,186,ERCO|demand|derived|m10|h18,397.164,-123.012,-368.888,204.960,32,False,False
ERCO,demand,derived,11,18,115.665,-98.283,343.305,180,ERCO|demand|derived|m11|h18,384.520,-268.855,-482.316,-43.710,31,False,True
ERCO,demand,derived,12,18,466.071,313.637,632.874,184,ERCO|demand|derived|m12|h18,382.263,83.808,-67.526,248.520,32,False,False
ERCO,demand,derived,1,19,450.393,252.665,610.038,152,ERCO|demand|derived|m1|h19,381.772,68.621,-133.272,227.899,27,False,False
ERCO,demand,derived,2,19,328.401,113.184,549.107,142,ERCO|demand|derived|m2|h19,351.129,-22.728,-237.799,203.590,24,False,False
ERCO,demand,derived,3,19,131.186,-230.974,529.178,154,ERCO|demand|derived|m3|h19,329.147,-197.960,-554.791,201.350,26,False,False
ERCO,demand,derived,4,19,191.999,-78.300,459.785,150,ERCO|demand|derived|m4|h19,340.242,-148.243,-414.715,112.630,25,False,False
ERCO,demand,derived,5,19,293.811,62.462,543.435,155,ERCO|demand|derived|m5|h19,346.803,-52.992,-283.161,192.828,27,False,False
ERCO,demand,derived,6,19,327.126,-155.459,740.493,150,ERCO|demand|derived|m6|h19,373.255,-46.129,-522.225,366.313,26,False,False
ERCO,demand,derived,7,19,612.981,140.612,1035.203,186,ERCO|demand|derived|m7|h19,397.117,215.865,-253.715,631.934,31,False,False
ERCO,demand,derived,8,19,57.334,-270.104,430.463,186,ERCO|demand|derived|m8|h19,409.005,-351.670,-680.849,20.296,32,False,False
ERCO,demand,derived,9,19,133.661,-86.406,386.832,180,ERCO|demand|derived|m9|h19,429.795,-296.134,-517.468,-42.503,32,False,True
ERCO,demand,derived,10,19,335.414,184.957,491.233,186,ERCO|demand|derived|m10|h19,404.737,-69.323,-218.986,88.057,32,False,False
ERCO,demand,derived,11,19,364.430,201.978,528.230,180,ERCO|demand|derived|m11|h19,372.159,-7.729,-174.171,159.386,31,False,False
ERCO,demand,derived,12,19,285.408,81.157,477.941,184,ERCO|demand|derived|m12|h19,368.824,-83.415,-287.471,106.836,32,False,False
ERCO,demand,derived,1,20,160.184,-48.738,325.627,152,ERCO|demand|derived|m1|h20,371.700,-211.516,-419.628,-49.079,27,False,True
ERCO,demand,derived,2,20,162.268,-39.114,330.921,142,ERCO|demand|derived|m2|h20,338.209,-175.941,-381.174,-5.344,24,False,True
ERCO,demand,derived,3,20,739.591,538.843,949.096,154,ERCO|demand|derived|m3|h20,325.323,414.268,216.074,621.471,26,False,True
ERCO,demand,derived,4,20,406.342,222.013,619.788,150,ERCO|demand|derived|m4|h20,350.390,55.952,-128.772,270.836,25,False,False
ERCO,demand,derived,5,20,236.397,85.949,424.963,155,ERCO|demand|derived|m5|h20,357.591,-121.194,-272.791,65.894,27,False,False
ERCO,demand,derived,6,20,31.545,-180.327,259.129,151,ERCO|demand|derived|m6|h20,386.772,-355.227,-557.322,-135.538,26,False,True
ERCO,demand,derived,7,20,70.881,-315.071,475.177,186,ERCO|demand|derived|m7|h20,411.518,-340.637,-724.051,68.552,31,False,False
ERCO,demand,derived,8,20,-19.151,-281.052,222.734,186,ERCO|demand|derived|m8|h20,417.371,-436.522,-699.368,-198.564,32,False,True
ERCO,demand,derived,9,20,622.496,333.954,923.903,180,ERCO|demand|derived|m9|h20,423.171,199.326,-89.184,497.054,32,False,False
ERCO,demand,derived,10,20,503.510,285.282,692.903,186,ERCO|demand|derived|m10|h20,389.230,114.280,-104.814,306.223,32,False,False
ERCO,demand,derived,11,20,176.559,-72.158,372.916,180,ERCO|demand|derived|m11|h20,360.174,-183.615,-429.356,9.204,31,False,False
ERCO,demand,derived,12,20,354.173,161.348,530.875,184,ERCO|demand|derived|m12|h20,358.214,-4.041,-193.993,172.658,32,False,False
ERCO,demand,derived,1,21,166.534,-19.923,351.043,152,ERCO|demand|derived|m1|h21,361.528,-194.994,-376.371,-14.508,27,False,True
ERCO,demand,derived,2,21,185.812,-16.038,386.214,142,ERCO|demand|derived|m2|h21,329.129,-143.317,-348.901,63.207,24,False,False
ERCO,demand,derived,3,21,368.821,-11.564,698.401,154,ERCO|demand|derived|m3|h21,309.181,59.640,-317.359,383.129,26,False,False
ERCO,demand,derived,4,21,415.362,77.613,705.886,150,ERCO|demand|derived|m4|h21,335.819,79.543,-256.127,367.865,25,False,False
ERCO,demand,derived,5,21,578.646,396.057,741.647,155,ERCO|demand|derived|m5|h21,347.333,231.312,47.989,395.186,27,False,True
ERCO,demand,derived,6,21,459.390,158.124,717.320,151,ERCO|demand|derived|m6|h21,378.070,81.320,-222.813,343.025,26,False,False
ERCO,demand,derived,7,21,607.879,413.186,808.169,186,ERCO|demand|derived|m7|h21,404.493,203.386,7.361,403.094,31,False,True
ERCO,demand,derived,8,21,389.395,154.419,601.838,186,ERCO|demand|derived|m8|h21,407.885,-18.490,-252.798,190.805,32,False,False
ERCO,demand,derived,9,21,690.154,465.660,941.177,180,ERCO|demand|derived|m9|h21,406.774,283.380,58.550,536.634,32,False,True
ERCO,demand,derived,10,21,561.484,413.906,706.682,186,ERCO|demand|derived|m10|h21,374.830,186.654,37.462,337.640,32,False,True
ERCO,demand,derived,11,21,256.122,73.652,411.970,180,ERCO|demand|derived|m11|h21,350.097,-93.975,-275.337,60.974,31,False,False
ERCO,demand,derived,12,21,269.515,35.476,444.023,184,ERCO|demand|derived|m12|h21,349.014,-79.498,-313.686,97.768,32,False,False
ERCO,demand,derived,1,22,297.780,173.935,421.934,152,ERCO|demand|derived|m1|h22,350.079,-52.299,-180.001,72.749,27,False,False
ERCO,demand,derived,2,22,339.494,195.044,473.546,142,ERCO|demand|derived|m2|h22,319.826,19.668,-127.024,150.780,24,False,False
ERCO,demand,derived,3,22,337.966,149.942,520.058,154,ERCO|demand|derived|m3|h22,293.765,44.201,-141.327,224.553,26,False,False
ERCO,demand,derived,4,22,372.422,248.524,514.713,150,ERCO|demand|derived|m4|h22,317.280,55.143,-71.162,202.737,25,False,False
ERCO,demand,derived,5,22,562.044,391.680,745.788,155,ERCO|demand|derived|m5|h22,333.349,228.696,57.639,411.188,27,False,True
ERCO,demand,derived,6,22,595.041,352.177,841.728,151,ERCO|demand|derived|m6|h22,362.950,232.091,-10.105,475.030,26,False,False
ERCO,demand,derived,7,22,726.444,514.577,979.695,186,ERCO|demand|derived|m7|h22,388.128,338.316,125.324,592.388,31,False,True
ERCO,demand,derived,8,22,630.794,450.016,827.719,186,ERCO|demand|derived|m8|h22,392.939,237.855,53.374,432.859,32,False,True
ERCO,demand,derived,9,22,571.381,426.009,715.945,180,ERCO|demand|derived|m9|h22,391.849,179.532,30.384,323.679,32,False,True
ERCO,demand,derived,10,22,499.005,383.974,604.651,186,ERCO|demand|derived|m10|h22,362.866,136.139,18.862,243.298,32,False,True
ERCO,demand,derived,11,22,374.202,243.135,495.620,180,ERCO|demand|derived|m11|h22,339.776,34.426,-102.364,160.582,31,False,False
ERCO,demand,derived,12,22,268.931,132.769,400.388,184,ERCO|demand|derived|m12|h22,340.982,-72.052,-203.710,58.587,32,False,False
ERCO,demand,derived,1,23,193.248,62.154,354.428,152,ERCO|demand|derived|m1|h23,339.712,-146.464,-280.388,18.882,27,False,False
ERCO,demand,derived,2,23,173.579,-24.027,340.047,142,ERCO|demand|derived|m2|h23,311.398,-137.820,-329.094,27.367,24,False,False
ERCO,demand,derived,3,23,293.198,96.920,440.547,154,ERCO|demand|derived|m3|h23,279.081,14.117,-179.603,153.773,26,False,False
ERCO,demand,derived,4,23,354.141,193.272,504.061,150,ERCO|demand|derived|m4|h23,301.378,52.763,-108.123,203.545,25,False,False
ERCO,demand,derived,5,23,431.741,279.678,607.298,155,ERCO|demand|derived|m5|h23,319.561,112.179,-41.871,285.370,27,False,False
ERCO,demand,derived,6,23,348.127,164.904,510.073,151,ERCO|demand|derived|m6|h23,350.073,-1.946,-181.960,158.442,26,False,False
ERCO,demand,derived,7,23,658.178,456.329,855.195,186,ERCO|demand|derived|m7|h23,373.315,284.863,81.592,483.783,31,False,True
ERCO,demand,derived,8,23,709.143,466.031,913.440,185,ERCO|demand|derived|m8|h23,378.315,330.828,83.138,539.102,32,False,True
ERCO,demand,derived,9,23,515.981,354.791,695.214,180,ERCO|demand|derived|m9|h23,377.899,138.082,-22.258,312.452,32,False,False
ERCO,demand,derived,10,23,525.295,400.266,633.395,185,ERCO|demand|derived|m10|h23,351.267,174.028,50.030,287.233,32,False,True
ERCO,demand,derived,11,23,430.499,304.119,558.761,180,ERCO|demand|derived|m11|h23,330.165,100.334,-24.653,225.089,31,False,False
ERCO,demand,derived,12,23,326.366,172.673,466.901,183,ERCO|demand|derived|m12|h23,331.681,-5.314,-156.078,126.857,32,False,False
ERCO,demand,eia,1,0,94.643,-169.850,329.664,149,ERCO|demand|eia|m1|h00,342.733,-248.090,-506.590,-23.487,27,False,True
ERCO,demand,eia,2,0,96.163,-190.093,293.885,142,ERCO|demand|eia|m2|h00,318.148,-221.985,-497.906,-33.386,24,False,True
ERCO,demand,eia,3,0,428.563,177.548,604.967,153,ERCO|demand|eia|m3|h00,275.950,152.614,-95.234,330.189,26,False,False
ERCO,demand,eia,4,0,423.516,192.855,594.232,150,ERCO|demand|eia|m4|h00,297.115,126.400,-104.926,293.727,25,False,False
ERCO,demand,eia,5,0,404.734,204.604,641.053,155,ERCO|demand|eia|m5|h00,318.176,86.558,-110.111,316.419,27,False,False
ERCO,demand,eia,6,0,486.442,285.153,651.572,150,ERCO|demand|eia|m6|h00,349.423,137.020,-56.456,296.782,25,False,False
ERCO,demand,eia,7,0,548.494,276.839,804.188,186,ERCO|demand|eia|m7|h00,371.045,177.449,-95.041,430.691,31,False,False
ERCO,demand,eia,8,0,690.150,375.253,920.747,185,ERCO|demand|eia|m8|h00,375.920,314.230,-0.138,549.073,32,False,False
ERCO,demand,eia,9,0,475.622,235.451,680.304,180,ERCO|demand|eia|m9|h00,380.261,95.361,-148.224,303.255,32,False,False
ERCO,demand,eia,10,0,514.155,408.618,603.828,185,ERCO|demand|eia|m10|h00,350.586,163.570,63.583,250.293,32,False,True
ERCO,demand,eia,11,0,223.455,66.817,366.421,178,ERCO|demand|eia|m11|h00,333.619,-110.165,-267.762,34.057,31,False,False
ERCO,demand,eia,12,0,216.276,-15.736,414.744,183,ERCO|demand|eia|m12|h00,336.758,-120.482,-354.188,78.972,32,False,False
ERCO,demand,eia,1,1,144.423,-139.670,419.128,152,ERCO|demand|eia|m1|h01,339.011,-194.588,-470.536,76.228,27,False,False
ERCO,demand,eia,2,1,132.398,-34.490,298.483,142,ERCO|demand|eia|m2|h01,316.037,-183.639,-338.739,-24.611,24,False,True
ERCO,demand,eia,3,1,399.194,188.928,570.568,154,ERCO|demand|eia|m3|h01,269.895,129.299,-75.828,299.237,26,False,False
ERCO,demand,eia,4,1,334.381,49.135,607.267,150,ERCO|demand|eia|m4|h01,286.741,47.639,-231.341,306.628,25,False,False
ERCO,demand,eia,5,1,269.114,12.246,506.113,155,ERCO|demand|eia|m5|h01,310.922,-41.808,-291.981,199.340,27,False,False
ERCO,demand,eia,6,1,531.946,151.910,931.096,150,ERCO|demand|eia|m6|h01,341.369,190.577,-184.144,589.016,25,False,False
ERCO,demand,eia,7,1,546.477,277.656,809.819,186,ERCO|demand|eia|m7|h01,362.480,183.997,-87.518,445.558,31,False,False
ERCO,demand,eia,8,1,784.785,477.562,1055.867,186,ERCO|demand|eia|m8|h01,369.562,415.223,111.131,679.691,32,False,True
ERCO,demand,eia,9,1,638.225,349.839,888.918,180,ERCO|demand|eia|m9|h01,371.586,266.639,-24.775,519.499,32,False,False
ERCO,demand,eia,10,1,357.769,244.919,457.104,186,ERCO|demand|eia|m10|h01,342.377,15.393,-98.760,112.837,32,False,False
ERCO,demand,eia,11,1,254.369,59.429,439.296,184,ERCO|demand|eia|m11|h01,328.492,-74.123,-275.614,117.103,31,False,False
ERCO,demand,eia,12,1,309.821,120.795,487.831,185,ERCO|demand|eia|m12|h01,333.813,-23.992,-215.948,151.607,32,False,False
ERCO,demand,eia,1,2,270.703,26.106,535.605,152,ERCO|demand|eia|m1|h02,338.059,-67.356,-303.805,196.356,27,False,False
ERCO,demand,eia,2,2,500.518,263.896,536.274,142,ERCO|demand|eia|m2|h02,316.186,184.332,-49.440,227.800,24,False,False
ERCO,demand,eia,3,2,393.522,109.087,649.447,149,ERCO|demand|eia|m3|h02,268.703,124.819,-157.278,376.833,26,False,False
ERCO,demand,eia,4,2,22.606,-242.891,262.784,150,ERCO|demand|eia|m4|h02,283.426,-260.820,-518.603,-28.510,25,False,True
ERCO,demand,eia,5,2,344.153,146.403,554.909,155,ERCO|demand|eia|m5|h02,309.484,34.669,-168.411,249.933,27,False,False
ERCO,demand,eia,6,2,443.447,148.749,789.720,150,ERCO|demand|eia|m6|h02,337.020,106.427,-190.686,451.243,25,False,False
ERCO,demand,eia,7,2,301.518,24.906,567.905,186,ERCO|demand|eia|m7|h02,361.118,-59.600,-334.396,205.438,31,False,False
ERCO,demand,eia,8,2,590.554,395.198,770.649,186,ERCO|demand|eia|m8|h02,368.317,222.237,27.196,405.877,32,False,True
ERCO,demand,eia,9,2,303.571,121.812,491.683,180,ERCO|demand|eia|m9|h02,368.920,-65.349,-249.308,124.401,32,False,False
ERCO,demand,eia,10,2,260.224,94.128,397.490,186,ERCO|demand|eia|m10|h02,339.216,-78.992,-245.760,61.248,32,False,False
ERCO,demand,eia,11,2,200.139,55.416,344.068,180,ERCO|demand|eia|m11|h02,328.028,-127.889,-274.783,16.140,31,False,False
ERCO,demand,eia,12,2,308.213,154.013,462.297,185,ERCO|demand|eia|m12|h02,333.721,-25.507,-183.861,130.435,32,False,False
ERCO,demand,eia,1,3,584.371,253.731,917.250,152,ERCO|demand|eia|m1|h03,340.286,244.084,-84.021,571.647,27,False,False
ERCO,demand,eia,2,3,438.315,225.481,635.603,142,ERCO|demand|eia|m2|h03,318.776,119.538,-96.543,320.389,24,False,False
ERCO,demand,eia,3,3,221.269,-180.655,553.561,154,ERCO|demand|eia|m3|h03,270.805,-49.537,-447.796,278.425,26,False,False
ERCO,demand,eia,4,3,162.296,-101.400,412.767,150,ERCO|demand|eia|m4|h03,284.359,-122.062,-376.204,122.846,25,False,False
ERCO,demand,eia,5,3,277.363,52.899,498.066,155,ERCO|demand|eia|m5|h03,313.004,-35.641,-259.445,178.270,27,False,False
ERCO,demand,eia,6,3,281.991,67.809,491.067,150,ERCO|demand|eia|m6|h03,338.711,-56.720,-270.473,152.570,25,False,False
ERCO,demand,eia,7,3,234.837,13.744,447.918,186,ERCO|demand|eia|m7|h03,364.211,-129.375,-352.450,87.681,31,False,False
ERCO,demand,eia,8,3,431.053,252.241,600.884,186,ERCO|demand|eia|m8|h03,370.630,60.423,-118.304,230.101,32,False,False
ERCO,demand,eia,9,3,346.418,166.020,536.372,180,ERCO|demand|eia|m9|h03,371.255,-24.837,-204.712,166.494,32,False,False
ERCO,demand,eia,10,3,194.874,61.771,331.580,186,ERCO|demand|eia|m10|h03,340.732,-145.858,-283.899,-7.292,32,False,True
ERCO,demand,eia,11,3,296.945,86.173,480.943,180,ERCO|demand|eia|m11|h03,331.344,-34.400,-240.101,148.365,31,False,False
ERCO,demand,eia,12,3,274.595,16.715,473.126,185,ERCO|demand|eia|m12|h03,337.863,-63.269,-327.161,139.652,32,False,False
ERCO,demand,eia,1,4,562.955,372.746,776.283,152,ERCO|demand|eia|m1|h04,345.904,217.051,23.538,437.448,27,False,True
ERCO,demand,eia,2,4,540.250,390.524,673.974,142,ERCO|demand|eia|m2|h04,324.081,216.169,64.250,352.401,24,False,True
ERCO,demand,eia,3,4,393.100,238.441,540.435,154,ERCO|demand|eia|m3|h04,278.306,114.793,-41.069,261.977,26,False,False
ERCO,demand,eia,4,4,263.126,25.025,469.137,150,ERCO|demand|eia|m4|h04,289.081,-25.955,-265.017,177.680,25,False,False
ERCO,demand,eia,5,4,590.576,372.576,822.620,155,ERCO|demand|eia|m5|h04,321.018,269.559,48.294,497.744,27,False,True
ERCO,demand,eia,6,4,475.438,305.118,663.815,150,ERCO|demand|eia|m6|h04,345.553,129.885,-41.420,318.417,25,False,False
ERCO,demand,eia,7,4,445.720,328.218,576.941,186,ERCO|demand|eia|m7|h04,370.462,75.257,-48.007,207.073,31,False,False
ERCO,demand,eia,8,4,328.231,222.527,454.485,186,ERCO|demand|eia|m8|h04,376.835,-48.605,-150.660,75.093,32,False,False
ERCO,demand,eia,9,4,463.122,328.655,630.465,180,ERCO|demand|eia|m9|h04,378.327,84.795,-46.938,244.203,32,False,False
ERCO,demand,eia,10,4,395.297,236.683,574.132,186,ERCO|demand|eia|m10|h04,345.459,49.838,-114.584,229.130,32,False,False
ERCO,demand,eia,11,4,327.748,144.595,469.597,180,ERCO|demand|eia|m11|h04,339.044,-11.295,-190.715,128.144,31,False,False
ERCO,demand,eia,12,4,406.078,228.294,565.093,185,ERCO|demand|eia|m12|h04,344.990,61.088,-117.342,217.622,32,False,False
ERCO,demand,eia,1,5,482.218,390.778,574.362,152,ERCO|demand|eia|m1|h05,354.435,127.783,32.853,224.307,27,False,True
ERCO,demand,eia,2,5,508.673,418.561,602.917,142,ERCO|demand|eia|m2|h05,334.104,174.569,80.306,277.761,24,False,True
ERCO,demand,eia,3,5,536.527,435.948,627.190,154,ERCO|demand|eia|m3|h05,289.995,246.532,145.619,340.496,26,False,True
ERCO,demand,eia,4,5,438.289,310.872,578.830,150,ERCO|demand|eia|m4|h05,299.227,139.062,9.227,283.489,25,False,True
ERCO,demand,eia,5,5,632.449,512.947,756.196,155,ERCO|demand|eia|m5|h05,331.720,300.729,185.144,424.750,27,False,True
ERCO,demand,eia,6,5,389.520,250.040,541.707,150,ERCO|demand|eia|m6|h05,356.238,33.282,-107.969,179.966,25,False,False
ERCO,demand,eia,7,5,542.353,403.780,681.620,186,ERCO|demand|eia|m7|h05,380.381,161.972,20.889,306.073,31,False,True
ERCO,demand,eia,8,5,492.165,384.033,611.307,186,ERCO|demand|eia|m8|h05,386.851,105.314,-4.778,225.535,32,False,False
ERCO,demand,eia,9,5,620.174,529.876,714.812,180,ERCO|demand|eia|m9|h05,388.905,231.269,142.976,324.593,32,False,True
ERCO,demand,eia,10,5,439.137,328.032,551.932,186,ERCO|demand|eia|m10|h05,355.368,83.770,-30.060,198.879,32,False,False
ERCO,demand,eia,11,5,417.121,314.373,507.868,180,ERCO|demand|eia|m11|h05,350.521,66.600,-35.305,160.300,31,False,False
ERCO,demand,eia,12,5,513.640,416.461,597.260,185,ERCO|demand|eia|m12|h05,354.794,158.846,61.795,239.316,32,False,True
ERCO,demand,eia,1,6,538.454,468.572,608.507,152,ERCO|demand|eia|m1|h06,367.699,170.755,95.570,247.916,27,False,True
ERCO,demand,eia,2,6,493.165,411.517,571.565,142,ERCO|demand|eia|m2|h06,347.225,145.940,60.900,231.732,24,False,True
ERCO,demand,eia,3,6,527.037,459.344,614.213,154,ERCO|demand|eia|m3|h06,306.660,220.377,153.749,308.150,26,False,True
ERCO,demand,eia,4,6,521.700,449.870,608.257,150,ERCO|demand|eia|m4|h06,313.495,208.205,134.329,295.293,25,False,True
ERCO,demand,eia,5,6,535.766,440.045,635.080,155,ERCO|demand|eia|m5|h06,343.151,192.615,99.372,290.363,27,False,True
ERCO,demand,eia,6,6,514.552,419.088,629.488,150,ERCO|demand|eia|m6|h06,367.662,146.890,53.984,256.524,25,False,True
ERCO,demand,eia,7,6,554.422,457.845,650.658,186,ERCO|demand|eia|m7|h06,391.901,162.521,61.574,263.694,31,False,True
ERCO,demand,eia,8,6,506.528,409.532,616.156,186,ERCO|demand|eia|m8|h06,398.589,107.939,8.009,218.853,32,False,True
ERCO,demand,eia,9,6,587.346,521.573,657.345,180,ERCO|demand|eia|m9|h06,402.952,184.394,121.230,250.648,32,False,True
ERCO,demand,eia,10,6,529.316,446.730,610.663,186,ERCO|demand|eia|m10|h06,370.044,159.272,75.359,241.301,32,False,True
ERCO,demand,eia,11,6,485.965,411.137,568.002,180,ERCO|demand|eia|m11|h06,364.034,121.931,47.121,205.075,31,False,True
ERCO,demand,eia,12,6,591.516,491.591,676.361,185,ERCO|demand|eia|m12|h06,365.914,225.602,126.516,310.621,32,False,True
ERCO,demand,eia,1,7,556.803,358.654,774.296,152,ERCO|demand|eia|m1|h07,377.532,179.271,-16.563,401.058,27,False,False
ERCO,demand,eia,2,7,545.275,381.497,715.728,142,ERCO|demand|eia|m2|h07,354.581,190.693,26.573,364.083,24,False,True
ERCO,demand,eia,3,7,739.581,524.771,945.454,154,ERCO|demand|eia|m3|h07,317.680,421.902,213.286,625.069,26,False,True
ERCO,demand,eia,4,7,690.431,478.893,934.780,150,ERCO|demand|eia|m4|h07,321.383,369.049,154.540,609.319,25,False,True
ERCO,demand,eia,5,7,434.322,130.438,699.103,155,ERCO|demand|eia|m5|h07,341.975,92.347,-205.644,355.948,27,False,False
ERCO,demand,eia,6,7,60.592,-407.185,541.957,150,ERCO|demand|eia|m6|h07,363.988,-303.396,-760.157,167.284,25,False,False
ERCO,demand,eia,7,7,401.687,139.077,651.321,186,ERCO|demand|eia|m7|h07,393.743,7.943,-249.864,253.910,31,False,False
ERCO,demand,eia,8,7,563.271,276.004,859.907,186,ERCO|demand|eia|m8|h07,401.604,161.667,-131.799,461.422,32,False,False
ERCO,demand,eia,9,7,664.116,500.071,838.849,180,ERCO|demand|eia|m9|h07,410.731,253.385,90.453,429.594,32,False,True
ERCO,demand,eia,10,7,491.625,337.746,667.282,186,ERCO|demand|eia|m10|h07,382.717,108.907,-41.300,280.460,32,False,False
ERCO,demand,eia,11,7,717.658,456.487,1000.477,180,ERCO|demand|eia|m11|h07,368.692,348.966,83.788,633.535,31,False,True
ERCO,demand,eia,12,7,527.402,208.427,823.046,185,ERCO|demand|eia|m12|h07,373.403,153.999,-159.614,444.171,32,False,False
ERCO,demand,eia,1,8,768.752,604.046,942.701,152,ERCO|demand|eia|m1|h08,367.330,401.422,227.713,580.892,27,False,True
ERCO,demand,eia,2,8,720.573,565.756,925.362,142,ERCO|demand|eia|m2|h08,339.502,381.071,218.434,597.408,24,False,True
ERCO,demand,eia,3,8,467.168,281.997,634.943,154,ERCO|demand|eia|m3|h08,306.998,160.170,-22.236,327.037,26,False,False
ERCO,demand,eia,4,8,523.520,233.354,823.544,150,ERCO|demand|eia|m4|h08,308.781,214.739,-79.826,524.639,25,False,False
ERCO,demand,eia,5,8,451.487,224.146,684.760,155,ERCO|demand|eia|m5|h08,326.280,125.206,-95.654,355.623,27,False,False
ERCO,demand,eia,6,8,-107.093,-601.477,443.771,150,ERCO|demand|eia|m6|h08,344.715,-451.807,-938.328,91.918,25,False,False
ERCO,demand,eia,7,8,-350.885,-966.429,267.506,186,ERCO|demand|eia|m7|h08,377.633,-728.518,-1343.125,-118.496,31,False,True
ERCO,demand,eia,8,8,-727.310,-1232.676,32.878,186,ERCO|demand|eia|m8|h08,385.744,-1113.055,-1611.346,-368.065,32,False,True
ERCO,demand,eia,9,8,-343.897,-881.174,251.307,180,ERCO|demand|eia|m9|h08,394.109,-738.006,-1278.223,-147.052,32,False,True
ERCO,demand,eia,10,8,-321.446,-825.275,416.788,186,ERCO|demand|eia|m10|h08,370.399,-691.846,-1192.675,40.035,32,False,False
ERCO,demand,eia,11,8,505.788,279.107,829.091,180,ERCO|demand|eia|m11|h08,352.738,153.049,-75.638,481.160,31,False,False
ERCO,demand,eia,12,8,751.579,540.053,989.103,185,ERCO|demand|eia|m12|h08,358.885,392.694,171.536,639.784,32,False,True
ERCO,demand,eia,1,9,660.553,514.362,805.378,152,ERCO|demand|eia|m1|h09,351.192,309.361,158.453,462.495,27,False,True
ERCO,demand,eia,2,9,463.599,367.086,556.248,142,ERCO|demand|eia|m2|h09,328.452,135.147,33.005,235.364,24,False,True
ERCO,demand,eia,3,9,480.334,327.420,734.550,154,ERCO|demand|eia|m3|h09,290.453,189.881,41.385,450.361,26,False,True
ERCO,demand,eia,4,9,538.255,369.673,723.568,150,ERCO|demand|eia|m4|h09,296.410,241.845,70.059,429.075,25,False,True
ERCO,demand,eia,5,9,565.166,425.012,734.486,155,ERCO|demand|eia|m5|h09,315.654,249.513,112.117,420.754,27,False,True
ERCO,demand,eia,6,9,219.916,65.250,385.288,150,ERCO|demand|eia|m6|h09,334.733,-114.817,-273.248,48.211,25,False,False
ERCO,demand,eia,7,9,277.292,38.023,535.514,186,ERCO|demand|eia|m7|h09,364.847,-87.555,-329.539,174.893,31,False,False
ERCO,demand,eia,8,9,77.148,-341.054,451.125,186,ERCO|demand|eia|m8|h09,370.145,-292.997,-712.837,66.884,32,False,False
ERCO,demand,eia,9,9,95.908,-284.286,506.288,180,ERCO|demand|eia|m9|h09,376.807,-280.899,-653.492,119.786,32,False,False
ERCO,demand,eia,10,9,-136.607,-499.216,395.496,186,ERCO|demand|eia|m10|h09,349.937,-486.544,-842.753,24.344,32,False,False
ERCO,demand,eia,11,9,413.475,228.760,601.834,180,ERCO|demand|eia|m11|h09,342.650,70.825,-115.039,266.189,31,False,False
ERCO,demand,eia,12,9,500.038,332.199,677.262,185,ERCO|demand|eia|m12|h09,341.565,158.472,-20.908,347.734,32,False,False
ERCO,demand,eia,1,10,405.922,308.268,521.692,152,ERCO|demand|eia|m1|h10,344.561,61.361,-46.272,178.709,27,False,False
ERCO,demand,eia,2,10,424.106,345.258,513.612,142,ERCO|demand|eia|m2|h10,321.200,102.906,33.355,186.599,24,False,True
ERCO,demand,eia,3,10,569.079,457.366,723.376,154,ERCO|demand|eia|m3|h10,281.263,287.816,182.257,438.401,26,False,True
ERCO,demand,eia,4,10,605.940,428.474,787.830,150,ERCO|demand|eia|m4|h10,290.639,315.300,151.913,494.216,25,False,True
ERCO,demand,eia,5,10,536.652,362.178,710.567,155,ERCO|demand|eia|m5|h10,315.918,220.734,53.670,391.036,27,False,True
ERCO,demand,eia,6,10,650.684,487.615,844.042,150,ERCO|demand|eia|m6|h10,342.843,307.841,141.724,504.233,25,False,True
ERCO,demand,eia,7,10,654.672,366.360,893.668,185,ERCO|demand|eia|m7|h10,374.662,280.010,-16.618,518.229,31,False,False
ERCO,demand,eia,8,10,755.026,585.219,939.635,186,ERCO|demand|eia|m8|h10,377.203,377.824,204.571,560.303,32,False,True
ERCO,demand,eia,9,10,571.647,424.824,707.865,180,ERCO|demand|eia|m9|h10,374.900,196.747,43.766,339.360,32,False,True
ERCO,demand,eia,10,10,423.752,270.478,578.521,185,ERCO|demand|eia|m10|h10,345.820,77.932,-70.411,234.098,32,False,False
ERCO,demand,eia,11,10,392.725,262.962,497.367,180,ERCO|demand|eia|m11|h10,337.989,54.735,-74.013,154.290,31,False,False
ERCO,demand,eia,12,10,290.123,208.942,364.800,185,ERCO|demand|eia|m12|h10,334.016,-43.893,-126.467,30.099,32,False,False
ERCO,demand,eia,1,11,421.204,312.981,548.098,152,ERCO|demand|eia|m1|h11,339.310,81.894,-19.156,205.342,27,False,False
ERCO,demand,eia,2,11,470.667,375.156,572.734,142,ERCO|demand|eia|m2|h11,314.001,156.666,73.718,244.933,24,False,True
ERCO,demand,eia,3,11,556.777,435.813,703.768,154,ERCO|demand|eia|m3|h11,278.195,278.582,158.351,426.781,26,False,True
ERCO,demand,eia,4,11,495.877,347.191,629.380,150,ERCO|demand|eia|m4|h11,292.575,203.301,61.891,332.015,25,False,True
ERCO,demand,eia,5,11,544.491,405.234,686.495,155,ERCO|demand|eia|m5|h11,324.017,220.474,86.505,356.290,27,False,True
ERCO,demand,eia,6,11,668.624,462.174,909.642,150,ERCO|demand|eia|m6|h11,356.338,312.287,102.245,556.272,25,False,True
ERCO,demand,eia,7,11,877.567,606.836,1085.399,185,ERCO|demand|eia|m7|h11,389.510,488.057,214.146,702.061,31,False,True
ERCO,demand,eia,8,11,744.509,463.634,1015.517,186,ERCO|demand|eia|m8|h11,392.112,352.396,65.143,627.632,32,False,True
ERCO,demand,eia,9,11,706.785,574.418,845.797,180,ERCO|demand|eia|m9|h11,382.423,324.362,179.397,473.386,32,False,True
ERCO,demand,eia,10,11,561.751,472.517,650.830,185,ERCO|demand|eia|m10|h11,348.180,213.571,122.857,302.548,32,False,True
ERCO,demand,eia,11,11,468.180,360.509,567.134,179,ERCO|demand|eia|m11|h11,336.476,131.703,34.648,217.858,31,False,True
ERCO,demand,eia,12,11,455.831,373.151,541.554,185,ERCO|demand|eia|m12|h11,326.643,129.188,50.785,209.594,32,False,True
ERCO,demand,eia,1,12,490.789,357.779,630.459,152,ERCO|demand|eia|m1|h12,335.515,155.274,30.863,285.711,27,False,True
ERCO,demand,eia,2,12,432.317,309.263,556.030,142,ERCO|demand|eia|m2|h12,308.311,124.006,17.012,237.044,24,False,True
ERCO,demand,eia,3,12,469.161,360.535,577.246,154,ERCO|demand|eia|m3|h12,280.288,188.873,88.204,293.323,26,False,True
ERCO,demand,eia,4,12,498.038,366.771,630.232,150,ERCO|demand|eia|m4|h12,297.201,200.837,76.730,333.192,25,False,True
ERCO,demand,eia,5,12,555.231,469.825,656.979,155,ERCO|demand|eia|m5|h12,331.592,223.639,140.335,322.118,27,False,True
ERCO,demand,eia,6,12,571.875,368.217,755.011,150,ERCO|demand|eia|m6|h12,367.069,204.806,-2.499,393.073,25,False,False
ERCO,demand,eia,7,12,785.893,598.562,945.408,186,ERCO|demand|eia|m7|h12,399.401,386.493,192.659,553.262,31,False,True
ERCO,demand,eia,8,12,587.966,357.830,832.787,186,ERCO|demand|eia|m8|h12,402.331,185.635,-50.079,436.861,32,False,False
ERCO,demand,eia,9,12,645.633,528.018,786.802,180,ERCO|demand|eia|m9|h12,390.989,254.644,130.894,406.843,32,False,True
ERCO,demand,eia,10,12,608.893,545.484,677.506,185,ERCO|demand|eia|m10|h12,354.902,253.990,180.728,334.255,32,False,True
ERCO,demand,eia,11,12,492.653,413.286,583.753,179,ERCO|demand|eia|m11|h12,337.354,155.299,79.402,242.458,31,False,True
ERCO,demand,eia,12,12,464.255,344.048,575.701,185,ERCO|demand|eia|m12|h12,321.689,142.566,35.785,244.974,32,False,True
ERCO,demand,eia,1,13,589.301,465.037,703.995,152,ERCO|demand|eia|m1|h13,332.053,257.249,137.195,368.224,27,False,True
ERCO,demand,eia,2,13,505.033,399.602,620.130,142,ERCO|demand|eia|m2|h13,305.611,199.423,102.744,301.902,24,False,True
ERCO,demand,eia,3,13,458.073,344.019,565.869,154,ERCO|demand|eia|m3|h13,282.176,175.897,63.885,287.230,26,False,True
ERCO,demand,eia,4,13,375.776,142.916,534.311,150,ERCO|demand|eia|m4|h13,303.304,72.472,-151.727,226.277,25,False,False
ERCO,demand,eia,5,13,485.578,388.720,598.861,155,ERCO|demand|eia|m5|h13,338.788,146.790,53.804,258.774,27,False,True
ERCO,demand,eia,6,13,534.699,358.931,686.430,150,ERCO|demand|eia|m6|h13,372.997,161.702,-8.560,310.897,25,False,False
ERCO,demand,eia,7,13,579.211,468.894,685.136,186,ERCO|demand|eia|m7|h13,402.498,176.713,58.355,289.180,31,False,True
ERCO,demand,eia,8,13,509.882,384.815,624.091,186,ERCO|demand|eia|m8|h13,406.263,103.618,-27.869,222.291,32,False,False
ERCO,demand,eia,9,13,589.928,476.283,709.993,180,ERCO|demand|eia|m9|h13,396.764,193.163,69.695,326.873,32,False,True
ERCO,demand,eia,10,13,634.811,551.086,724.690,186,ERCO|demand|eia|m10|h13,361.036,273.775,178.217,374.111,32,False,True
ERCO,demand,eia,11,13,499.912,437.698,571.686,180,ERCO|demand|eia|m11|h13,337.736,162.175,94.242,234.375,31,False,True
ERCO,demand,eia,12,13,477.139,367.734,600.623,185,ERCO|demand|eia|m12|h13,318.595,158.544,55.572,275.595,32,False,True
ERCO,demand,eia,1,14,595.621,448.407,716.736,152,ERCO|demand|eia|m1|h14,328.705,266.916,120.334,386.400,27,False,True
ERCO,demand,eia,2,14,508.927,427.778,585.761,142,ERCO|demand|eia|m2|h14,304.349,204.578,129.160,274.625,24,False,True
ERCO,demand,eia,3,14,442.694,326.980,541.027,154,ERCO|demand|eia|m3|h14,282.971,159.723,37.048,268.732,26,False,True
ERCO,demand,eia,4,14,440.350,342.599,554.673,150,ERCO|demand|eia|m4|h14,306.124,134.226,41.392,251.471,25,False,True
ERCO,demand,eia,5,14,385.218,271.222,491.629,155,ERCO|demand|eia|m5|h14,343.073,42.145,-70.717,150.542,27,False,False
ERCO,demand,eia,6,14,468.670,335.851,596.293,150,ERCO|demand|eia|m6|h14,376.017,92.653,-36.834,219.356,25,False,False
ERCO,demand,eia,7,14,536.967,407.651,637.536,186,ERCO|demand|eia|m7|h14,401.650,135.316,1.007,239.254,31,False,True
ERCO,demand,eia,8,14,465.213,353.070,574.400,186,ERCO|demand|eia|m8|h14,405.850,59.362,-53.854,171.895,32,False,False
ERCO,demand,eia,9,14,596.870,483.749,715.373,180,ERCO|demand|eia|m9|h14,398.980,197.890,75.581,324.877,32,False,True
ERCO,demand,eia,10,14,560.241,479.979,638.865,186,ERCO|demand|eia|m10|h14,364.257,195.985,109.223,286.008,32,False,True
ERCO,demand,eia,11,14,367.201,253.935,483.658,180,ERCO|demand|eia|m11|h14,337.466,29.735,-85.642,140.810,31,False,False
ERCO,demand,eia,12,14,555.550,414.880,714.835,185,ERCO|demand|eia|m12|h14,316.671,238.878,100.736,400.343,32,False,True
ERCO,demand,eia,1,15,490.009,163.747,756.407,152,ERCO|demand|eia|m1|h15,328.924,161.085,-166.057,423.726,27,False,False
ERCO,demand,eia,2,15,556.193,447.380,666.944,142,ERCO|demand|eia|m2|h15,304.964,251.228,142.362,359.621,24,False,True
ERCO,demand,eia,3,15,378.613,219.424,512.674,153,ERCO|demand|eia|m3|h15,284.733,93.880,-74.152,238.959,26,False,False
ERCO,demand,eia,4,15,353.773,220.992,470.969,149,ERCO|demand|eia|m4|h15,309.054,44.720,-78.477,154.625,25,False,False
ERCO,demand,eia,5,15,332.369,201.698,475.895,155,ERCO|demand|eia|m5|h15,345.280,-12.911,-147.466,128.452,27,False,False
ERCO,demand,eia,6,15,509.864,385.113,632.479,150,ERCO|demand|eia|m6|h15,375.969,133.895,7.282,255.568,25,False,True
ERCO,demand,eia,7,15,472.488,347.759,581.946,186,ERCO|demand|eia|m7|h15,400.283,72.205,-53.390,181.667,31,False,False
ERCO,demand,eia,8,15,430.270,308.220,555.869,186,ERCO|demand|eia|m8|h15,404.046,26.224,-97.179,150.007,32,False,False
ERCO,demand,eia,9,15,554.548,435.820,689.209,180,ERCO|demand|eia|m9|h15,399.917,154.631,34.036,287.879,32,False,True
ERCO,demand,eia,10,15,507.733,401.688,613.121,186,ERCO|demand|eia|m10|h15,366.046,141.687,30.194,251.135,32,False,True
ERCO,demand,eia,11,15,281.393,102.418,499.107,180,ERCO|demand|eia|m11|h15,341.664,-60.271,-251.141,163.421,31,False,False
ERCO,demand,eia,12,15,603.522,408.163,853.562,185,ERCO|demand|eia|m12|h15,319.500,284.022,91.313,529.222,32,False,True
ERCO,demand,eia,1,16,344.150,-178.667,869.155,152,ERCO|demand|eia|m1|h16,344.816,-0.666,-512.280,517.493,27,False,False
ERCO,demand,eia,2,16,479.524,89.242,791.712,142,ERCO|demand|eia|m2|h16,312.037,167.488,-223.470,496.135,24,False,False
ERCO,demand,eia,3,16,246.556,33.391,428.688,153,ERCO|demand|eia|m3|h16,288.282,-41.726,-252.993,139.785,26,False,False
ERCO,demand,eia,4,16,349.239,176.026,480.476,149,ERCO|demand|eia|m4|h16,312.328,36.911,-134.657,164.456,25,False,False
ERCO,demand,eia,5,16,365.913,200.897,504.514,155,ERCO|demand|eia|m5|h16,346.173,19.740,-144.279,157.527,27,False,False
ERCO,demand,eia,6,16,551.578,467.339,636.916,150,ERCO|demand|eia|m6|h16,374.957,176.620,88.468,264.343,25,False,True
ERCO,demand,eia,7,16,548.553,425.871,645.441,186,ERCO|demand|eia|m7|h16,398.458,150.095,34.146,243.851,31,False,True
ERCO,demand,eia,8,16,430.905,319.845,559.444,186,ERCO|demand|eia|m8|h16,402.168,28.737,-86.073,157.258,32,False,False
ERCO,demand,eia,9,16,544.947,418.662,666.787,180,ERCO|demand|eia|m9|h16,401.229,143.717,11.528,275.460,32,False,True
ERCO,demand,eia,10,16,500.925,357.682,667.543,186,ERCO|demand|eia|m10|h16,368.956,131.969,-17.000,299.903,32,False,False
ERCO,demand,eia,11,16,568.564,152.801,1074.311,180,ERCO|demand|eia|m11|h16,365.740,202.824,-220.700,711.501,31,False,False
ERCO,demand,eia,12,16,795.453,315.919,1311.608,185,ERCO|demand|eia|m12|h16,347.315,448.138,-36.687,967.179,32,False,False
ERCO,demand,eia,1,17,830.676,333.837,1249.755,152,ERCO|demand|eia|m1|h17,388.448,442.229,-60.750,857.983,27,False,False
ERCO,demand,eia,2,17,196.926,-197.373,634.075,142,ERCO|demand|eia|m2|h17,341.238,-144.313,-537.814,304.748,24,False,False
ERCO,demand,eia,3,17,54.655,-286.742,502.882,154,ERCO|demand|eia|m3|h17,297.778,-243.122,-585.106,204.337,26,False,False
ERCO,demand,eia,4,17,376.912,164.044,561.406,150,ERCO|demand|eia|m4|h17,316.487,60.425,-152.280,239.699,25,False,False
ERCO,demand,eia,5,17,400.450,161.493,625.886,155,ERCO|demand|eia|m5|h17,345.873,54.577,-182.578,276.150,27,False,False
ERCO,demand,eia,6,17,486.340,321.521,664.563,150,ERCO|demand|eia|m6|h17,372.645,113.695,-49.077,288.819,25,False,False
ERCO,demand,eia,7,17,489.832,352.281,616.462,186,ERCO|demand|eia|m7|h17,396.993,92.839,-40.740,217.541,31,False,False
ERCO,demand,eia,8,17,413.196,232.630,579.416,186,ERCO|demand|eia|m8|h17,400.977,12.219,-169.854,179.233,32,False,False
ERCO,demand,eia,9,17,599.150,404.508,789.220,180,ERCO|demand|eia|m9|h17,404.573,194.577,-4.697,389.552,32,False,False
ERCO,demand,eia,10,17,432.523,67.337,768.837,186,ERCO|demand|eia|m10|h17,380.041,52.483,-313.376,390.283,32,False,False
ERCO,demand,eia,11,17,184.720,-162.055,620.582,180,ERCO|demand|eia|m11|h17,398.098,-213.377,-564.170,227.518,31,False,False
ERCO,demand,eia,12,17,469.545,131.636,892.390,185,ERCO|demand|eia|m12|h17,392.945,76.600,-260.441,498.014,32,False,False
ERCO,demand,eia,1,18,728.629,438.025,960.039,152,ERCO|demand|eia|m1|h18,405.471,323.158,25.277,557.899,27,False,True
ERCO,demand,eia,2,18,650.805,225.389,1080.135,142,ERCO|demand|eia|m2|h18,371.915,278.890,-141.226,711.034,24,False,False
ERCO,demand,eia,3,18,621.579,278.789,847.404,154,ERCO|demand|eia|m3|h18,319.803,301.776,-41.665,525.051,26,False,False
ERCO,demand,eia,4,18,505.062,254.302,705.378,150,ERCO|demand|eia|m4|h18,326.482,178.579,-67.698,382.290,25,False,False
ERCO,demand,eia,5,18,323.471,132.395,536.304,155,ERCO|demand|eia|m5|h18,346.435,-22.964,-210.297,183.358,27,False,False
ERCO,demand,eia,6,18,445.459,263.553,623.000,150,ERCO|demand|eia|m6|h18,372.524,72.936,-112.163,254.178,25,False,False
ERCO,demand,eia,7,18,606.985,450.390,780.894,186,ERCO|demand|eia|m7|h18,397.260,209.725,54.114,385.755,31,False,True
ERCO,demand,eia,8,18,447.553,202.604,696.692,186,ERCO|demand|eia|m8|h18,404.142,43.410,-203.249,294.623,32,False,False
ERCO,demand,eia,9,18,443.910,-92.446,987.699,180,ERCO|demand|eia|m9|h18,420.387,23.523,-514.249,568.960,32,False,False
ERCO,demand,eia,10,18,284.226,43.391,628.208,186,ERCO|demand|eia|m10|h18,408.163,-123.937,-369.798,222.371,32,False,False
ERCO,demand,eia,11,18,125.683,-97.990,356.659,180,ERCO|demand|eia|m11|h18,396.315,-270.633,-496.881,-35.321,31,False,True
ERCO,demand,eia,12,18,474.548,315.120,652.582,184,ERCO|demand|eia|m12|h18,394.161,80.387,-72.772,256.306,32,False,False
ERCO,demand,eia,1,19,468.847,256.317,636.963,152,ERCO|demand|eia|m1|h19,394.346,74.500,-136.989,242.676,27,False,False
ERCO,demand,eia,2,19,340.934,113.732,570.935,142,ERCO|demand|eia|m2|h19,362.345,-21.412,-252.547,211.465,24,False,False
ERCO,demand,eia,3,19,142.644,-258.828,558.999,154,ERCO|demand|eia|m3|h19,340.784,-198.140,-596.381,215.577,26,False,False
ERCO,demand,eia,4,19,200.181,-105.003,460.095,150,ERCO|demand|eia|m4|h19,352.151,-151.970,-452.205,100.611,25,False,False
ERCO,demand,eia,5,19,300.825,65.919,552.764,155,ERCO|demand|eia|m5|h19,358.013,-57.188,-291.223,191.169,27,False,False
ERCO,demand,eia,6,19,337.085,-161.370,757.967,150,ERCO|demand|eia|m6|h19,384.226,-47.140,-544.123,374.445,26,False,False
ERCO,demand,eia,7,19,625.567,147.675,1058.051,186,ERCO|demand|eia|m7|h19,407.248,218.319,-259.597,651.906,31,False,False
ERCO,demand,eia,8,19,58.176,-271.275,437.144,186,ERCO|demand|eia|m8|h19,419.256,-361.080,-690.418,18.343,32,False,False
ERCO,demand,eia,9,19,138.032,-86.150,375.074,180,ERCO|demand|eia|m9|h19,441.010,-302.978,-527.262,-62.429,32,False,True
ERCO,demand,eia,10,19,341.834,196.171,508.092,186,ERCO|demand|eia|m10|h19,415.806,-73.972,-220.853,91.314,32,False,False
ERCO,demand,eia,11,19,375.580,203.761,530.022,180,ERCO|demand|eia|m11|h19,383.826,-8.246,-183.855,149.130,31,False,False
ERCO,demand,eia,12,19,293.962,66.402,488.246,184,ERCO|demand|eia|m12|h19,380.520,-86.558,-311.637,104.565,32,False,False
ERCO,demand,eia,1,20,171.403,-52.545,339.053,152,ERCO|demand|eia|m1|h20,384.017,-212.614,-429.995,-47.039,27,False,True
ERCO,demand,eia,2,20,174.786,-30.283,347.054,142,ERCO|demand|eia|m2|h20,349.063,-174.277,-382.077,-0.702,24,False,True
ERCO,demand,eia,3,20,758.955,549.564,966.491,154,ERCO|demand|eia|m3|h20,336.684,422.271,213.867,626.746,26,False,True
ERCO,demand,eia,4,20,420.098,232.357,630.528,150,ERCO|demand|eia|m4|h20,362.198,57.900,-129.791,267.400,25,False,False
ERCO,demand,eia,5,20,240.177,85.281,421.717,155,ERCO|demand|eia|m5|h20,368.900,-128.723,-286.088,50.785,27,False,False
ERCO,demand,eia,6,20,36.283,-176.245,285.292,151,ERCO|demand|eia|m6|h20,398.033,-361.749,-569.499,-117.925,26,False,True
ERCO,demand,eia,7,20,75.382,-297.541,512.203,186,ERCO|demand|eia|m7|h20,422.033,-346.651,-719.190,94.718,31,False,False
ERCO,demand,eia,8,20,-17.699,-260.697,238.588,186,ERCO|demand|eia|m8|h20,427.846,-445.545,-691.208,-189.387,32,False,True
ERCO,demand,eia,9,20,627.607,338.231,931.896,180,ERCO|demand|eia|m9|h20,434.467,193.140,-97.579,497.208,32,False,False
ERCO,demand,eia,10,20,506.365,286.757,694.208,186,ERCO|demand|eia|m10|h20,400.253,106.112,-115.568,295.242,32,False,False
ERCO,demand,eia,11,20,178.074,-73.697,368.796,180,ERCO|demand|eia|m11|h20,371.597,-193.523,-442.992,-3.196,31,False,True
ERCO,demand,eia,12,20,362.485,156.642,549.455,184,ERCO|demand|eia|m12|h20,369.662,-7.176,-214.251,181.416,32,False,False
ERCO,demand,eia,1,21,178.580,-5.232,379.962,152,ERCO|demand|eia|m1|h21,373.614,-195.035,-378.158,-4.765,27,False,True
ERCO,demand,eia,2,21,197.626,-10.027,400.722,142,ERCO|demand|eia|m2|h21,339.777,-142.151,-354.607,63.649,24,False,False
ERCO,demand,eia,3,21,368.554,-23.711,683.528,154,ERCO|demand|eia|m3|h21,320.172,48.383,-339.787,359.961,26,False,False
ERCO,demand,eia,4,21,416.067,59.188,700.749,150,ERCO|demand|eia|m4|h21,347.290,68.777,-285.062,352.814,25,False,False
ERCO,demand,eia,5,21,584.528,403.904,757.225,155,ERCO|demand|eia|m5|h21,358.435,226.093,47.949,399.303,27,False,True
ERCO,demand,eia,6,21,472.108,164.197,732.251,151,ERCO|demand|eia|m6|h21,389.230,82.878,-228.719,341.476,26,False,False
ERCO,demand,eia,7,21,611.588,427.274,821.891,186,ERCO|demand|eia|m7|h21,415.036,196.551,11.303,409.451,31,False,True
ERCO,demand,eia,8,21,392.489,171.469,620.961,186,ERCO|demand|eia|m8|h21,418.495,-26.006,-246.983,202.821,32,False,False
ERCO,demand,eia,9,21,691.534,458.494,935.121,180,ERCO|demand|eia|m9|h21,418.121,273.413,41.312,518.427,32,False,True
ERCO,demand,eia,10,21,569.234,424.633,728.438,186,ERCO|demand|eia|m10|h21,385.764,183.470,34.945,346.108,32,False,True
ERCO,demand,eia,11,21,265.389,73.652,424.011,180,ERCO|demand|eia|m11|h21,361.335,-95.946,-286.571,59.973,31,False,False
ERCO,demand,eia,12,21,276.681,51.432,463.994,184,ERCO|demand|eia|m12|h21,360.252,-83.571,-308.790,104.361,32,False,False
ERCO,demand,eia,1,22,307.821,182.356,430.675,152,ERCO|demand|eia|m1|h22,361.908,-54.088,-177.546,66.403,27,False,False
ERCO,demand,eia,2,22,350.404,212.588,486.141,142,ERCO|demand|eia|m2|h22,330.311,20.092,-120.677,157.066,24,False,False
ERCO,demand,eia,3,22,340.599,166.822,520.986,154,ERCO|demand|eia|m3|h22,304.422,36.178,-136.646,213.136,26,False,False
ERCO,demand,eia,4,22,386.691,254.885,536.719,150,ERCO|demand|eia|m4|h22,328.408,58.283,-75.946,208.255,25,False,False
ERCO,demand,eia,5,22,575.563,405.862,769.515,155,ERCO|demand|eia|m5|h22,344.324,231.240,61.283,423.996,27,False,True
ERCO,demand,eia,6,22,603.601,373.240,847.158,151,ERCO|demand|eia|m6|h22,374.020,229.581,-1.692,474.764,26,False,False
ERCO,demand,eia,7,22,722.489,495.860,988.985,186,ERCO|demand|eia|m7|h22,398.585,323.903,97.844,588.851,31,False,True
ERCO,demand,eia,8,22,644.571,459.889,852.094,186,ERCO|demand|eia|m8|h22,403.592,240.978,52.984,449.761,32,False,True
ERCO,demand,eia,9,22,578.444,434.462,716.083,180,ERCO|demand|eia|m9|h22,403.158,175.285,29.756,311.781,32,False,True
ERCO,demand,eia,10,22,505.922,393.340,608.693,186,ERCO|demand|eia|m10|h22,373.727,132.195,13.431,240.819,32,False,True
ERCO,demand,eia,11,22,392.152,272.462,529.589,180,ERCO|demand|eia|m11|h22,350.872,41.280,-82.890,183.671,31,False,False
ERCO,demand,eia,12,22,279.043,142.906,416.371,184,ERCO|demand|eia|m12|h22,352.135,-73.093,-205.189,61.433,32,False,False
ERCO,demand,eia,1,23,200.248,62.004,357.063,152,ERCO|demand|eia|m1|h23,351.509,-151.262,-290.443,1.403,27,False,False
ERCO,demand,eia,2,23,188.222,-14.032,348.986,142,ERCO|demand|eia|m2|h23,321.849,-133.627,-336.002,22.981,24,False,False
ERCO,demand,eia,3,23,302.922,108.332,448.915,154,ERCO|demand|eia|m3|h23,289.568,13.354,-179.005,156.837,26,False,False
ERCO,demand,eia,4,23,357.991,190.023,515.123,150,ERCO|demand|eia|m4|h23,312.367,45.623,-121.001,205.176,25,False,False
ERCO,demand,eia,5,23,436.806,276.393,614.980,155,ERCO|demand|eia|m5|h23,330.525,106.281,-55.932,281.572,27,False,False
ERCO,demand,eia,6,23,348.770,148.481,522.966,151,ERCO|demand|eia|m6|h23,361.282,-12.512,-207.407,158.141,26,False,False
ERCO,demand,eia,7,23,657.978,451.281,862.124,186,ERCO|demand|eia|m7|h23,383.754,274.224,62.447,480.518,31,False,True
ERCO,demand,eia,8,23,711.875,482.381,901.351,185,ERCO|demand|eia|m8|h23,389.009,322.866,88.531,517.372,32,False,True
ERCO,demand,eia,9,23,521.704,362.673,692.789,180,ERCO|demand|eia|m9|h23,389.170,132.533,-27.491,301.072,32,False,False
ERCO,demand,eia,10,23,530.761,413.732,636.635,185,ERCO|demand|eia|m10|h23,362.149,168.612,50.442,279.632,32,False,True
ERCO,demand,eia,11,23,441.790,315.339,569.742,180,ERCO|demand|eia|m11|h23,341.314,100.477,-21.484,227.082,31,False,False
ERCO,demand,eia,12,23,331.572,180.819,466.659,183,ERCO|demand|eia|m12|h23,342.844,-11.272,-155.401,118.978,32,False,False
ERCO,fossil_gen,derived,1,0,560.138,504.756,627.799,149,ERCO|fossil_gen|derived|m1|h00,331.039,229.099,174.975,298.091,27,False,True
ERCO,fossil_gen,derived,2,0,542.378,498.723,584.437,142,ERCO|fossil_gen|derived|m2|h00,307.702,234.677,180.845,284.556,24,False,True
ERCO,fossil_gen,derived,3,0,544.224,488.507,602.882,153,ERCO|fossil_gen|derived|m3|h00,265.584,278.640,221.037,339.017,26,False,True
ERCO,fossil_gen,derived,4,0,486.976,446.448,521.768,150,ERCO|fossil_gen|derived|m4|h00,286.227,200.749,161.165,234.719,25,False,True
ERCO,fossil_gen,derived,5,0,539.020,493.172,583.459,155,ERCO|fossil_gen|derived|m5|h00,307.251,231.769,188.647,272.616,27,False,True
ERCO,fossil_gen,derived,6,0,528.669,475.870,582.157,150,ERCO|fossil_gen|derived|m6|h00,338.143,190.526,139.620,247.060,25,False,True
ERCO,fossil_gen,derived,7,0,591.279,518.552,650.858,186,ERCO|fossil_gen|derived|m7|h00,360.569,230.710,156.731,292.763,31,False,True
ERCO,fossil_gen,derived,8,0,559.872,507.164,614.950,185,ERCO|fossil_gen|derived|m8|h00,365.241,194.631,132.733,254.998,32,False,True
ERCO,fossil_gen,derived,9,0,542.768,477.250,607.653,180,ERCO|fossil_gen|derived|m9|h00,368.987,173.781,104.874,242.174,32,False,True
ERCO,fossil_gen,derived,10,0,540.439,499.710,576.162,185,ERCO|fossil_gen|derived|m10|h00,339.805,200.635,162.296,234.225,32,False,True
ERCO,fossil_gen,derived,11,0,581.184,517.503,646.995,178,ERCO|fossil_gen|derived|m11|h00,322.495,258.689,196.739,322.380,31,False,True
ERCO,fossil_gen,derived,12,0,566.519,520.317,616.375,183,ERCO|fossil_gen|derived|m12|h00,325.474,241.045,196.074,292.199,32,False,True
ERCO,fossil_gen,derived,1,1,578.775,545.722,622.863,152,ERCO|fossil_gen|derived|m1|h01,327.376,251.399,212.492,297.331,27,False,True
ERCO,fossil_gen,derived,2,1,586.152,542.948,618.908,142,ERCO|fossil_gen|derived|m2|h01,305.620,280.532,225.550,319.948,24,False,True
ERCO,fossil_gen,derived,3,1,581.067,540.446,622.536,154,ERCO|fossil_gen|derived|m3|h01,259.610,321.457,277.005,365.174,26,False,True
ERCO,fossil_gen,derived,4,1,558.093,510.256,600.160,150,ERCO|fossil_gen|derived|m4|h01,275.944,282.149,233.041,326.586,25,False,True
ERCO,fossil_gen,derived,5,1,526.133,475.959,577.982,155,ERCO|fossil_gen|derived|m5|h01,300.025,226.108,176.859,273.219,27,False,True
ERCO,fossil_gen,derived,6,1,601.079,537.996,672.593,150,ERCO|fossil_gen|derived|m6|h01,330.141,270.938,206.153,341.360,25,False,True
ERCO,fossil_gen,derived,7,1,605.319,540.981,665.990,186,ERCO|fossil_gen|derived|m7|h01,352.098,253.221,187.213,314.230,31,False,True
ERCO,fossil_gen,derived,8,1,615.915,546.089,673.282,186,ERCO|fossil_gen|derived|m8|h01,358.988,256.928,187.269,318.773,32,False,True
ERCO,fossil_gen,derived,9,1,648.542,587.802,706.432,180,ERCO|fossil_gen|derived|m9|h01,360.460,288.082,220.314,354.499,32,False,True
ERCO,fossil_gen,derived,10,1,562.801,506.964,613.876,186,ERCO|fossil_gen|derived|m10|h01,331.742,231.059,175.155,280.864,32,False,True
ERCO,fossil_gen,derived,11,1,605.506,563.483,651.011,184,ERCO|fossil_gen|derived|m11|h01,317.400,288.106,238.956,340.323,31,False,True
ERCO,fossil_gen,derived,12,1,616.661,584.842,651.445,185,ERCO|fossil_gen|derived|m12|h01,322.475,294.186,258.728,330.566,32,False,True
ERCO,fossil_gen,derived,1,2,648.897,589.401,715.114,152,ERCO|fossil_gen|derived|m1|h02,326.426,322.470,254.256,397.356,27,False,True
ERCO,fossil_gen,derived,2,2,541.321,523.543,587.437,142,ERCO|fossil_gen|derived|m2|h02,305.770,235.551,200.393,289.996,24,False,True
ERCO,fossil_gen,derived,3,2,636.748,592.465,685.248,149,ERCO|fossil_gen|derived|m3|h02,258.433,378.315,331.256,428.651,26,False,True
ERCO,fossil_gen,derived,4,2,559.259,515.500,612.256,150,ERCO|fossil_gen|derived|m4|h02,272.591,286.668,247.240,337.786,25,False,True
ERCO,fossil_gen,derived,5,2,539.036,511.138,570.478,155,ERCO|fossil_gen|derived|m5|h02,298.517,240.519,211.053,270.780,27,False,True
ERCO,fossil_gen,derived,6,2,547.939,486.143,627.335,150,ERCO|fossil_gen|derived|m6|h02,325.804,222.135,154.898,301.154,25,False,True
ERCO,fossil_gen,derived,7,2,595.716,544.753,644.595,186,ERCO|fossil_gen|derived|m7|h02,350.711,245.005,199.000,288.550,31,False,True
ERCO,fossil_gen,derived,8,2,575.797,520.462,625.109,186,ERCO|fossil_gen|derived|m8|h02,357.774,218.023,161.343,270.522,32,False,True
ERCO,fossil_gen,derived,9,2,638.859,587.558,681.238,180,ERCO|fossil_gen|derived|m9|h02,357.820,281.039,225.919,327.148,32,False,True
ERCO,fossil_gen,derived,10,2,588.665,553.455,626.067,186,ERCO|fossil_gen|derived|m10|h02,328.618,260.047,219.717,302.878,32,False,True
ERCO,fossil_gen,derived,11,2,615.347,576.025,652.202,180,ERCO|fossil_gen|derived|m11|h02,316.955,298.392,252.951,339.574,31,False,True
ERCO,fossil_gen,derived,12,2,610.755,571.380,649.894,185,ERCO|fossil_gen|derived|m12|h02,322.357,288.397,246.973,326.979,32,False,True
ERCO,fossil_gen,derived,1,3,682.131,624.070,732.163,152,ERCO|fossil_gen|derived|m1|h03,328.532,353.599,289.765,413.703,27,False,True
ERCO,fossil_gen,derived,2,3,562.907,528.275,607.938,142,ERCO|fossil_gen|derived|m2|h03,308.262,254.645,213.200,304.740,24,False,True
ERCO,fossil_gen,derived,3,3,650.148,605.610,689.420,154,ERCO|fossil_gen|derived|m3|h03,260.402,389.746,342.978,431.866,26,False,True
ERCO,fossil_gen,derived,4,3,571.391,534.657,623.425,150,ERCO|fossil_gen|derived|m4|h03,273.387,298.004,265.199,347.560,25,False,True
ERCO,fossil_gen,derived,5,3,592.392,548.679,646.642,155,ERCO|fossil_gen|derived|m5|h03,301.853,290.538,245.016,345.077,27,False,True
ERCO,fossil_gen,derived,6,3,548.117,501.491,604.955,150,ERCO|fossil_gen|derived|m6|h03,327.369,220.748,170.869,276.003,25,False,True
ERCO,fossil_gen,derived,7,3,570.089,523.085,617.651,186,ERCO|fossil_gen|derived|m7|h03,353.654,216.435,168.065,266.052,31,False,True
ERCO,fossil_gen,derived,8,3,584.092,541.838,618.622,186,ERCO|fossil_gen|derived|m8|h03,359.975,224.117,177.713,262.608,32,False,True
ERCO,fossil_gen,derived,9,3,593.351,555.653,625.330,180,ERCO|fossil_gen|derived|m9|h03,360.016,233.335,192.654,268.455,32,False,True
ERCO,fossil_gen,derived,10,3,610.122,582.178,636.277,186,ERCO|fossil_gen|derived|m10|h03,330.026,280.095,248.916,310.067,32,False,True
ERCO,fossil_gen,derived,11,3,632.165,586.138,677.729,180,ERCO|fossil_gen|derived|m11|h03,320.138,312.027,267.455,355.708,31,False,True
ERCO,fossil_gen,derived,12,3,621.264,576.713,660.509,185,ERCO|fossil_gen|derived|m12|h03,326.378,294.886,249.676,336.240,32,False,True
ERCO,fossil_gen,derived,1,4,603.538,543.218,650.492,152,ERCO|fossil_gen|derived|m1|h04,333.986,269.551,202.277,325.992,27,False,True
ERCO,fossil_gen,derived,2,4,518.767,482.140,559.249,142,ERCO|fossil_gen|derived|m2|h04,313.396,205.371,159.071,255.882,24,False,True
ERCO,fossil_gen,derived,3,4,610.917,570.099,654.185,154,ERCO|fossil_gen|derived|m3|h04,267.645,343.272,299.348,388.300,26,False,True
ERCO,fossil_gen,derived,4,4,635.252,558.988,708.108,150,ERCO|fossil_gen|derived|m4|h04,277.894,357.358,281.516,428.270,25,False,True
ERCO,fossil_gen,derived,5,4,647.699,602.260,703.083,155,ERCO|fossil_gen|derived|m5|h04,309.628,338.071,291.770,393.282,27,False,True
ERCO,fossil_gen,derived,6,4,596.620,529.114,657.618,150,ERCO|fossil_gen|derived|m6|h04,334.012,262.608,197.873,319.159,25,False,True
ERCO,fossil_gen,derived,7,4,577.693,523.379,632.976,186,ERCO|fossil_gen|derived|m7|h04,359.717,217.976,162.039,272.186,31,False,True
ERCO,fossil_gen,derived,8,4,574.385,535.876,603.854,186,ERCO|fossil_gen|derived|m8|h04,365.953,208.431,166.405,242.583,32,False,True
ERCO,fossil_gen,derived,9,4,599.207,562.850,635.438,180,ERCO|fossil_gen|derived|m9|h04,366.789,232.418,200.909,263.900,32,False,True
ERCO,fossil_gen,derived,10,4,575.544,549.639,607.137,186,ERCO|fossil_gen|derived|m10|h04,334.521,241.023,207.932,277.107,32,False,True
ERCO,fossil_gen,derived,11,4,611.498,564.850,659.932,180,ERCO|fossil_gen|derived|m11|h04,327.618,283.880,237.957,334.545,31,False,True
ERCO,fossil_gen,derived,12,4,600.581,558.307,650.445,185,ERCO|fossil_gen|derived|m12|h04,333.374,267.207,223.560,318.037,32,False,True
ERCO,fossil_gen,derived,1,5,536.460,510.490,562.914,152,ERCO|fossil_gen|derived|m1|h05,342.418,194.042,168.322,219.542,27,False,True
ERCO,fossil_gen,derived,2,5,540.244,505.277,568.662,142,ERCO|fossil_gen|derived|m2|h05,323.276,216.968,179.474,252.529,24,False,True
ERCO,fossil_gen,derived,3,5,539.129,513.666,566.342,154,ERCO|fossil_gen|derived|m3|h05,279.132,259.997,233.659,291.492,26,False,True
ERCO,fossil_gen,derived,4,5,595.256,548.158,638.872,150,ERCO|fossil_gen|derived|m4|h05,287.823,307.433,259.133,351.718,25,False,True
ERCO,fossil_gen,derived,5,5,602.104,566.486,643.097,155,ERCO|fossil_gen|derived|m5|h05,320.104,282.000,249.230,318.669,27,False,True
ERCO,fossil_gen,derived,6,5,542.484,494.613,613.946,150,ERCO|fossil_gen|derived|m6|h05,344.440,198.044,152.282,264.269,25,False,True
ERCO,fossil_gen,derived,7,5,596.563,545.950,638.189,186,ERCO|fossil_gen|derived|m7|h05,369.408,227.156,175.177,267.482,31,False,True
ERCO,fossil_gen,derived,8,5,564.914,528.136,600.732,186,ERCO|fossil_gen|derived|m8|h05,375.799,189.114,150.341,224.552,32,False,True
ERCO,fossil_gen,derived,9,5,564.132,518.431,608.374,180,ERCO|fossil_gen|derived|m9|h05,377.150,186.982,141.718,228.058,32,False,True
ERCO,fossil_gen,derived,10,5,545.601,502.438,586.700,186,ERCO|fossil_gen|derived|m10|h05,344.168,201.433,150.986,247.621,32,False,True
ERCO,fossil_gen,derived,11,5,573.350,533.454,612.457,180,ERCO|fossil_gen|derived|m11|h05,338.903,234.447,190.901,277.302,31,False,True
ERCO,fossil_gen,derived,12,5,551.002,526.651,575.419,185,ERCO|fossil_gen|derived|m12|h05,343.071,207.931,186.508,232.207,32,False,True
ERCO,fossil_gen,derived,1,6,558.114,510.002,608.552,152,ERCO|fossil_gen|derived|m1|h06,355.613,202.501,149.803,256.342,27,False,True
ERCO,fossil_gen,derived,2,6,541.067,497.496,581.301,142,ERCO|fossil_gen|derived|m2|h06,336.372,204.696,161.591,244.105,24,False,True
ERCO,fossil_gen,derived,3,6,553.319,516.784,596.084,154,ERCO|fossil_gen|derived|m3|h06,295.682,257.636,221.087,299.822,26,False,True
ERCO,fossil_gen,derived,4,6,576.931,537.010,629.336,150,ERCO|fossil_gen|derived|m4|h06,301.988,274.943,231.610,324.634,25,False,True
ERCO,fossil_gen,derived,5,6,556.519,513.728,595.883,155,ERCO|fossil_gen|derived|m5|h06,331.393,225.126,186.011,258.874,27,False,True
ERCO,fossil_gen,derived,6,6,565.620,520.998,609.813,150,ERCO|fossil_gen|derived|m6|h06,355.596,210.024,166.838,252.160,25,False,True
ERCO,fossil_gen,derived,7,6,592.827,542.567,636.650,186,ERCO|fossil_gen|derived|m7|h06,380.633,212.194,161.786,255.023,31,False,True
ERCO,fossil_gen,derived,8,6,576.872,536.672,615.972,186,ERCO|fossil_gen|derived|m8|h06,387.397,189.475,145.505,229.537,32,False,True
ERCO,fossil_gen,derived,9,6,582.559,531.818,631.355,180,ERCO|fossil_gen|derived|m9|h06,391.131,191.428,139.589,239.271,32,False,True
ERCO,fossil_gen,derived,10,6,575.712,533.012,619.241,186,ERCO|fossil_gen|derived|m10|h06,358.745,216.967,170.482,263.906,32,False,True
ERCO,fossil_gen,derived,11,6,538.553,496.238,584.203,180,ERCO|fossil_gen|derived|m11|h06,352.442,186.112,143.021,232.275,31,False,True
ERCO,fossil_gen,derived,12,6,613.225,573.440,653.232,185,ERCO|fossil_gen|derived|m12|h06,354.175,259.049,219.717,298.161,32,False,True
ERCO,fossil_gen,derived,1,7,581.076,507.085,642.393,152,ERCO|fossil_gen|derived|m1|h07,365.472,215.604,136.612,280.041,27,False,True
ERCO,fossil_gen,derived,2,7,599.402,559.908,639.118,142,ERCO|fossil_gen|derived|m2|h07,343.775,255.627,212.140,302.294,24,False,True
ERCO,fossil_gen,derived,3,7,621.341,578.493,676.132,154,ERCO|fossil_gen|derived|m3|h07,306.653,314.689,271.268,366.126,26,False,True
ERCO,fossil_gen,derived,4,7,622.220,580.908,665.636,150,ERCO|fossil_gen|derived|m4|h07,309.902,312.318,271.311,356.240,25,False,True
ERCO,fossil_gen,derived,5,7,560.063,522.139,601.014,155,ERCO|fossil_gen|derived|m5|h07,330.475,229.588,196.863,269.494,27,False,True
ERCO,fossil_gen,derived,6,7,557.577,517.808,602.894,150,ERCO|fossil_gen|derived|m6|h07,352.238,205.339,165.639,245.270,25,False,True
ERCO,fossil_gen,derived,7,7,560.292,527.388,606.889,186,ERCO|fossil_gen|derived|m7|h07,382.486,177.806,145.113,221.159,31,False,True
ERCO,fossil_gen,derived,8,7,574.979,532.252,610.107,186,ERCO|fossil_gen|derived|m8|h07,390.421,184.559,141.855,219.000,32,False,True
ERCO,fossil_gen,derived,9,7,630.323,584.645,676.524,180,ERCO|fossil_gen|derived|m9|h07,398.851,231.472,183.412,280.198,32,False,True
ERCO,fossil_gen,derived,10,7,596.372,559.459,647.488,186,ERCO|fossil_gen|derived|m10|h07,371.400,224.972,182.828,279.830,32,False,True
ERCO,fossil_gen,derived,11,7,605.521,564.100,654.378,180,ERCO|fossil_gen|derived|m11|h07,357.276,248.245,201.545,301.494,31,False,True
ERCO,fossil_gen,derived,12,7,645.066,595.925,690.893,185,ERCO|fossil_gen|derived|m12|h07,361.824,283.242,233.611,330.230,32,False,True
ERCO,fossil_gen,derived,1,8,581.246,545.942,613.719,152,ERCO|fossil_gen|derived|m1|h08,355.695,225.550,185.216,267.595,27,False,True
ERCO,fossil_gen,derived,2,8,536.637,511.030,560.937,142,ERCO|fossil_gen|derived|m2|h08,329.149,207.489,161.150,247.806,24,False,True
ERCO,fossil_gen,derived,3,8,556.741,496.991,608.564,154,ERCO|fossil_gen|derived|m3|h08,296.337,260.405,195.602,316.741,26,False,True
ERCO,fossil_gen,derived,4,8,531.931,509.945,551.400,150,ERCO|fossil_gen|derived|m4|h08,297.832,234.099,203.855,262.956,25,False,True
ERCO,fossil_gen,derived,5,8,539.482,513.522,572.036,155,ERCO|fossil_gen|derived|m5|h08,315.308,224.174,200.560,253.521,27,False,True
ERCO,fossil_gen,derived,6,8,541.207,513.131,570.984,150,ERCO|fossil_gen|derived|m6|h08,333.667,207.540,174.378,239.010,25,False,True
ERCO,fossil_gen,derived,7,8,581.667,553.934,615.832,186,ERCO|fossil_gen|derived|m7|h08,367.019,214.649,186.497,245.278,31,False,True
ERCO,fossil_gen,derived,8,8,596.403,574.186,618.149,186,ERCO|fossil_gen|derived|m8|h08,375.196,221.208,193.893,245.909,32,False,True
ERCO,fossil_gen,derived,9,8,578.808,546.741,606.157,180,ERCO|fossil_gen|derived|m9|h08,382.810,195.998,160.797,223.378,32,False,True
ERCO,fossil_gen,derived,10,8,569.992,546.986,586.120,186,ERCO|fossil_gen|derived|m10|h08,359.538,210.455,183.460,232.523,32,False,True
ERCO,fossil_gen,derived,11,8,579.058,554.880,606.370,180,ERCO|fossil_gen|derived|m11|h08,341.858,237.200,205.014,268.690,31,False,True
ERCO,fossil_gen,derived,12,8,569.181,538.778,598.754,185,ERCO|fossil_gen|derived|m12|h08,347.820,221.362,187.221,253.324,32,False,True
ERCO,fossil_gen,derived,1,9,555.197,527.555,584.959,152,ERCO|fossil_gen|derived|m1|h09,340.086,215.110,174.680,257.463,27,False,True
ERCO,fossil_gen,derived,2,9,521.248,499.914,544.609,142,ERCO|fossil_gen|derived|m2|h09,318.391,202.857,160.614,242.883,24,False,True
ERCO,fossil_gen,derived,3,9,563.944,531.032,606.794,154,ERCO|fossil_gen|derived|m3|h09,280.285,283.659,251.606,323.195,26,False,True
ERCO,fossil_gen,derived,4,9,595.048,556.975,630.381,150,ERCO|fossil_gen|derived|m4|h09,285.807,309.241,275.483,341.483,25,False,True
ERCO,fossil_gen,derived,5,9,549.613,524.881,577.933,155,ERCO|fossil_gen|derived|m5|h09,304.924,244.689,216.154,274.863,27,False,True
ERCO,fossil_gen,derived,6,9,538.165,515.576,567.416,150,ERCO|fossil_gen|derived|m6|h09,323.987,214.179,181.795,252.229,25,False,True
ERCO,fossil_gen,derived,7,9,576.630,543.147,604.863,186,ERCO|fossil_gen|derived|m7|h09,354.634,221.996,190.957,247.785,31,False,True
ERCO,fossil_gen,derived,8,9,596.809,572.769,620.736,186,ERCO|fossil_gen|derived|m8|h09,360.087,236.722,206.960,264.741,32,False,True
ERCO,fossil_gen,derived,9,9,598.663,564.931,634.572,180,ERCO|fossil_gen|derived|m9|h09,366.174,232.489,199.088,264.131,32,False,True
ERCO,fossil_gen,derived,10,9,584.808,560.395,603.941,186,ERCO|fossil_gen|derived|m10|h09,339.828,244.980,207.204,276.747,32,False,True
ERCO,fossil_gen,derived,11,9,589.623,559.839,615.242,180,ERCO|fossil_gen|derived|m11|h09,332.141,257.481,215.578,291.093,31,False,True
ERCO,fossil_gen,derived,12,9,563.745,528.562,595.737,185,ERCO|fossil_gen|derived|m12|h09,331.079,232.667,187.766,272.235,32,False,True
ERCO,fossil_gen,derived,1,10,564.947,519.616,611.192,152,ERCO|fossil_gen|derived|m1|h10,333.675,231.272,185.324,278.134,27,False,True
ERCO,fossil_gen,derived,2,10,546.623,517.174,574.792,142,ERCO|fossil_gen|derived|m2|h10,311.265,235.358,198.208,269.590,24,False,True
ERCO,fossil_gen,derived,3,10,565.522,524.804,608.482,154,ERCO|fossil_gen|derived|m3|h10,271.270,294.252,259.031,330.217,26,False,True
ERCO,fossil_gen,derived,4,10,611.427,551.683,678.378,150,ERCO|fossil_gen|derived|m4|h10,280.145,331.282,273.076,400.330,25,False,True
ERCO,fossil_gen,derived,5,10,527.712,485.955,576.057,155,ERCO|fossil_gen|derived|m5|h10,305.297,222.415,182.889,267.304,27,False,True
ERCO,fossil_gen,derived,6,10,548.279,491.442,620.100,150,ERCO|fossil_gen|derived|m6|h10,332.049,216.230,156.885,283.967,25,False,True
ERCO,fossil_gen,derived,7,10,570.491,513.828,637.177,185,ERCO|fossil_gen|derived|m7|h10,364.425,206.065,151.608,270.567,31,False,True
ERCO,fossil_gen,derived,8,10,579.080,527.006,628.948,186,ERCO|fossil_gen|derived|m8|h10,367.093,211.987,161.529,260.626,32,False,True
ERCO,fossil_gen,derived,9,10,568.200,522.256,611.910,180,ERCO|fossil_gen|derived|m9|h10,364.333,203.868,150.197,253.290,32,False,True
ERCO,fossil_gen,derived,10,10,578.773,534.924,616.240,185,ERCO|fossil_gen|derived|m10|h10,335.880,242.893,195.143,283.330,32,False,True
ERCO,fossil_gen,derived,11,10,558.725,521.838,597.484,180,ERCO|fossil_gen|derived|m11|h10,327.585,231.140,186.363,277.755,31,False,True
ERCO,fossil_gen,derived,12,10,562.237,523.066,605.797,185,ERCO|fossil_gen|derived|m12|h10,323.792,238.445,197.955,282.572,32,False,True
ERCO,fossil_gen,derived,1,11,574.925,541.607,609.517,152,ERCO|fossil_gen|derived|m1|h11,328.449,246.476,209.479,285.921,27,False,True
ERCO,fossil_gen,derived,2,11,569.069,540.766,601.171,142,ERCO|fossil_gen|derived|m2|h11,304.101,264.968,228.537,306.295,24,False,True
ERCO,fossil_gen,derived,3,11,552.779,520.921,591.735,154,ERCO|fossil_gen|derived|m3|h11,268.218,284.562,254.439,321.420,26,False,True
ERCO,fossil_gen,derived,4,11,601.575,561.933,641.309,150,ERCO|fossil_gen|derived|m4|h11,282.062,319.513,281.509,357.969,25,False,True
ERCO,fossil_gen,derived,5,11,528.093,487.350,577.200,155,ERCO|fossil_gen|derived|m5|h11,313.338,214.755,177.514,257.516,27,False,True
ERCO,fossil_gen,derived,6,11,552.814,485.785,619.685,150,ERCO|fossil_gen|derived|m6|h11,345.415,207.399,134.753,274.862,25,False,True
ERCO,fossil_gen,derived,7,11,562.845,509.895,617.504,185,ERCO|fossil_gen|derived|m7|h11,379.267,183.578,130.208,238.096,31,False,True
ERCO,fossil_gen,derived,8,11,603.985,544.685,658.500,186,ERCO|fossil_gen|derived|m8|h11,381.862,222.123,155.994,283.801,32,False,True
ERCO,fossil_gen,derived,9,11,560.234,504.108,608.473,180,ERCO|fossil_gen|derived|m9|h11,371.807,188.427,126.001,243.038,32,False,True
ERCO,fossil_gen,derived,10,11,556.396,520.687,597.672,185,ERCO|fossil_gen|derived|m10|h11,338.199,218.197,180.924,257.839,32,False,True
ERCO,fossil_gen,derived,11,11,569.586,531.031,609.630,179,ERCO|fossil_gen|derived|m11|h11,326.081,243.505,195.755,290.765,31,False,True
ERCO,fossil_gen,derived,12,11,578.968,547.028,613.122,185,ERCO|fossil_gen|derived|m12|h11,316.524,262.443,229.738,297.410,32,False,True
ERCO,fossil_gen,derived,1,12,578.880,546.402,616.170,152,ERCO|fossil_gen|derived|m1|h12,324.678,254.202,211.961,302.388,27,False,True
ERCO,fossil_gen,derived,2,12,578.688,531.370,619.648,142,ERCO|fossil_gen|derived|m2|h12,298.390,280.298,227.315,331.316,24,False,True
ERCO,fossil_gen,derived,3,12,573.528,540.497,613.251,154,ERCO|fossil_gen|derived|m3|h12,270.244,303.283,266.098,344.412,26,False,True
ERCO,fossil_gen,derived,4,12,587.407,530.615,644.044,150,ERCO|fossil_gen|derived|m4|h12,286.625,300.781,244.311,359.303,25,False,True
ERCO,fossil_gen,derived,5,12,547.733,495.267,607.371,155,ERCO|fossil_gen|derived|m5|h12,320.867,226.866,179.646,277.637,27,False,True
ERCO,fossil_gen,derived,6,12,530.753,479.172,587.804,150,ERCO|fossil_gen|derived|m6|h12,356.115,174.638,116.997,236.390,25,False,True
ERCO,fossil_gen,derived,7,12,557.468,520.206,598.402,186,ERCO|fossil_gen|derived|m7|h12,389.202,168.265,122.890,214.167,31,False,True
ERCO,fossil_gen,derived,8,12,535.879,466.835,592.523,186,ERCO|fossil_gen|derived|m8|h12,392.085,143.793,61.142,209.401,32,False,True
ERCO,fossil_gen,derived,9,12,519.383,482.212,560.392,180,ERCO|fossil_gen|derived|m9|h12,380.383,139.000,95.238,181.325,32,False,True
ERCO,fossil_gen,derived,10,12,565.087,539.136,592.738,185,ERCO|fossil_gen|derived|m10|h12,344.823,220.264,179.652,260.579,32,False,True
ERCO,fossil_gen,derived,11,12,551.959,524.238,581.869,179,ERCO|fossil_gen|derived|m11|h12,326.893,225.066,185.826,264.330,31,False,True
ERCO,fossil_gen,derived,12,12,576.868,550.010,609.326,185,ERCO|fossil_gen|derived|m12|h12,311.572,265.296,233.904,301.076,32,False,True
ERCO,fossil_gen,derived,1,13,568.676,542.977,595.932,152,ERCO|fossil_gen|derived|m1|h13,321.174,247.502,213.746,282.199,27,False,True
ERCO,fossil_gen,derived,2,13,559.413,506.450,614.118,142,ERCO|fossil_gen|derived|m2|h13,295.602,263.811,205.870,324.050,24,False,True
ERCO,fossil_gen,derived,3,13,568.384,528.838,608.832,154,ERCO|fossil_gen|derived|m3|h13,272.062,296.322,253.036,338.797,26,False,True
ERCO,fossil_gen,derived,4,13,553.040,507.245,614.015,150,ERCO|fossil_gen|derived|m4|h13,292.650,260.390,214.037,319.061,25,False,True
ERCO,fossil_gen,derived,5,13,553.642,519.410,592.986,155,ERCO|fossil_gen|derived|m5|h13,328.043,225.598,190.785,260.641,27,False,True
ERCO,fossil_gen,derived,6,13,564.891,527.347,608.622,150,ERCO|fossil_gen|derived|m6|h13,362.127,202.763,159.746,250.545,25,False,True
ERCO,fossil_gen,derived,7,13,516.247,474.431,558.367,186,ERCO|fossil_gen|derived|m7|h13,392.453,123.794,72.222,172.442,31,False,True
ERCO,fossil_gen,derived,8,13,492.917,449.487,537.078,186,ERCO|fossil_gen|derived|m8|h13,396.162,96.755,42.699,146.411,32,False,True
ERCO,fossil_gen,derived,9,13,488.114,451.161,531.746,180,ERCO|fossil_gen|derived|m9|h13,386.211,101.902,58.785,151.499,32,False,True
ERCO,fossil_gen,derived,10,13,555.513,526.434,589.693,186,ERCO|fossil_gen|derived|m10|h13,350.866,204.648,161.430,248.994,32,False,True
ERCO,fossil_gen,derived,11,13,555.385,524.504,586.149,180,ERCO|fossil_gen|derived|m11|h13,327.179,228.206,190.303,264.378,31,False,True
ERCO,fossil_gen,derived,12,13,592.156,556.575,624.408,185,ERCO|fossil_gen|derived|m12|h13,308.399,283.757,251.849,315.897,32,False,True
ERCO,fossil_gen,derived,1,14,585.215,552.270,622.520,152,ERCO|fossil_gen|derived|m1|h14,317.733,267.482,236.716,301.682,27,False,True
ERCO,fossil_gen,derived,2,14,566.088,510.033,626.280,142,ERCO|fossil_gen|derived|m2|h14,294.204,271.883,212.684,334.179,24,False,True
ERCO,fossil_gen,derived,3,14,568.860,540.152,605.225,154,ERCO|fossil_gen|derived|m3|h14,272.775,296.086,261.698,336.359,26,False,True
ERCO,fossil_gen,derived,4,14,558.298,525.807,605.404,150,ERCO|fossil_gen|derived|m4|h14,295.384,262.914,227.014,312.039,25,False,True
ERCO,fossil_gen,derived,5,14,519.688,493.109,553.090,155,ERCO|fossil_gen|derived|m5|h14,332.322,187.366,160.115,214.338,27,False,True
ERCO,fossil_gen,derived,6,14,566.907,528.035,610.341,150,ERCO|fossil_gen|derived|m6|h14,365.175,201.732,157.310,249.752,25,False,True
ERCO,fossil_gen,derived,7,14,514.561,483.565,552.498,186,ERCO|fossil_gen|derived|m7|h14,391.723,122.837,85.720,168.344,31,False,True
ERCO,fossil_gen,derived,8,14,472.644,436.320,511.805,186,ERCO|fossil_gen|derived|m8|h14,395.908,76.735,34.040,123.335,32,False,True
ERCO,fossil_gen,derived,9,14,517.525,482.350,552.631,180,ERCO|fossil_gen|derived|m9|h14,388.484,129.041,82.406,175.732,32,False,True
ERCO,fossil_gen,derived,10,14,566.062,531.212,595.764,186,ERCO|fossil_gen|derived|m10|h14,354.037,212.025,164.446,254.748,32,False,True
ERCO,fossil_gen,derived,11,14,561.299,523.941,600.571,180,ERCO|fossil_gen|derived|m11|h14,326.780,234.519,192.630,274.289,31,False,True
ERCO,fossil_gen,derived,12,14,588.978,551.927,623.985,185,ERCO|fossil_gen|derived|m12|h14,306.335,282.643,248.881,315.268,32,False,True
ERCO,fossil_gen,derived,1,15,531.824,503.356,567.897,152,ERCO|fossil_gen|derived|m1|h15,317.793,214.031,187.907,244.590,27,False,True
ERCO,fossil_gen,derived,2,15,575.457,535.528,610.932,142,ERCO|fossil_gen|derived|m2|h15,294.663,280.795,232.174,324.466,24,False,True
ERCO,fossil_gen,derived,3,15,555.733,533.603,573.852,153,ERCO|fossil_gen|derived|m3|h15,274.368,281.366,248.645,307.046,26,False,True
ERCO,fossil_gen,derived,4,15,545.000,514.901,575.858,149,ERCO|fossil_gen|derived|m4|h15,298.204,246.797,207.605,288.764,25,False,True
ERCO,fossil_gen,derived,5,15,519.048,481.627,566.490,155,ERCO|fossil_gen|derived|m5|h15,334.510,184.538,146.248,228.086,27,False,True
ERCO,fossil_gen,derived,6,15,558.077,518.028,603.247,150,ERCO|fossil_gen|derived|m6|h15,365.205,192.872,150.694,237.354,25,False,True
ERCO,fossil_gen,derived,7,15,537.438,489.688,587.731,186,ERCO|fossil_gen|derived|m7|h15,390.431,147.007,89.267,206.672,31,False,True
ERCO,fossil_gen,derived,8,15,483.148,450.547,520.157,186,ERCO|fossil_gen|derived|m8|h15,394.232,88.917,47.353,133.513,32,False,True
ERCO,fossil_gen,derived,9,15,541.855,498.991,586.845,180,ERCO|fossil_gen|derived|m9|h15,389.454,152.402,101.529,207.109,32,False,True
ERCO,fossil_gen,derived,10,15,583.678,539.947,619.725,186,ERCO|fossil_gen|derived|m10|h15,355.783,227.895,179.393,269.603,32,False,True
ERCO,fossil_gen,derived,11,15,550.690,517.122,581.065,180,ERCO|fossil_gen|derived|m11|h15,330.749,219.941,179.763,252.878,31,False,True
ERCO,fossil_gen,derived,12,15,569.770,525.418,598.835,185,ERCO|fossil_gen|derived|m12|h15,308.942,260.828,216.180,289.673,32,False,True
ERCO,fossil_gen,derived,1,16,536.454,488.462,589.123,152,ERCO|fossil_gen|derived|m1|h16,333.278,203.176,153.554,254.941,27,False,True
ERCO,fossil_gen,derived,2,16,515.458,475.581,571.627,142,ERCO|fossil_gen|derived|m2|h16,301.527,213.930,174.796,264.260,24,False,True
ERCO,fossil_gen,derived,3,16,527.881,492.438,567.675,153,ERCO|fossil_gen|derived|m3|h16,277.748,250.133,208.808,289.586,26,False,True
ERCO,fossil_gen,derived,4,16,559.321,517.195,596.568,149,ERCO|fossil_gen|derived|m4|h16,301.335,257.986,221.263,294.312,25,False,True
ERCO,fossil_gen,derived,5,16,555.896,520.448,588.594,155,ERCO|fossil_gen|derived|m5|h16,335.413,220.484,185.525,249.923,27,False,True
ERCO,fossil_gen,derived,6,16,535.381,488.423,582.025,150,ERCO|fossil_gen|derived|m6|h16,364.237,171.144,116.948,221.199,25,False,True
ERCO,fossil_gen,derived,7,16,513.223,466.189,569.088,186,ERCO|fossil_gen|derived|m7|h16,388.672,124.551,68.797,188.589,31,False,True
ERCO,fossil_gen,derived,8,16,487.281,449.273,525.931,186,ERCO|fossil_gen|derived|m8|h16,392.447,94.833,51.103,140.596,32,False,True
ERCO,fossil_gen,derived,9,16,531.546,494.417,565.310,180,ERCO|fossil_gen|derived|m9|h16,390.796,140.750,90.973,187.705,32,False,True
ERCO,fossil_gen,derived,10,16,534.524,494.131,573.516,186,ERCO|fossil_gen|derived|m10|h16,358.624,175.900,127.948,221.826,32,False,True
ERCO,fossil_gen,derived,11,16,547.992,529.681,561.746,180,ERCO|fossil_gen|derived|m11|h16,354.323,193.670,163.716,217.122,31,False,True
ERCO,fossil_gen,derived,12,16,488.329,467.891,517.561,185,ERCO|fossil_gen|derived|m12|h16,336.235,152.093,128.623,182.250,32,False,True
ERCO,fossil_gen,derived,1,17,549.418,520.896,574.877,152,ERCO|fossil_gen|derived|m1|h17,376.040,173.378,142.982,197.955,27,False,True
ERCO,fossil_gen,derived,2,17,487.362,459.876,534.066,142,ERCO|fossil_gen|derived|m2|h17,330.234,157.128,130.693,196.159,24,False,True
ERCO,fossil_gen,derived,3,17,529.469,501.127,584.829,154,ERCO|fossil_gen|derived|m3|h17,286.995,242.473,209.140,296.685,26,False,True
ERCO,fossil_gen,derived,4,17,568.743,512.795,616.792,150,ERCO|fossil_gen|derived|m4|h17,305.371,263.373,207.891,310.857,25,False,True
ERCO,fossil_gen,derived,5,17,575.048,539.545,611.279,155,ERCO|fossil_gen|derived|m5|h17,335.089,239.960,210.516,268.534,27,False,True
ERCO,fossil_gen,derived,6,17,555.765,510.094,601.958,150,ERCO|fossil_gen|derived|m6|h17,361.966,193.799,142.432,240.799,25,False,True
ERCO,fossil_gen,derived,7,17,502.995,479.716,527.045,186,ERCO|fossil_gen|derived|m7|h17,387.220,115.775,82.507,149.597,31,False,True
ERCO,fossil_gen,derived,8,17,473.625,437.290,510.635,186,ERCO|fossil_gen|derived|m8|h17,391.282,82.343,39.979,125.766,32,False,True
ERCO,fossil_gen,derived,9,17,532.863,494.599,558.807,180,ERCO|fossil_gen|derived|m9|h17,394.112,138.751,94.075,175.980,32,False,True
ERCO,fossil_gen,derived,10,17,519.694,496.609,545.923,186,ERCO|fossil_gen|derived|m10|h17,369.451,150.243,121.557,179.821,32,False,True
ERCO,fossil_gen,derived,11,17,587.446,535.721,620.192,180,ERCO|fossil_gen|derived|m11|h17,386.178,201.268,147.974,237.223,31,False,True
ERCO,fossil_gen,derived,12,17,586.769,545.564,618.234,185,ERCO|fossil_gen|derived|m12|h17,381.009,205.760,164.651,238.730,32,False,True
ERCO,fossil_gen,derived,1,18,621.469,587.254,650.542,152,ERCO|fossil_gen|derived|m1|h18,392.720,228.749,191.364,263.484,27,False,True
ERCO,fossil_gen,derived,2,18,570.062,547.836,602.312,142,ERCO|fossil_gen|derived|m2|h18,360.425,209.638,184.810,241.975,24,False,True
ERCO,fossil_gen,derived,3,18,544.111,520.806,585.276,154,ERCO|fossil_gen|derived|m3|h18,308.532,235.579,209.335,276.310,26,False,True
ERCO,fossil_gen,derived,4,18,554.387,532.413,585.671,150,ERCO|fossil_gen|derived|m4|h18,315.079,239.308,211.987,270.583,25,False,True
ERCO,fossil_gen,derived,5,18,552.181,519.856,581.165,155,ERCO|fossil_gen|derived|m5|h18,335.546,216.635,189.997,240.095,27,False,True
ERCO,fossil_gen,derived,6,18,529.174,463.908,591.081,150,ERCO|fossil_gen|derived|m6|h18,361.849,167.325,96.505,232.069,25,False,True
ERCO,fossil_gen,derived,7,18,509.578,483.303,537.838,186,ERCO|fossil_gen|derived|m7|h18,387.439,122.139,90.004,156.599,31,False,True
ERCO,fossil_gen,derived,8,18,477.357,448.287,503.408,186,ERCO|fossil_gen|derived|m8|h18,394.323,83.035,48.731,114.251,32,False,True
ERCO,fossil_gen,derived,9,18,536.005,499.818,565.751,180,ERCO|fossil_gen|derived|m9|h18,409.572,126.434,81.488,165.623,32,False,True
ERCO,fossil_gen,derived,10,18,555.960,522.791,586.755,186,ERCO|fossil_gen|derived|m10|h18,397.164,158.795,121.162,191.924,32,False,True
ERCO,fossil_gen,derived,11,18,600.645,523.563,649.969,180,ERCO|fossil_gen|derived|m11|h18,384.520,216.125,135.611,267.206,31,False,True
ERCO,fossil_gen,derived,12,18,644.672,603.586,681.642,184,ERCO|fossil_gen|derived|m12|h18,382.263,262.408,222.724,299.314,32,False,True
ERCO,fossil_gen,derived,1,19,589.961,553.767,631.012,152,ERCO|fossil_gen|derived|m1|h19,381.772,208.189,166.951,255.993,27,False,True
ERCO,fossil_gen,derived,2,19,612.668,569.635,662.842,142,ERCO|fossil_gen|derived|m2|h19,351.129,261.540,211.854,315.513,24,False,True
ERCO,fossil_gen,derived,3,19,568.231,538.715,596.711,154,ERCO|fossil_gen|derived|m3|h19,329.147,239.084,206.721,267.781,26,False,True
ERCO,fossil_gen,derived,4,19,533.632,508.383,552.702,150,ERCO|fossil_gen|derived|m4|h19,340.242,193.389,160.626,218.505,25,False,True
ERCO,fossil_gen,derived,5,19,506.877,481.967,533.389,155,ERCO|fossil_gen|derived|m5|h19,346.803,160.074,140.026,182.752,27,False,True
ERCO,fossil_gen,derived,6,19,556.765,520.349,590.228,150,ERCO|fossil_gen|derived|m6|h19,373.255,183.510,140.541,221.133,26,False,True
ERCO,fossil_gen,derived,7,19,536.507,510.540,559.256,186,ERCO|fossil_gen|derived|m7|h19,397.117,139.391,105.592,169.501,31,False,True
ERCO,fossil_gen,derived,8,19,487.342,457.291,516.753,186,ERCO|fossil_gen|derived|m8|h19,409.005,78.338,42.904,112.814,32,False,True
ERCO,fossil_gen,derived,9,19,534.203,475.359,579.725,180,ERCO|fossil_gen|derived|m9|h19,429.795,104.409,42.433,153.440,32,False,True
ERCO,fossil_gen,derived,10,19,545.751,505.456,594.572,186,ERCO|fossil_gen|derived|m10|h19,404.737,141.013,98.826,191.652,32,False,True
ERCO,fossil_gen,derived,11,19,547.570,514.045,584.522,180,ERCO|fossil_gen|derived|m11|h19,372.159,175.411,138.357,213.388,31,False,True
ERCO,fossil_gen,derived,12,19,612.406,565.786,655.825,184,ERCO|fossil_gen|derived|m12|h19,368.824,243.582,196.543,284.936,32,False,True
ERCO,fossil_gen,derived,1,20,572.897,539.511,611.681,152,ERCO|fossil_gen|derived|m1|h20,371.700,201.197,163.521,243.394,27,False,True
ERCO,fossil_gen,derived,2,20,588.051,542.367,635.603,142,ERCO|fossil_gen|derived|m2|h20,338.209,249.842,198.967,299.973,24,False,True
ERCO,fossil_gen,derived,3,20,583.040,559.076,608.217,154,ERCO|fossil_gen|derived|m3|h20,325.323,257.718,229.843,286.943,26,False,True
ERCO,fossil_gen,derived,4,20,567.424,526.796,600.849,150,ERCO|fossil_gen|derived|m4|h20,350.390,217.034,171.689,252.513,25,False,True
ERCO,fossil_gen,derived,5,20,506.259,486.189,529.990,155,ERCO|fossil_gen|derived|m5|h20,357.591,148.668,129.435,171.293,27,False,True
ERCO,fossil_gen,derived,6,20,549.084,504.873,596.404,151,ERCO|fossil_gen|derived|m6|h20,386.772,162.312,115.360,209.645,26,False,True
ERCO,fossil_gen,derived,7,20,532.721,498.429,565.592,186,ERCO|fossil_gen|derived|m7|h20,411.518,121.203,81.685,159.197,31,False,True
ERCO,fossil_gen,derived,8,20,467.412,447.047,496.668,186,ERCO|fossil_gen|derived|m8|h20,417.371,50.041,25.537,84.506,32,False,True
ERCO,fossil_gen,derived,9,20,503.298,461.433,551.278,180,ERCO|fossil_gen|derived|m9|h20,423.171,80.128,39.337,124.555,32,False,True
ERCO,fossil_gen,derived,10,20,530.069,497.508,567.486,186,ERCO|fossil_gen|derived|m10|h20,389.230,140.839,109.530,178.213,32,False,True
ERCO,fossil_gen,derived,11,20,569.453,523.267,616.625,180,ERCO|fossil_gen|derived|m11|h20,360.174,209.279,158.064,260.931,31,False,True
ERCO,fossil_gen,derived,12,20,590.446,552.042,626.829,184,ERCO|fossil_gen|derived|m12|h20,358.214,232.232,190.881,272.018,32,False,True
ERCO,fossil_gen,derived,1,21,542.044,505.124,584.280,152,ERCO|fossil_gen|derived|m1|h21,361.528,180.515,143.557,224.934,27,False,True
ERCO,fossil_gen,derived,2,21,539.741,501.790,587.438,142,ERCO|fossil_gen|derived|m2|h21,329.129,210.612,169.710,259.963,24,False,True
ERCO,fossil_gen,derived,3,21,544.644,494.967,595.344,154,ERCO|fossil_gen|derived|m3|h21,309.181,235.464,181.205,291.116,26,False,True
ERCO,fossil_gen,derived,4,21,529.146,485.089,569.462,150,ERCO|fossil_gen|derived|m4|h21,335.819,193.327,148.034,234.174,25,False,True
ERCO,fossil_gen,derived,5,21,541.857,500.062,593.792,155,ERCO|fossil_gen|derived|m5|h21,347.333,194.523,152.586,245.888,27,False,True
ERCO,fossil_gen,derived,6,21,558.528,498.305,623.555,151,ERCO|fossil_gen|derived|m6|h21,378.070,180.458,117.464,247.144,26,False,True
ERCO,fossil_gen,derived,7,21,507.036,466.428,554.387,186,ERCO|fossil_gen|derived|m7|h21,404.493,102.543,62.468,148.283,31,False,True
ERCO,fossil_gen,derived,8,21,445.848,419.536,475.636,186,ERCO|fossil_gen|derived|m8|h21,407.885,37.963,12.005,66.823,32,False,False
ERCO,fossil_gen,derived,9,21,472.304,430.717,519.987,180,ERCO|fossil_gen|derived|m9|h21,406.774,65.530,24.771,112.078,32,False,True
ERCO,fossil_gen,derived,10,21,518.889,487.309,552.386,186,ERCO|fossil_gen|derived|m10|h21,374.830,144.059,112.503,179.047,32,False,True
ERCO,fossil_gen,derived,11,21,578.691,533.238,617.579,180,ERCO|fossil_gen|derived|m11|h21,350.097,228.594,181.366,267.733,31,False,True
ERCO,fossil_gen,derived,12,21,574.972,538.570,606.279,184,ERCO|fossil_gen|derived|m12|h21,349.014,225.958,184.246,261.950,32,False,True
ERCO,fossil_gen,derived,1,22,533.941,495.419,575.620,152,ERCO|fossil_gen|derived|m1|h22,350.079,183.862,150.418,220.272,27,False,True
ERCO,fossil_gen,derived,2,22,509.241,473.775,554.413,142,ERCO|fossil_gen|derived|m2|h22,319.826,189.415,148.805,235.962,24,False,True
ERCO,fossil_gen,derived,3,22,494.962,460.280,534.944,154,ERCO|fossil_gen|derived|m3|h22,293.765,201.197,165.780,243.537,26,False,True
ERCO,fossil_gen,derived,4,22,495.522,457.025,540.275,150,ERCO|fossil_gen|derived|m4|h22,317.280,178.242,137.562,221.121,25,False,True
ERCO,fossil_gen,derived,5,22,501.583,473.600,533.409,155,ERCO|fossil_gen|derived|m5|h22,333.349,168.235,142.064,196.792,27,False,True
ERCO,fossil_gen,derived,6,22,523.164,467.284,592.099,151,ERCO|fossil_gen|derived|m6|h22,362.950,160.214,99.642,231.283,26,False,True
ERCO,fossil_gen,derived,7,22,522.147,474.106,581.573,186,ERCO|fossil_gen|derived|m7|h22,388.128,134.019,86.913,189.388,31,False,True
ERCO,fossil_gen,derived,8,22,487.359,439.070,539.684,186,ERCO|fossil_gen|derived|m8|h22,392.939,94.420,44.787,146.117,32,False,True
ERCO,fossil_gen,derived,9,22,492.871,443.940,550.568,180,ERCO|fossil_gen|derived|m9|h22,391.849,101.022,51.484,157.088,32,False,True
ERCO,fossil_gen,derived,10,22,504.375,461.037,558.766,186,ERCO|fossil_gen|derived|m10|h22,362.866,141.509,97.389,193.738,32,False,True
ERCO,fossil_gen,derived,11,22,534.519,491.812,583.018,180,ERCO|fossil_gen|derived|m11|h22,339.776,194.743,149.184,242.524,31,False,True
ERCO,fossil_gen,derived,12,22,535.495,499.706,582.904,184,ERCO|fossil_gen|derived|m12|h22,340.982,194.513,156.150,243.211,32,False,True
ERCO,fossil_gen,derived,1,23,544.910,500.291,595.595,152,ERCO|fossil_gen|derived|m1|h23,339.712,205.198,165.030,250.752,27,False,True
ERCO,fossil_gen,derived,2,23,527.583,472.421,576.764,142,ERCO|fossil_gen|derived|m2|h23,311.398,216.185,162.872,270.770,24,False,True
ERCO,fossil_gen,derived,3,23,518.733,484.476,552.392,154,ERCO|fossil_gen|derived|m3|h23,279.081,239.651,198.676,278.045,26,False,True
ERCO,fossil_gen,derived,4,23,497.856,457.108,536.878,150,ERCO|fossil_gen|derived|m4|h23,301.378,196.478,151.782,236.856,25,False,True
ERCO,fossil_gen,derived,5,23,510.319,462.273,557.677,155,ERCO|fossil_gen|derived|m5|h23,319.561,190.757,147.188,235.535,27,False,True
ERCO,fossil_gen,derived,6,23,487.247,431.724,548.776,151,ERCO|fossil_gen|derived|m6|h23,350.073,137.174,81.303,199.234,26,False,True
ERCO,fossil_gen,derived,7,23,527.947,467.101,595.449,186,ERCO|fossil_gen|derived|m7|h23,373.315,154.632,92.077,221.625,31,False,True
ERCO,fossil_gen,derived,8,23,569.940,498.297,646.533,185,ERCO|fossil_gen|derived|m8|h23,378.315,191.625,118.864,265.227,32,False,True
ERCO,fossil_gen,derived,9,23,454.890,375.483,532.958,180,ERCO|fossil_gen|derived|m9|h23,377.899,76.990,-3.816,157.578,32,False,False
ERCO,fossil_gen,derived,10,23,537.803,484.675,592.313,185,ERCO|fossil_gen|derived|m10|h23,351.267,186.536,133.847,238.426,32,False,True
ERCO,fossil_gen,derived,11,23,560.441,505.796,620.725,180,ERCO|fossil_gen|derived|m11|h23,330.165,230.276,176.814,289.542,31,False,True
ERCO,fossil_gen,derived,12,23,553.817,511.557,599.235,183,ERCO|fossil_gen|derived|m12|h23,331.681,222.137,181.468,268.776,32,False,True
ERCO,fossil_gen,eia,1,0,569.684,511.211,635.551,149,ERCO|fossil_gen|eia|m1|h00,342.733,226.951,172.199,293.026,27,False,True
ERCO,fossil_gen,eia,2,0,551.905,505.991,593.702,142,ERCO|fossil_gen|eia|m2|h00,318.148,233.757,179.189,284.607,24,False,True
ERCO,fossil_gen,eia,3,0,552.120,496.618,610.360,153,ERCO|fossil_gen|eia|m3|h00,275.950,276.171,219.900,338.870,26,False,True
ERCO,fossil_gen,eia,4,0,496.040,453.865,533.169,150,ERCO|fossil_gen|eia|m4|h00,297.115,198.925,157.860,233.012,25,False,True
ERCO,fossil_gen,eia,5,0,550.661,499.062,598.004,155,ERCO|fossil_gen|eia|m5|h00,318.176,232.486,184.368,276.507,27,False,True
ERCO,fossil_gen,eia,6,0,537.419,479.791,592.704,150,ERCO|fossil_gen|eia|m6|h00,349.423,187.996,130.982,243.989,25,False,True
ERCO,fossil_gen,eia,7,0,606.517,524.561,669.072,186,ERCO|fossil_gen|eia|m7|h00,371.045,235.472,153.571,299.751,31,False,True
ERCO,fossil_gen,eia,8,0,572.967,519.750,625.831,185,ERCO|fossil_gen|eia|m8|h00,375.920,197.047,135.763,254.266,32,False,True
ERCO,fossil_gen,eia,9,0,552.107,480.885,619.495,180,ERCO|fossil_gen|eia|m9|h00,380.261,171.845,98.037,243.168,32,False,True
ERCO,fossil_gen,eia,10,0,550.205,506.597,585.637,185,ERCO|fossil_gen|eia|m10|h00,350.586,199.619,157.949,231.812,32,False,True
ERCO,fossil_gen,eia,11,0,588.845,520.908,654.869,178,ERCO|fossil_gen|eia|m11|h00,333.619,255.226,189.038,320.849,31,False,True
ERCO,fossil_gen,eia,12,0,576.514,529.088,626.223,183,ERCO|fossil_gen|eia|m12|h00,336.758,239.756,194.489,288.806,32,False,True
ERCO,fossil_gen,eia,1,1,590.506,556.023,634.424,152,ERCO|fossil_gen|eia|m1|h01,339.011,251.495,208.240,299.479,27,False,True
ERCO,fossil_gen,eia,2,1,598.655,555.912,633.688,142,ERCO|fossil_gen|eia|m2|h01,316.037,282.618,226.128,326.457,24,False,True
ERCO,fossil_gen,eia,3,1,591.187,547.746,632.567,154,ERCO|fossil_gen|eia|m3|h01,269.895,321.292,275.058,364.553,26,False,True
ERCO,fossil_gen,eia,4,1,568.015,520.787,613.774,150,ERCO|fossil_gen|eia|m4|h01,286.741,281.273,231.406,328.887,25,False,True
ERCO,fossil_gen,eia,5,1,534.152,481.514,588.751,155,ERCO|fossil_gen|eia|m5|h01,310.922,223.230,170.485,274.573,27,False,True
ERCO,fossil_gen,eia,6,1,614.209,542.662,689.423,150,ERCO|fossil_gen|eia|m6|h01,341.369,272.840,202.932,347.017,25,False,True
ERCO,fossil_gen,eia,7,1,618.529,547.497,680.841,186,ERCO|fossil_gen|eia|m7|h01,362.480,256.049,181.762,320.391,31,False,True
ERCO,fossil_gen,eia,8,1,631.826,560.589,694.295,186,ERCO|fossil_gen|eia|m8|h01,369.562,262.265,190.737,327.839,32,False,True
ERCO,fossil_gen,eia,9,1,663.803,593.598,733.978,180,ERCO|fossil_gen|eia|m9|h01,371.586,292.218,215.003,371.251,32,False,True
ERCO,fossil_gen,eia,10,1,576.598,513.683,633.134,186,ERCO|fossil_gen|eia|m10|h01,342.377,234.221,171.296,289.886,32,False,True
ERCO,fossil_gen,eia,11,1,615.856,573.553,658.978,184,ERCO|fossil_gen|eia|m11|h01,328.492,287.364,237.230,337.493,31,False,True
ERCO,fossil_gen,eia,12,1,628.162,595.442,662.168,185,ERCO|fossil_gen|eia|m12|h01,333.813,294.349,258.092,330.889,32,False,True
ERCO,fossil_gen,eia,1,2,665.585,603.009,736.603,152,ERCO|fossil_gen|eia|m1|h02,338.059,327.526,256.128,405.509,27,False,True
ERCO,fossil_gen,eia,2,2,550.484,530.479,602.418,142,ERCO|fossil_gen|eia|m2|h02,316.186,234.298,199.286,296.499,24,False,True
ERCO,fossil_gen,eia,3,2,650.856,607.834,699.408,149,ERCO|fossil_gen|eia|m3|h02,268.703,382.153,336.406,433.349,26,False,True
ERCO,fossil_gen,eia,4,2,566.908,524.832,618.539,150,ERCO|fossil_gen|eia|m4|h02,283.426,283.482,244.910,333.284,25,False,True
ERCO,fossil_gen,eia,5,2,548.634,518.613,581.653,155,ERCO|fossil_gen|eia|m5|h02,309.484,239.150,205.953,272.862,27,False,True
ERCO,fossil_gen,eia,6,2,559.416,490.367,646.016,150,ERCO|fossil_gen|eia|m6|h02,337.020,222.396,150.707,312.254,25,False,True
ERCO,fossil_gen,eia,7,2,604.175,553.118,652.915,186,ERCO|fossil_gen|eia|m7|h02,361.118,243.057,193.919,288.128,31,False,True
ERCO,fossil_gen,eia,8,2,590.270,533.342,643.741,186,ERCO|fossil_gen|eia|m8|h02,368.317,221.954,163.040,278.692,32,False,True
ERCO,fossil_gen,eia,9,2,652.137,598.729,699.441,180,ERCO|fossil_gen|eia|m9|h02,368.920,283.217,226.233,334.224,32,False,True
ERCO,fossil_gen,eia,10,2,602.289,563.499,643.564,186,ERCO|fossil_gen|eia|m10|h02,339.216,263.073,218.058,308.028,32,False,True
ERCO,fossil_gen,eia,11,2,629.015,585.509,669.884,180,ERCO|fossil_gen|eia|m11|h02,328.028,300.987,254.149,346.643,31,False,True
ERCO,fossil_gen,eia,12,2,624.583,582.913,666.522,185,ERCO|fossil_gen|eia|m12|h02,333.721,290.862,245.605,333.927,32,False,True
ERCO,fossil_gen,eia,1,3,700.449,636.732,760.762,152,ERCO|fossil_gen|eia|m1|h03,340.286,360.162,289.071,427.652,27,False,True
ERCO,fossil_gen,eia,2,3,573.669,538.077,619.509,142,ERCO|fossil_gen|eia|m2|h03,318.776,254.893,212.844,307.710,24,False,True
ERCO,fossil_gen,eia,3,3,664.874,616.097,705.387,154,ERCO|fossil_gen|eia|m3|h03,270.805,394.069,342.744,438.082,26,False,True
ERCO,fossil_gen,eia,4,3,581.563,545.972,635.590,150,ERCO|fossil_gen|eia|m4|h03,284.359,297.204,264.508,349.128,25,False,True
ERCO,fossil_gen,eia,5,3,603.011,560.737,656.040,155,ERCO|fossil_gen|eia|m5|h03,313.004,290.007,245.884,345.203,27,False,True
ERCO,fossil_gen,eia,6,3,558.826,513.488,618.078,150,ERCO|fossil_gen|eia|m6|h03,338.711,220.115,171.487,279.713,25,False,True
ERCO,fossil_gen,eia,7,3,580.108,530.666,633.602,186,ERCO|fossil_gen|eia|m7|h03,364.211,215.897,165.675,269.599,31,False,True
ERCO,fossil_gen,eia,8,3,597.319,549.239,629.347,186,ERCO|fossil_gen|eia|m8|h03,370.630,226.689,176.198,263.281,32,False,True
ERCO,fossil_gen,eia,9,3,604.043,565.975,637.420,180,ERCO|fossil_gen|eia|m9|h03,371.255,232.788,190.100,270.871,32,False,True
ERCO,fossil_gen,eia,10,3,621.210,591.124,650.579,186,ERCO|fossil_gen|eia|m10|h03,340.732,280.478,246.177,314.332,32,False,True
ERCO,fossil_gen,eia,11,3,643.778,593.658,693.208,180,ERCO|fossil_gen|eia|m11|h03,331.344,312.434,263.739,358.119,31,False,True
ERCO,fossil_gen,eia,12,3,634.722,588.843,675.910,185,ERCO|fossil_gen|eia|m12|h03,337.863,296.859,251.466,339.110,32,False,True
ERCO,fossil_gen,eia,1,4,616.072,556.229,665.062,152,ERCO|fossil_gen|eia|m1|h04,345.904,270.168,202.642,332.428,27,False,True
ERCO,fossil_gen,eia,2,4,528.404,491.664,568.837,142,ERCO|fossil_gen|eia|m2|h04,324.081,204.323,159.181,255.196,24,False,True
ERCO,fossil_gen,eia,3,4,625.040,583.593,666.486,154,ERCO|fossil_gen|eia|m3|h04,278.306,346.734,301.375,394.366,26,False,True
ERCO,fossil_gen,eia,4,4,648.903,569.353,720.775,150,ERCO|fossil_gen|eia|m4|h04,289.081,359.822,280.417,431.460,25,False,True
ERCO,fossil_gen,eia,5,4,660.331,613.867,712.008,155,ERCO|fossil_gen|eia|m5|h04,321.018,339.313,292.892,390.937,27,False,True
ERCO,fossil_gen,eia,6,4,609.877,540.938,671.718,150,ERCO|fossil_gen|eia|m6|h04,345.553,264.324,196.095,323.532,25,False,True
ERCO,fossil_gen,eia,7,4,590.689,529.252,653.053,186,ERCO|fossil_gen|eia|m7|h04,370.462,220.227,159.725,280.152,31,False,True
ERCO,fossil_gen,eia,8,4,586.541,549.394,616.636,186,ERCO|fossil_gen|eia|m8|h04,376.835,209.705,170.124,245.771,32,False,True
ERCO,fossil_gen,eia,9,4,616.582,578.301,658.656,180,ERCO|fossil_gen|eia|m9|h04,378.327,238.255,204.162,275.741,32,False,True
ERCO,fossil_gen,eia,10,4,588.052,559.367,619.967,186,ERCO|fossil_gen|eia|m10|h04,345.459,242.593,208.084,281.777,32,False,True
ERCO,fossil_gen,eia,11,4,622.601,575.087,671.561,180,ERCO|fossil_gen|eia|m11|h04,339.044,283.557,233.694,333.001,31,False,True
ERCO,fossil_gen,eia,12,4,611.577,566.301,660.059,185,ERCO|fossil_gen|eia|m12|h04,344.990,266.587,221.882,318.622,32,False,True
ERCO,fossil_gen,eia,1,5,546.433,516.655,576.640,152,ERCO|fossil_gen|eia|m1|h05,354.435,191.998,162.648,221.014,27,False,True
ERCO,fossil_gen,eia,2,5,550.240,515.600,583.304,142,ERCO|fossil_gen|eia|m2|h05,334.104,216.136,178.702,254.923,24,False,True
ERCO,fossil_gen,eia,3,5,551.041,523.936,580.889,154,ERCO|fossil_gen|eia|m3|h05,289.995,261.046,231.853,293.203,26,False,True
ERCO,fossil_gen,eia,4,5,612.642,565.452,654.918,150,ERCO|fossil_gen|eia|m4|h05,299.227,313.415,267.291,357.844,25,False,True
ERCO,fossil_gen,eia,5,5,619.646,580.686,660.218,155,ERCO|fossil_gen|eia|m5|h05,331.720,287.927,253.065,326.153,27,False,True
ERCO,fossil_gen,eia,6,5,551.556,498.271,629.499,150,ERCO|fossil_gen|eia|m6|h05,356.238,195.318,146.019,269.414,25,False,True
ERCO,fossil_gen,eia,7,5,611.644,559.607,659.149,186,ERCO|fossil_gen|eia|m7|h05,380.381,231.262,179.297,275.394,31,False,True
ERCO,fossil_gen,eia,8,5,578.812,538.720,617.155,186,ERCO|fossil_gen|eia|m8|h05,386.851,191.960,151.978,231.121,32,False,True
ERCO,fossil_gen,eia,9,5,578.023,527.515,620.505,180,ERCO|fossil_gen|eia|m9|h05,388.905,189.117,140.337,230.866,32,False,True
ERCO,fossil_gen,eia,10,5,556.326,507.132,604.512,186,ERCO|fossil_gen|eia|m10|h05,355.368,200.958,149.864,254.577,32,False,True
ERCO,fossil_gen,eia,11,5,582.705,540.332,626.989,180,ERCO|fossil_gen|eia|m11|h05,350.521,232.184,184.981,281.619,31,False,True
ERCO,fossil_gen,eia,12,5,561.242,536.279,585.960,185,ERCO|fossil_gen|eia|m12|h05,354.794,206.448,184.088,230.453,32,False,True
ERCO,fossil_gen,eia,1,6,568.527,513.302,622.026,152,ERCO|fossil_gen|eia|m1|h06,367.699,200.828,144.062,255.718,27,False,True
ERCO,fossil_gen,eia,2,6,548.800,504.505,591.754,142,ERCO|fossil_gen|eia|m2|h06,347.225,201.574,157.023,243.359,24,False,True
ERCO,fossil_gen,eia,3,6,563.497,524.654,608.915,154,ERCO|fossil_gen|eia|m3|h06,306.660,256.837,215.494,301.844,26,False,True
ERCO,fossil_gen,eia,4,6,590.688,546.669,645.156,150,ERCO|fossil_gen|eia|m4|h06,313.495,277.193,233.183,332.146,25,False,True
ERCO,fossil_gen,eia,5,6,570.322,524.371,614.733,155,ERCO|fossil_gen|eia|m5|h06,343.151,227.171,186.207,264.279,27,False,True
ERCO,fossil_gen,eia,6,6,576.126,530.864,619.231,150,ERCO|fossil_gen|eia|m6|h06,367.662,208.464,162.275,249.772,25,False,True
ERCO,fossil_gen,eia,7,6,605.909,554.019,654.546,186,ERCO|fossil_gen|eia|m7|h06,391.901,214.008,162.941,261.827,31,False,True
ERCO,fossil_gen,eia,8,6,586.313,544.712,626.987,186,ERCO|fossil_gen|eia|m8|h06,398.589,187.723,142.143,230.630,32,False,True
ERCO,fossil_gen,eia,9,6,590.928,538.754,638.445,180,ERCO|fossil_gen|eia|m9|h06,402.952,187.976,137.350,238.268,32,False,True
ERCO,fossil_gen,eia,10,6,584.120,538.152,633.373,186,ERCO|fossil_gen|eia|m10|h06,370.044,214.076,162.448,267.316,32,False,True
ERCO,fossil_gen,eia,11,6,542.543,497.003,592.792,180,ERCO|fossil_gen|eia|m11|h06,364.034,178.509,131.419,229.857,31,False,True
ERCO,fossil_gen,eia,12,6,621.388,578.091,664.154,185,ERCO|fossil_gen|eia|m12|h06,365.914,255.474,212.579,298.329,32,False,True
ERCO,fossil_gen,eia,1,7,591.802,515.554,661.695,152,ERCO|fossil_gen|eia|m1|h07,377.532,214.271,131.036,289.999,27,False,True
ERCO,fossil_gen,eia,2,7,609.559,569.294,656.480,142,ERCO|fossil_gen|eia|m2|h07,354.581,254.977,207.223,307.239,24,False,True
ERCO,fossil_gen,eia,3,7,632.794,586.541,689.860,154,ERCO|fossil_gen|eia|m3|h07,317.680,315.114,268.144,370.224,26,False,True
ERCO,fossil_gen,eia,4,7,634.267,590.853,680.238,150,ERCO|fossil_gen|eia|m4|h07,321.383,312.884,267.920,358.163,25,False,True
ERCO,fossil_gen,eia,5,7,569.780,528.676,614.848,155,ERCO|fossil_gen|eia|m5|h07,341.975,227.805,191.525,270.055,27,False,True
ERCO,fossil_gen,eia,6,7,567.017,522.878,611.602,150,ERCO|fossil_gen|eia|m6|h07,363.988,203.029,159.275,244.493,25,False,True
ERCO,fossil_gen,eia,7,7,569.154,532.098,614.105,186,ERCO|fossil_gen|eia|m7|h07,393.743,175.411,140.005,217.955,31,False,True
ERCO,fossil_gen,eia,8,7,584.231,540.406,619.791,186,ERCO|fossil_gen|eia|m8|h07,401.604,182.627,138.112,218.591,32,False,True
ERCO,fossil_gen,eia,9,7,638.622,590.639,682.959,180,ERCO|fossil_gen|eia|m9|h07,410.731,227.892,177.806,274.865,32,False,True
ERCO,fossil_gen,eia,10,7,604.202,561.853,656.246,186,ERCO|fossil_gen|eia|m10|h07,382.717,221.484,170.840,279.350,32,False,True
ERCO,fossil_gen,eia,11,7,613.775,569.313,660.145,180,ERCO|fossil_gen|eia|m11|h07,368.692,245.084,193.865,295.437,31,False,True
ERCO,fossil_gen,eia,12,7,654.725,605.371,701.991,185,ERCO|fossil_gen|eia|m12|h07,373.403,281.323,229.853,327.550,32,False,True
ERCO,fossil_gen,eia,1,8,597.750,558.194,631.332,152,ERCO|fossil_gen|eia|m1|h08,367.330,230.420,185.733,273.276,27,False,True
ERCO,fossil_gen,eia,2,8,549.994,521.819,574.229,142,ERCO|fossil_gen|eia|m2|h08,339.502,210.492,161.782,251.094,24,False,True
ERCO,fossil_gen,eia,3,8,569.780,506.863,626.158,154,ERCO|fossil_gen|eia|m3|h08,306.998,262.783,195.714,322.344,26,False,True
ERCO,fossil_gen,eia,4,8,544.060,519.496,565.176,150,ERCO|fossil_gen|eia|m4|h08,308.781,235.279,199.986,265.589,25,False,True
ERCO,fossil_gen,eia,5,8,549.405,521.587,582.583,155,ERCO|fossil_gen|eia|m5|h08,326.280,223.125,198.322,252.667,27,False,True
ERCO,fossil_gen,eia,6,8,551.898,523.090,584.071,150,ERCO|fossil_gen|eia|m6|h08,344.715,207.183,173.970,241.875,25,False,True
ERCO,fossil_gen,eia,7,8,591.944,563.240,626.405,186,ERCO|fossil_gen|eia|m7|h08,377.633,214.311,184.321,246.991,31,False,True
ERCO,fossil_gen,eia,8,8,608.369,585.086,633.102,186,ERCO|fossil_gen|eia|m8|h08,385.744,222.625,192.548,248.183,32,False,True
ERCO,fossil_gen,eia,9,8,592.218,557.311,620.627,180,ERCO|fossil_gen|eia|m9|h08,394.109,198.109,159.867,229.298,32,False,True
ERCO,fossil_gen,eia,10,8,584.382,558.429,602.283,186,ERCO|fossil_gen|eia|m10|h08,370.399,213.983,184.171,235.474,32,False,True
ERCO,fossil_gen,eia,11,8,593.211,567.143,621.355,180,ERCO|fossil_gen|eia|m11|h08,352.738,240.472,205.441,273.564,31,False,True
ERCO,fossil_gen,eia,12,8,584.165,549.735,617.623,185,ERCO|fossil_gen|eia|m12|h08,358.885,225.280,185.437,260.721,32,False,True
ERCO,fossil_gen,eia,1,9,570.893,540.363,605.130,152,ERCO|fossil_gen|eia|m1|h09,351.192,219.702,176.170,263.584,27,False,True
ERCO,fossil_gen,eia,2,9,532.438,509.644,556.381,142,ERCO|fossil_gen|eia|m2|h09,328.452,203.986,159.215,246.941,24,False,True
ERCO,fossil_gen,eia,3,9,578.754,543.854,623.469,154,ERCO|fossil_gen|eia|m3|h09,290.453,288.301,252.445,327.224,26,False,True
ERCO,fossil_gen,eia,4,9,606.759,567.632,642.613,150,ERCO|fossil_gen|eia|m4|h09,296.410,310.349,273.140,343.507,25,False,True
ERCO,fossil_gen,eia,5,9,560.781,531.370,592.824,155,ERCO|fossil_gen|eia|m5|h09,315.654,245.128,215.763,277.347,27,False,True
ERCO,fossil_gen,eia,6,9,547.338,522.113,580.958,150,ERCO|fossil_gen|eia|m6|h09,334.733,212.605,177.158,253.262,25,False,True
ERCO,fossil_gen,eia,7,9,584.233,552.143,612.611,186,ERCO|fossil_gen|eia|m7|h09,364.847,219.386,189.074,245.980,31,False,True
ERCO,fossil_gen,eia,8,9,606.188,581.574,631.142,186,ERCO|fossil_gen|eia|m8|h09,370.145,236.043,207.370,265.836,32,False,True
ERCO,fossil_gen,eia,9,9,608.775,574.967,642.076,180,ERCO|fossil_gen|eia|m9|h09,376.807,231.968,197.897,264.412,32,False,True
ERCO,fossil_gen,eia,10,9,598.191,571.099,617.499,186,ERCO|fossil_gen|eia|m10|h09,349.937,248.254,208.585,279.471,32,False,True
ERCO,fossil_gen,eia,11,9,602.847,566.309,631.664,180,ERCO|fossil_gen|eia|m11|h09,342.650,260.196,214.089,296.164,31,False,True
ERCO,fossil_gen,eia,12,9,578.460,538.693,613.758,185,ERCO|fossil_gen|eia|m12|h09,341.565,236.895,189.614,277.856,32,False,True
ERCO,fossil_gen,eia,1,10,574.991,533.041,621.728,152,ERCO|fossil_gen|eia|m1|h10,344.561,230.430,185.747,278.197,27,False,True
ERCO,fossil_gen,eia,2,10,556.603,526.860,587.166,142,ERCO|fossil_gen|eia|m2|h10,321.200,235.403,199.688,274.029,24,False,True
ERCO,fossil_gen,eia,3,10,577.189,533.188,620.237,154,ERCO|fossil_gen|eia|m3|h10,281.263,295.927,258.106,332.100,26,False,True
ERCO,fossil_gen,eia,4,10,621.078,557.502,688.058,150,ERCO|fossil_gen|eia|m4|h10,290.639,330.439,266.782,402.540,25,False,True
ERCO,fossil_gen,eia,5,10,534.274,491.351,585.475,155,ERCO|fossil_gen|eia|m5|h10,315.918,218.357,177.791,267.571,27,False,True
ERCO,fossil_gen,eia,6,10,555.821,494.531,627.564,150,ERCO|fossil_gen|eia|m6|h10,342.843,212.978,150.767,281.008,25,False,True
ERCO,fossil_gen,eia,7,10,574.053,519.832,640.758,185,ERCO|fossil_gen|eia|m7|h10,374.662,199.392,147.384,266.477,31,False,True
ERCO,fossil_gen,eia,8,10,583.466,529.461,635.822,186,ERCO|fossil_gen|eia|m8|h10,377.203,206.263,152.227,257.865,32,False,True
ERCO,fossil_gen,eia,9,10,577.893,527.135,626.664,180,ERCO|fossil_gen|eia|m9|h10,374.900,202.993,148.713,256.716,32,False,True
ERCO,fossil_gen,eia,10,10,586.357,540.407,624.748,185,ERCO|fossil_gen|eia|m10|h10,345.820,240.537,191.227,281.603,32,False,True
ERCO,fossil_gen,eia,11,10,569.621,531.694,610.895,180,ERCO|fossil_gen|eia|m11|h10,337.989,231.631,187.248,281.661,31,False,True
ERCO,fossil_gen,eia,12,10,570.330,529.735,617.289,185,ERCO|fossil_gen|eia|m12|h10,334.016,236.314,194.724,284.143,32,False,True
ERCO,fossil_gen,eia,1,11,583.102,549.277,617.880,152,ERCO|fossil_gen|eia|m1|h11,339.310,243.792,206.280,283.680,27,False,True
ERCO,fossil_gen,eia,2,11,579.170,548.188,614.966,142,ERCO|fossil_gen|eia|m2|h11,314.001,265.168,229.743,307.110,24,False,True
ERCO,fossil_gen,eia,3,11,563.507,529.124,603.662,154,ERCO|fossil_gen|eia|m3|h11,278.195,285.313,255.816,323.937,26,False,True
ERCO,fossil_gen,eia,4,11,610.737,570.739,653.954,150,ERCO|fossil_gen|eia|m4|h11,292.575,318.161,278.179,359.331,25,False,True
ERCO,fossil_gen,eia,5,11,535.409,489.385,586.289,155,ERCO|fossil_gen|eia|m5|h11,324.017,211.392,168.677,256.074,27,False,True
ERCO,fossil_gen,eia,6,11,560.997,491.967,629.140,150,ERCO|fossil_gen|eia|m6|h11,356.338,204.659,128.895,275.284,25,False,True
ERCO,fossil_gen,eia,7,11,569.606,513.866,628.193,185,ERCO|fossil_gen|eia|m7|h11,389.510,180.097,125.264,236.488,31,False,True
ERCO,fossil_gen,eia,8,11,618.818,553.088,681.663,186,ERCO|fossil_gen|eia|m8|h11,392.112,226.706,151.190,297.000,32,False,True
ERCO,fossil_gen,eia,9,11,571.991,512.198,625.150,180,ERCO|fossil_gen|eia|m9|h11,382.423,189.568,122.003,248.260,32,False,True
ERCO,fossil_gen,eia,10,11,564.716,526.283,605.322,185,ERCO|fossil_gen|eia|m10|h11,348.180,216.536,174.916,255.874,32,False,True
ERCO,fossil_gen,eia,11,11,578.298,537.313,619.900,179,ERCO|fossil_gen|eia|m11|h11,336.476,241.822,194.038,291.035,31,False,True
ERCO,fossil_gen,eia,12,11,587.639,554.698,622.699,185,ERCO|fossil_gen|eia|m12|h11,326.643,260.996,225.478,296.444,32,False,True
ERCO,fossil_gen,eia,1,12,588.574,555.923,628.109,152,ERCO|fossil_gen|eia|m1|h12,335.515,253.060,208.064,300.727,27,False,True
ERCO,fossil_gen,eia,2,12,586.935,538.844,631.280,142,ERCO|fossil_gen|eia|m2|h12,308.311,278.624,223.130,330.322,24,False,True
ERCO,fossil_gen,eia,3,12,585.072,553.466,629.143,154,ERCO|fossil_gen|eia|m3|h12,280.288,304.784,266.848,349.218,26,False,True
ERCO,fossil_gen,eia,4,12,596.715,541.494,652.644,150,ERCO|fossil_gen|eia|m4|h12,297.201,299.514,244.096,357.595,25,False,True
ERCO,fossil_gen,eia,5,12,555.256,498.872,614.219,155,ERCO|fossil_gen|eia|m5|h12,331.592,223.663,172.371,277.821,27,False,True
ERCO,fossil_gen,eia,6,12,536.747,479.690,598.511,150,ERCO|fossil_gen|eia|m6|h12,367.069,169.678,107.832,237.987,25,False,True
ERCO,fossil_gen,eia,7,12,565.631,524.544,612.071,186,ERCO|fossil_gen|eia|m7|h12,399.401,166.230,117.956,215.368,31,False,True
ERCO,fossil_gen,eia,8,12,549.139,478.236,615.209,186,ERCO|fossil_gen|eia|m8|h12,402.331,146.808,63.650,218.515,32,False,True
ERCO,fossil_gen,eia,9,12,530.172,490.749,570.206,180,ERCO|fossil_gen|eia|m9|h12,390.989,139.183,95.063,182.312,32,False,True
ERCO,fossil_gen,eia,10,12,575.328,545.451,604.024,185,ERCO|fossil_gen|eia|m10|h12,354.902,220.425,173.851,263.920,32,False,True
ERCO,fossil_gen,eia,11,12,560.117,531.228,592.142,179,ERCO|fossil_gen|eia|m11|h12,337.354,222.763,182.840,260.488,31,False,True
ERCO,fossil_gen,eia,12,12,584.731,556.408,615.126,185,ERCO|fossil_gen|eia|m12|h12,321.689,263.042,232.296,298.729,32,False,True
ERCO,fossil_gen,eia,1,13,577.364,551.598,606.002,152,ERCO|fossil_gen|eia|m1|h13,332.053,245.311,212.905,281.507,27,False,True
ERCO,fossil_gen,eia,2,13,565.042,511.372,622.278,142,ERCO|fossil_gen|eia|m2|h13,305.611,259.432,199.888,324.108,24,False,True
ERCO,fossil_gen,eia,3,13,581.241,541.228,622.760,154,ERCO|fossil_gen|eia|m3|h13,282.176,299.065,254.219,344.643,26,False,True
ERCO,fossil_gen,eia,4,13,562.955,516.318,621.671,150,ERCO|fossil_gen|eia|m4|h13,303.304,259.651,210.577,319.104,25,False,True
ERCO,fossil_gen,eia,5,13,562.863,525.565,603.200,155,ERCO|fossil_gen|eia|m5|h13,338.788,224.075,186.320,262.193,27,False,True
ERCO,fossil_gen,eia,6,13,576.110,534.520,624.158,150,ERCO|fossil_gen|eia|m6|h13,372.997,203.113,155.939,253.691,25,False,True
ERCO,fossil_gen,eia,7,13,524.072,480.432,569.332,186,ERCO|fossil_gen|eia|m7|h13,402.498,121.575,69.524,174.179,31,False,True
ERCO,fossil_gen,eia,8,13,502.731,456.926,549.071,186,ERCO|fossil_gen|eia|m8|h13,406.263,96.468,41.275,148.731,32,False,True
ERCO,fossil_gen,eia,9,13,496.765,456.091,541.387,180,ERCO|fossil_gen|eia|m9|h13,396.764,100.001,53.994,149.109,32,False,True
ERCO,fossil_gen,eia,10,13,566.840,532.836,603.502,186,ERCO|fossil_gen|eia|m10|h13,361.036,205.804,158.612,254.604,32,False,True
ERCO,fossil_gen,eia,11,13,564.442,531.517,597.369,180,ERCO|fossil_gen|eia|m11|h13,337.736,226.706,186.478,265.831,31,False,True
ERCO,fossil_gen,eia,12,13,598.718,560.890,631.143,185,ERCO|fossil_gen|eia|m12|h13,318.595,280.123,246.094,314.032,32,False,True
ERCO,fossil_gen,eia,1,14,593.196,557.760,631.681,152,ERCO|fossil_gen|eia|m1|h14,328.705,264.491,231.709,298.573,27,False,True
ERCO,fossil_gen,eia,2,14,573.829,516.604,633.807,142,ERCO|fossil_gen|eia|m2|h14,304.349,269.480,211.489,331.273,24,False,True
ERCO,fossil_gen,eia,3,14,582.741,553.128,624.645,154,ERCO|fossil_gen|eia|m3|h14,282.971,299.770,263.171,345.845,26,False,True
ERCO,fossil_gen,eia,4,14,569.483,535.929,620.715,150,ERCO|fossil_gen|eia|m4|h14,306.124,263.358,226.779,318.333,25,False,True
ERCO,fossil_gen,eia,5,14,526.562,496.598,562.571,155,ERCO|fossil_gen|eia|m5|h14,343.073,183.489,154.543,213.901,27,False,True
ERCO,fossil_gen,eia,6,14,579.567,538.156,624.420,150,ERCO|fossil_gen|eia|m6|h14,376.017,203.550,155.401,251.889,25,False,True
ERCO,fossil_gen,eia,7,14,523.153,489.722,562.113,186,ERCO|fossil_gen|eia|m7|h14,401.650,121.503,80.965,168.578,31,False,True
ERCO,fossil_gen,eia,8,14,477.585,436.231,519.725,186,ERCO|fossil_gen|eia|m8|h14,405.850,71.735,24.003,121.205,32,False,True
ERCO,fossil_gen,eia,9,14,526.568,490.262,564.047,180,ERCO|fossil_gen|eia|m9|h14,398.980,127.588,81.745,177.753,32,False,True
ERCO,fossil_gen,eia,10,14,576.758,537.015,611.757,186,ERCO|fossil_gen|eia|m10|h14,364.257,212.501,159.084,261.265,32,False,True
ERCO,fossil_gen,eia,11,14,570.570,533.132,612.691,180,ERCO|fossil_gen|eia|m11|h14,337.466,233.104,192.212,276.268,31,False,True
ERCO,fossil_gen,eia,12,14,597.203,559.069,632.187,185,ERCO|fossil_gen|eia|m12|h14,316.671,280.532,245.687,313.853,32,False,True
ERCO,fossil_gen,eia,1,15,538.787,509.219,576.893,152,ERCO|fossil_gen|eia|m1|h15,328.924,209.863,182.992,241.242,27,False,True
ERCO,fossil_gen,eia,2,15,587.500,550.183,623.729,142,ERCO|fossil_gen|eia|m2|h15,304.964,282.536,231.643,330.657,24,False,True
ERCO,fossil_gen,eia,3,15,569.335,544.574,589.105,153,ERCO|fossil_gen|eia|m3|h15,284.733,284.602,251.572,313.312,26,False,True
ERCO,fossil_gen,eia,4,15,552.209,522.767,585.979,149,ERCO|fossil_gen|eia|m4|h15,309.054,243.155,201.287,287.527,25,False,True
ERCO,fossil_gen,eia,5,15,528.500,487.483,578.048,155,ERCO|fossil_gen|eia|m5|h15,345.280,183.220,142.456,227.735,27,False,True
ERCO,fossil_gen,eia,6,15,571.798,529.980,620.024,150,ERCO|fossil_gen|eia|m6|h15,375.969,195.829,149.659,242.670,25,False,True
ERCO,fossil_gen,eia,7,15,548.640,494.247,607.085,186,ERCO|fossil_gen|eia|m7|h15,400.283,148.357,84.452,213.293,31,False,True
ERCO,fossil_gen,eia,8,15,489.173,452.342,530.504,186,ERCO|fossil_gen|eia|m8|h15,404.046,85.127,39.918,134.081,32,False,True
ERCO,fossil_gen,eia,9,15,553.623,506.993,601.150,180,ERCO|fossil_gen|eia|m9|h15,399.917,153.706,97.157,210.130,32,False,True
ERCO,fossil_gen,eia,10,15,595.306,549.537,633.972,186,ERCO|fossil_gen|eia|m10|h15,366.046,229.260,176.260,273.330,32,False,True
ERCO,fossil_gen,eia,11,15,565.163,529.894,597.426,180,ERCO|fossil_gen|eia|m11|h15,341.664,223.499,180.194,258.348,31,False,True
ERCO,fossil_gen,eia,12,15,581.648,534.407,610.664,185,ERCO|fossil_gen|eia|m12|h15,319.500,262.148,215.487,291.739,32,False,True
ERCO,fossil_gen,eia,1,16,549.032,497.426,607.827,152,ERCO|fossil_gen|eia|m1|h16,344.816,204.216,152.122,259.703,27,False,True
ERCO,fossil_gen,eia,2,16,524.585,484.232,582.079,142,ERCO|fossil_gen|eia|m2|h16,312.037,212.548,168.324,268.314,24,False,True
ERCO,fossil_gen,eia,3,16,538.513,498.553,578.397,153,ERCO|fossil_gen|eia|m3|h16,288.282,250.231,205.112,292.735,26,False,True
ERCO,fossil_gen,eia,4,16,571.350,528.169,609.589,149,ERCO|fossil_gen|eia|m4|h16,312.328,259.022,219.284,298.923,25,False,True
ERCO,fossil_gen,eia,5,16,567.477,529.209,601.270,155,ERCO|fossil_gen|eia|m5|h16,346.173,221.304,185.119,250.963,27,False,True
ERCO,fossil_gen,eia,6,16,545.789,491.320,597.486,150,ERCO|fossil_gen|eia|m6|h16,374.957,170.832,109.535,224.256,25,False,True
ERCO,fossil_gen,eia,7,16,521.616,467.129,586.126,186,ERCO|fossil_gen|eia|m7|h16,398.458,123.158,59.815,195.476,31,False,True
ERCO,fossil_gen,eia,8,16,492.335,451.715,536.438,186,ERCO|fossil_gen|eia|m8|h16,402.168,90.167,43.827,141.402,32,False,True
ERCO,fossil_gen,eia,9,16,542.956,502.013,580.530,180,ERCO|fossil_gen|eia|m9|h16,401.229,141.726,91.683,190.610,32,False,True
ERCO,fossil_gen,eia,10,16,544.990,501.277,588.168,186,ERCO|fossil_gen|eia|m10|h16,368.956,176.034,127.133,224.106,32,False,True
ERCO,fossil_gen,eia,11,16,564.655,542.483,579.902,180,ERCO|fossil_gen|eia|m11|h16,365.740,198.915,165.217,224.661,31,False,True
ERCO,fossil_gen,eia,12,16,502.101,481.159,532.874,185,ERCO|fossil_gen|eia|m12|h16,347.315,154.786,131.226,187.157,32,False,True
ERCO,fossil_gen,eia,1,17,567.011,535.356,595.607,152,ERCO|fossil_gen|eia|m1|h17,388.448,178.563,144.337,205.804,27,False,True
ERCO,fossil_gen,eia,2,17,497.861,468.463,547.492,142,ERCO|fossil_gen|eia|m2|h17,341.238,156.622,128.406,199.030,24,False,True
ERCO,fossil_gen,eia,3,17,537.741,508.092,594.134,154,ERCO|fossil_gen|eia|m3|h17,297.778,239.964,205.026,298.860,26,False,True
ERCO,fossil_gen,eia,4,17,582.998,519.366,633.556,150,ERCO|fossil_gen|eia|m4|h17,316.487,266.511,205.752,315.831,25,False,True
ERCO,fossil_gen,eia,5,17,586.127,550.453,623.089,155,ERCO|fossil_gen|eia|m5|h17,345.873,240.253,209.241,271.470,27,False,True
ERCO,fossil_gen,eia,6,17,564.760,518.010,610.364,150,ERCO|fossil_gen|eia|m6|h17,372.645,192.115,140.911,238.511,25,False,True
ERCO,fossil_gen,eia,7,17,508.393,481.732,536.690,186,ERCO|fossil_gen|eia|m7|h17,396.993,111.400,75.952,148.225,31,False,True
ERCO,fossil_gen,eia,8,17,477.906,439.722,520.100,186,ERCO|fossil_gen|eia|m8|h17,400.977,76.929,33.623,124.343,32,False,True
ERCO,fossil_gen,eia,9,17,544.648,497.460,573.950,180,ERCO|fossil_gen|eia|m9|h17,404.573,140.075,85.676,178.980,32,False,True
ERCO,fossil_gen,eia,10,17,529.887,504.130,557.953,186,ERCO|fossil_gen|eia|m10|h17,380.041,149.846,117.568,180.264,32,False,True
ERCO,fossil_gen,eia,11,17,605.367,551.445,640.249,180,ERCO|fossil_gen|eia|m11|h17,398.098,207.269,149.265,244.230,31,False,True
ERCO,fossil_gen,eia,12,17,607.582,560.534,642.123,185,ERCO|fossil_gen|eia|m12|h17,392.945,214.636,168.948,248.379,32,False,True
ERCO,fossil_gen,eia,1,18,639.245,603.350,669.783,152,ERCO|fossil_gen|eia|m1|h18,405.471,233.774,192.468,271.305,27,False,True
ERCO,fossil_gen,eia,2,18,584.380,562.392,617.630,142,ERCO|fossil_gen|eia|m2|h18,371.915,212.464,187.819,246.177,24,False,True
ERCO,fossil_gen,eia,3,18,556.251,529.074,600.475,154,ERCO|fossil_gen|eia|m3|h18,319.803,236.448,206.487,281.417,26,False,True
ERCO,fossil_gen,eia,4,18,567.490,544.665,601.535,150,ERCO|fossil_gen|eia|m4|h18,326.482,241.007,212.378,272.754,25,False,True
ERCO,fossil_gen,eia,5,18,560.680,527.661,587.251,155,ERCO|fossil_gen|eia|m5|h18,346.435,214.245,186.335,238.212,27,False,True
ERCO,fossil_gen,eia,6,18,535.927,470.716,600.313,150,ERCO|fossil_gen|eia|m6|h18,372.524,163.404,94.876,228.175,25,False,True
ERCO,fossil_gen,eia,7,18,514.802,486.051,544.717,186,ERCO|fossil_gen|eia|m7|h18,397.260,117.542,82.834,154.612,31,False,True
ERCO,fossil_gen,eia,8,18,481.494,450.953,509.973,186,ERCO|fossil_gen|eia|m8|h18,404.142,77.352,42.538,110.313,32,False,True
ERCO,fossil_gen,eia,9,18,547.459,505.862,579.474,180,ERCO|fossil_gen|eia|m9|h18,420.387,127.071,78.819,167.747,32,False,True
ERCO,fossil_gen,eia,10,18,568.514,533.444,600.075,186,ERCO|fossil_gen|eia|m10|h18,408.163,160.351,120.119,196.466,32,False,True
ERCO,fossil_gen,eia,11,18,616.155,527.691,669.064,180,ERCO|fossil_gen|eia|m11|h18,396.315,219.840,130.666,274.417,31,False,True
ERCO,fossil_gen,eia,12,18,653.905,610.435,694.207,184,ERCO|fossil_gen|eia|m12|h18,394.161,259.744,216.648,299.008,32,False,True
ERCO,fossil_gen,eia,1,19,602.113,565.434,643.641,152,ERCO|fossil_gen|eia|m1|h19,394.346,207.767,164.426,254.440,27,False,True
ERCO,fossil_gen,eia,2,19,625.502,579.230,676.676,142,ERCO|fossil_gen|eia|m2|h19,362.345,263.157,213.099,317.673,24,False,True
ERCO,fossil_gen,eia,3,19,583.154,547.057,613.008,154,ERCO|fossil_gen|eia|m3|h19,340.784,242.370,202.904,273.950,26,False,True
ERCO,fossil_gen,eia,4,19,545.657,516.647,565.153,150,ERCO|fossil_gen|eia|m4|h19,352.151,193.506,159.402,218.501,25,False,True
ERCO,fossil_gen,eia,5,19,513.065,486.614,542.233,155,ERCO|fossil_gen|eia|m5|h19,358.013,155.052,132.923,180.456,27,False,True
ERCO,fossil_gen,eia,6,19,567.234,528.876,603.138,150,ERCO|fossil_gen|eia|m6|h19,384.226,183.008,140.261,222.717,26,False,True
ERCO,fossil_gen,eia,7,19,544.505,516.428,568.759,186,ERCO|fossil_gen|eia|m7|h19,407.248,137.257,101.913,169.202,31,False,True
ERCO,fossil_gen,eia,8,19,493.005,459.404,525.684,186,ERCO|fossil_gen|eia|m8|h19,419.256,73.749,37.337,109.466,32,False,True
ERCO,fossil_gen,eia,9,19,544.207,480.295,593.977,180,ERCO|fossil_gen|eia|m9|h19,441.010,103.197,35.895,154.375,32,False,True
ERCO,fossil_gen,eia,10,19,552.568,508.352,605.748,186,ERCO|fossil_gen|eia|m10|h19,415.806,136.762,93.053,190.807,32,False,True
ERCO,fossil_gen,eia,11,19,553.554,519.261,593.375,180,ERCO|fossil_gen|eia|m11|h19,383.826,169.728,133.035,210.612,31,False,True
ERCO,fossil_gen,eia,12,19,623.267,571.687,669.603,184,ERCO|fossil_gen|eia|m12|h19,380.520,242.747,192.305,287.214,32,False,True
ERCO,fossil_gen,eia,1,20,583.694,549.900,622.910,152,ERCO|fossil_gen|eia|m1|h20,384.017,199.677,162.459,243.990,27,False,True
ERCO,fossil_gen,eia,2,20,600.448,556.590,651.103,142,ERCO|fossil_gen|eia|m2|h20,349.063,251.386,201.798,304.330,24,False,True
ERCO,fossil_gen,eia,3,20,594.095,567.171,618.445,154,ERCO|fossil_gen|eia|m3|h20,336.684,257.412,225.430,287.284,26,False,True
ERCO,fossil_gen,eia,4,20,579.433,534.875,614.823,150,ERCO|fossil_gen|eia|m4|h20,362.198,217.235,168.964,254.800,25,False,True
ERCO,fossil_gen,eia,5,20,511.370,492.126,537.078,155,ERCO|fossil_gen|eia|m5|h20,368.900,142.470,123.308,166.428,27,False,True
ERCO,fossil_gen,eia,6,20,557.016,511.790,604.622,151,ERCO|fossil_gen|eia|m6|h20,398.033,158.983,111.739,209.391,26,False,True
ERCO,fossil_gen,eia,7,20,541.204,504.427,576.130,186,ERCO|fossil_gen|eia|m7|h20,422.033,119.170,77.038,159.166,31,False,True
ERCO,fossil_gen,eia,8,20,469.263,446.607,504.027,186,ERCO|fossil_gen|eia|m8|h20,427.846,41.417,15.051,79.401,32,False,False
ERCO,fossil_gen,eia,9,20,505.453,461.313,553.701,180,ERCO|fossil_gen|eia|m9|h20,434.467,70.987,27.862,118.372,32,False,True
ERCO,fossil_gen,eia,10,20,533.164,495.600,577.621,186,ERCO|fossil_gen|eia|m10|h20,400.253,132.911,97.415,173.838,32,False,True
ERCO,fossil_gen,eia,11,20,578.586,526.297,631.158,180,ERCO|fossil_gen|eia|m11|h20,371.597,206.989,151.095,264.736,31,False,True
ERCO,fossil_gen,eia,12,20,600.823,560.625,637.961,184,ERCO|fossil_gen|eia|m12|h20,369.662,231.162,188.252,272.240,32,False,True
ERCO,fossil_gen,eia,1,21,550.811,513.761,596.339,152,ERCO|fossil_gen|eia|m1|h21,373.614,177.197,137.800,222.472,27,False,True
ERCO,fossil_gen,eia,2,21,549.141,509.155,594.644,142,ERCO|fossil_gen|eia|m2|h21,339.777,209.363,163.508,259.935,24,False,True
ERCO,fossil_gen,eia,3,21,554.883,500.794,611.865,154,ERCO|fossil_gen|eia|m3|h21,320.172,234.712,176.112,295.282,26,False,True
ERCO,fossil_gen,eia,4,21,534.704,488.310,577.662,150,ERCO|fossil_gen|eia|m4|h21,347.290,187.413,141.315,229.710,25,False,True
ERCO,fossil_gen,eia,5,21,546.372,502.490,597.929,155,ERCO|fossil_gen|eia|m5|h21,358.435,187.937,143.742,238.808,27,False,True
ERCO,fossil_gen,eia,6,21,563.149,501.407,632.597,151,ERCO|fossil_gen|eia|m6|h21,389.230,173.919,108.574,243.725,26,False,True
ERCO,fossil_gen,eia,7,21,509.740,470.624,554.387,186,ERCO|fossil_gen|eia|m7|h21,415.036,94.703,56.217,138.120,31,False,True
ERCO,fossil_gen,eia,8,21,443.715,415.402,474.873,186,ERCO|fossil_gen|eia|m8|h21,418.495,25.221,-2.954,55.266,32,False,False
ERCO,fossil_gen,eia,9,21,475.327,430.113,524.301,180,ERCO|fossil_gen|eia|m9|h21,418.121,57.206,14.010,104.275,32,False,True
ERCO,fossil_gen,eia,10,21,526.440,492.858,562.733,186,ERCO|fossil_gen|eia|m10|h21,385.764,140.676,106.933,177.197,32,False,True
ERCO,fossil_gen,eia,11,21,588.828,539.942,630.169,180,ERCO|fossil_gen|eia|m11|h21,361.335,227.494,177.946,270.413,31,False,True
ERCO,fossil_gen,eia,12,21,587.741,547.899,620.503,184,ERCO|fossil_gen|eia|m12|h21,360.252,227.489,184.674,263.888,32,False,True
ERCO,fossil_gen,eia,1,22,542.618,501.826,586.801,152,ERCO|fossil_gen|eia|m1|h22,361.908,180.709,144.264,219.326,27,False,True
ERCO,fossil_gen,eia,2,22,518.267,480.959,566.122,142,ERCO|fossil_gen|eia|m2|h22,330.311,187.956,146.299,235.568,24,False,True
ERCO,fossil_gen,eia,3,22,499.174,460.672,541.789,154,ERCO|fossil_gen|eia|m3|h22,304.422,194.752,156.521,239.683,26,False,True
ERCO,fossil_gen,eia,4,22,502.943,457.548,551.428,150,ERCO|fossil_gen|eia|m4|h22,328.408,174.535,128.130,220.201,25,False,True
ERCO,fossil_gen,eia,5,22,507.681,475.586,541.725,155,ERCO|fossil_gen|eia|m5|h22,344.324,163.358,134.242,195.413,27,False,True
ERCO,fossil_gen,eia,6,22,525.808,468.095,593.555,151,ERCO|fossil_gen|eia|m6|h22,374.020,151.788,89.594,226.595,26,False,True
ERCO,fossil_gen,eia,7,22,526.952,475.378,589.133,186,ERCO|fossil_gen|eia|m7|h22,398.585,128.366,78.355,189.049,31,False,True
ERCO,fossil_gen,eia,8,22,496.836,444.074,557.321,186,ERCO|fossil_gen|eia|m8|h22,403.592,93.244,40.025,153.854,32,False,True
ERCO,fossil_gen,eia,9,22,499.267,448.599,551.589,180,ERCO|fossil_gen|eia|m9|h22,403.158,96.108,44.835,148.435,32,False,True
ERCO,fossil_gen,eia,10,22,511.613,467.579,560.450,186,ERCO|fossil_gen|eia|m10|h22,373.727,137.886,92.051,188.151,32,False,True
ERCO,fossil_gen,eia,11,22,548.213,502.495,594.733,180,ERCO|fossil_gen|eia|m11|h22,350.872,197.340,148.984,246.125,31,False,True
ERCO,fossil_gen,eia,12,22,545.339,508.337,590.470,184,ERCO|fossil_gen|eia|m12|h22,352.135,193.204,153.085,239.733,32,False,True
ERCO,fossil_gen,eia,1,23,557.555,507.370,608.591,152,ERCO|fossil_gen|eia|m1|h23,351.509,206.046,159.266,252.884,27,False,True
ERCO,fossil_gen,eia,2,23,534.655,477.763,585.091,142,ERCO|fossil_gen|eia|m2|h23,321.849,212.805,158.592,263.887,24,False,True
ERCO,fossil_gen,eia,3,23,525.841,488.499,563.015,154,ERCO|fossil_gen|eia|m3|h23,289.568,236.273,195.902,280.266,26,False,True
ERCO,fossil_gen,eia,4,23,504.878,462.683,545.624,150,ERCO|fossil_gen|eia|m4|h23,312.367,192.511,148.510,234.526,25,False,True
ERCO,fossil_gen,eia,5,23,516.243,461.721,568.065,155,ERCO|fossil_gen|eia|m5|h23,330.525,185.718,134.043,232.254,27,False,True
ERCO,fossil_gen,eia,6,23,493.425,433.432,561.695,151,ERCO|fossil_gen|eia|m6|h23,361.282,132.143,72.400,201.266,26,False,True
ERCO,fossil_gen,eia,7,23,536.287,473.036,605.185,186,ERCO|fossil_gen|eia|m7|h23,383.754,152.533,90.489,219.843,31,False,True
ERCO,fossil_gen,eia,8,23,576.160,504.966,660.084,185,ERCO|fossil_gen|eia|m8|h23,389.009,187.151,115.908,270.587,32,False,True
ERCO,fossil_gen,eia,9,23,461.491,378.556,541.230,180,ERCO|fossil_gen|eia|m9|h23,389.170,72.321,-12.933,152.725,32,False,False
ERCO,fossil_gen,eia,10,23,544.581,492.494,601.439,185,ERCO|fossil_gen|eia|m10|h23,362.149,182.432,132.136,238.707,32,False,True
ERCO,fossil_gen,eia,11,23,567.570,511.651,630.805,180,ERCO|fossil_gen|eia|m11|h23,341.314,226.256,167.808,288.606,31,False,True
ERCO,fossil_gen,eia,12,23,560.696,517.672,606.736,183,ERCO|fossil_gen|eia|m12|h23,342.844,217.852,175.224,264.138,32,False,True
MISO,demand,derived,1,0,604.671,314.589,868.739,155,MISO|demand|derived|m1|h00,479.104,125.567,-164.045,384.783,27,False,False
MISO,demand,derived,2,0,602.356,375.828,906.329,142,MISO|demand|derived|m2|h00,445.014,157.342,-79.741,469.749,24,False,False
MISO,demand,derived,3,0,787.287,589.979,1005.978,155,MISO|demand|derived|m3|h00,408.508,378.779,185.448,595.112,26,False,True
MISO,demand,derived,4,0,726.505,548.547,870.999,150,MISO|demand|derived|m4|h00,391.437,335.068,158.130,475.433,25,False,True
MISO,demand,derived,5,0,544.273,407.637,680.034,155,MISO|demand|derived|m5|h00,420.406,123.867,-20.498,267.553,27,False,False
MISO,demand,derived,6,0,777.504,614.682,916.356,150,MISO|demand|derived|m6|h00,473.397,304.107,147.718,437.702,25,False,True
MISO,demand,derived,7,0,638.574,426.557,827.668,184,MISO|demand|derived|m7|h00,527.222,111.352,-100.624,300.674,31,False,False
MISO,demand,derived,8,0,748.385,593.960,886.863,185,MISO|demand|derived|m8|h00,514.376,234.008,80.940,371.303,32,False,True
MISO,demand,derived,9,0,848.464,713.060,944.943,179,MISO|demand|derived|m9|h00,467.958,380.506,240.446,480.404,32,False,True
MISO,demand,derived,10,0,681.731,470.782,846.382,185,MISO|demand|derived|m10|h00,438.944,242.787,31.370,405.982,32,False,True
MISO,demand,derived,11,0,716.206,509.011,907.666,180,MISO|demand|derived|m11|h00,425.004,291.202,85.660,478.962,31,False,True
MISO,demand,derived,12,0,661.241,444.043,896.977,186,MISO|demand|derived|m12|h00,454.780,206.461,-14.050,442.224,32,False,False
MISO,demand,derived,1,1,651.051,447.761,852.114,155,MISO|demand|derived|m1|h01,475.515,175.535,-24.018,372.403,27,False,False
MISO,demand,derived,2,1,607.149,455.143,755.884,142,MISO|demand|derived|m2|h01,442.330,164.818,4.072,324.579,24,False,True
MISO,demand,derived,3,1,769.230,549.803,978.678,155,MISO|demand|derived|m3|h01,404.252,364.978,151.134,572.973,26,False,True
MISO,demand,derived,4,1,603.999,385.270,809.748,150,MISO|demand|derived|m4|h01,383.996,220.003,1.769,428.851,25,False,True
MISO,demand,derived,5,1,505.617,329.671,627.744,155,MISO|demand|derived|m5|h01,410.586,95.030,-84.218,221.017,27,False,False
MISO,demand,derived,6,1,803.183,566.336,1083.861,150,MISO|demand|derived|m6|h01,459.997,343.186,108.804,618.769,25,False,True
MISO,demand,derived,7,1,898.749,725.239,1093.854,185,MISO|demand|derived|m7|h01,513.758,384.991,211.997,582.033,31,False,True
MISO,demand,derived,8,1,1028.496,758.549,1286.780,186,MISO|demand|derived|m8|h01,501.358,527.138,255.874,787.925,32,False,True
MISO,demand,derived,9,1,887.879,665.738,1111.466,180,MISO|demand|derived|m9|h01,455.289,432.590,208.949,657.442,32,False,True
MISO,demand,derived,10,1,896.536,757.329,1000.762,186,MISO|demand|derived|m10|h01,431.255,465.281,332.307,569.366,32,False,True
MISO,demand,derived,11,1,646.161,458.475,809.781,186,MISO|demand|derived|m11|h01,419.312,226.848,41.345,390.939,31,False,True
MISO,demand,derived,12,1,620.487,449.098,780.305,186,MISO|demand|derived|m12|h01,450.508,169.979,-1.469,325.572,32,False,False
MISO,demand,derived,1,2,716.284,496.094,893.347,155,MISO|demand|derived|m1|h02,474.280,242.004,27.785,411.664,27,False,True
MISO,demand,derived,2,2,605.669,429.620,817.734,142,MISO|demand|derived|m2|h02,442.903,162.766,-20.189,372.945,24,False,False
MISO,demand,derived,3,2,625.313,387.632,921.320,150,MISO|demand|derived|m3|h02,404.108,221.205,-13.251,520.544,26,False,False
MISO,demand,derived,4,2,629.986,472.047,763.767,150,MISO|demand|derived|m4|h02,380.977,249.009,85.179,389.204,25,False,True
MISO,demand,derived,5,2,624.485,440.757,783.359,155,MISO|demand|derived|m5|h02,405.704,218.781,32.501,380.950,27,False,True
MISO,demand,derived,6,2,750.604,534.408,997.470,150,MISO|demand|derived|m6|h02,452.915,297.689,79.887,543.376,25,False,True
MISO,demand,derived,7,2,766.401,609.185,928.028,185,MISO|demand|derived|m7|h02,504.844,261.557,99.608,425.042,31,False,True
MISO,demand,derived,8,2,858.051,624.716,1105.573,186,MISO|demand|derived|m8|h02,493.662,364.389,126.379,622.604,32,False,True
MISO,demand,derived,9,2,666.041,443.712,868.280,180,MISO|demand|derived|m9|h02,449.059,216.982,-4.775,415.744,32,False,False
MISO,demand,derived,10,2,793.114,600.938,956.387,186,MISO|demand|derived|m10|h02,427.895,365.219,176.692,526.772,32,False,True
MISO,demand,derived,11,2,675.783,441.970,885.099,180,MISO|demand|derived|m11|h02,419.841,255.941,23.397,466.564,31,False,True
MISO,demand,derived,12,2,665.511,471.235,862.584,186,MISO|demand|derived|m12|h02,449.000,216.510,29.351,413.954,32,False,True
MISO,demand,derived,1,3,928.161,778.421,1085.069,155,MISO|demand|derived|m1|h03,475.223,452.938,296.575,611.972,27,False,True
MISO,demand,derived,2,3,673.725,491.117,842.717,142,MISO|demand|derived|m2|h03,445.083,228.642,44.505,400.260,24,False,True
MISO,demand,derived,3,3,518.455,340.139,707.342,155,MISO|demand|derived|m3|h03,405.968,112.487,-62.928,303.551,26,False,False
MISO,demand,derived,4,3,571.250,414.374,739.794,150,MISO|demand|derived|m4|h03,380.670,190.580,30.582,365.590,25,False,True
MISO,demand,derived,5,3,680.323,515.779,854.494,155,MISO|demand|derived|m5|h03,405.698,274.625,109.682,456.799,27,False,True
MISO,demand,derived,6,3,741.717,537.523,945.349,150,MISO|demand|derived|m6|h03,450.719,290.998,85.196,493.723,25,False,True
MISO,demand,derived,7,3,735.074,623.844,847.144,185,MISO|demand|derived|m7|h03,500.420,234.654,122.397,347.539,31,False,True
MISO,demand,derived,8,3,917.142,745.681,1104.222,186,MISO|demand|derived|m8|h03,490.759,426.383,257.451,607.533,32,False,True
MISO,demand,derived,9,3,724.885,521.023,930.443,180,MISO|demand|derived|m9|h03,447.462,277.424,72.348,480.007,32,False,True
MISO,demand,derived,10,3,549.836,398.555,717.657,186,MISO|demand|derived|m10|h03,428.694,121.141,-27.180,284.884,32,False,False
MISO,demand,derived,11,3,597.961,422.277,780.563,180,MISO|demand|derived|m11|h03,421.483,176.478,-1.173,359.785,31,False,False
MISO,demand,derived,12,3,657.830,497.257,827.983,186,MISO|demand|derived|m12|h03,449.772,208.058,48.969,382.827,32,False,True
MISO,demand,derived,1,4,757.770,669.767,844.406,155,MISO|demand|derived|m1|h04,479.188,278.581,189.411,363.980,27,False,True
MISO,demand,derived,2,4,687.173,542.086,851.250,142,MISO|demand|derived|m2|h04,449.840,237.334,91.956,404.541,24,False,True
MISO,demand,derived,3,4,702.396,566.636,831.120,155,MISO|demand|derived|m3|h04,411.420,290.976,150.299,423.581,26,False,True
MISO,demand,derived,4,4,670.868,556.727,783.137,150,MISO|demand|derived|m4|h04,385.094,285.774,167.533,401.817,25,False,True
MISO,demand,derived,5,4,741.389,650.629,824.554,155,MISO|demand|derived|m5|h04,411.587,329.801,237.262,416.217,27,False,True
MISO,demand,derived,6,4,777.969,639.290,914.857,150,MISO|demand|derived|m6|h04,453.222,324.747,188.681,462.091,25,False,True
MISO,demand,derived,7,4,766.239,667.694,866.804,185,MISO|demand|derived|m7|h04,501.829,264.410,160.246,365.208,31,False,True
MISO,demand,derived,8,4,725.371,615.270,834.557,186,MISO|demand|derived|m8|h04,493.185,232.186,120.124,340.909,32,False,True
MISO,demand,derived,9,4,840.138,729.692,956.075,180,MISO|demand|derived|m9|h04,452.104,388.034,276.331,505.352,32,False,True
MISO,demand,derived,10,4,642.257,518.179,767.161,186,MISO|demand|derived|m10|h04,433.372,208.886,88.541,333.241,32,False,True
MISO,demand,derived,11,4,625.373,543.503,712.763,180,MISO|demand|derived|m11|h04,426.026,199.347,120.846,286.196,31,False,True
MISO,demand,derived,12,4,687.864,568.344,797.091,186,MISO|demand|derived|m12|h04,453.418,234.447,116.279,341.078,32,False,True
MISO,demand,derived,1,5,592.075,489.019,702.902,155,MISO|demand|derived|m1|h05,485.771,106.304,1.668,219.190,27,False,True
MISO,demand,derived,2,5,585.936,484.076,680.750,142,MISO|demand|derived|m2|h05,456.513,129.423,25.677,223.303,24,False,True
MISO,demand,derived,3,5,572.330,491.386,651.364,155,MISO|demand|derived|m3|h05,419.346,152.984,64.414,240.531,26,False,True
MISO,demand,derived,4,5,495.017,429.474,572.714,150,MISO|demand|derived|m4|h05,393.425,101.593,31.950,187.249,25,False,True
MISO,demand,derived,5,5,703.794,641.236,770.809,155,MISO|demand|derived|m5|h05,421.955,281.839,214.912,355.034,27,False,True
MISO,demand,derived,6,5,698.454,611.395,788.886,150,MISO|demand|derived|m6|h05,459.770,238.684,151.704,319.040,25,False,True
MISO,demand,derived,7,5,749.651,704.007,796.360,185,MISO|demand|derived|m7|h05,508.580,241.071,196.768,284.438,31,False,True
MISO,demand,derived,8,5,738.840,673.716,802.339,185,MISO|demand|derived|m8|h05,501.899,236.941,167.012,301.710,32,False,True
MISO,demand,derived,9,5,773.598,684.754,869.011,180,MISO|demand|derived|m9|h05,463.529,310.070,221.734,409.509,32,False,True
MISO,demand,derived,10,5,590.090,526.961,656.824,186,MISO|demand|derived|m10|h05,442.657,147.433,84.754,215.946,32,False,True
MISO,demand,derived,11,5,520.359,463.394,570.611,180,MISO|demand|derived|m11|h05,432.737,87.623,30.106,141.708,31,False,True
MISO,demand,derived,12,5,538.509,454.934,607.818,186,MISO|demand|derived|m12|h05,459.712,78.797,2.100,142.440,32,False,True
MISO,demand,derived,1,6,514.733,438.436,582.667,155,MISO|demand|derived|m1|h06,492.124,22.610,-56.214,92.686,27,False,False
MISO,demand,derived,2,6,608.302,544.295,665.573,142,MISO|demand|derived|m2|h06,464.552,143.750,72.392,211.429,24,False,True
MISO,demand,derived,3,6,547.179,488.172,605.970,155,MISO|demand|derived|m3|h06,427.852,119.327,62.881,176.955,26,False,True
MISO,demand,derived,4,6,457.978,384.441,535.151,150,MISO|demand|derived|m4|h06,401.419,56.559,-26.859,141.530,25,False,False
MISO,demand,derived,5,6,609.542,555.457,676.591,155,MISO|demand|derived|m5|h06,430.534,179.007,122.487,242.486,27,False,True
MISO,demand,derived,6,6,669.599,605.095,732.445,150,MISO|demand|derived|m6|h06,465.884,203.715,145.046,259.250,25,False,True
MISO,demand,derived,7,6,749.275,681.310,808.512,185,MISO|demand|derived|m7|h06,515.760,233.515,164.791,298.501,31,False,True
MISO,demand,derived,8,6,760.834,703.703,814.400,185,MISO|demand|derived|m8|h06,510.610,250.224,191.066,302.462,32,False,True
MISO,demand,derived,9,6,733.836,665.815,795.840,180,MISO|demand|derived|m9|h06,477.936,255.901,191.467,318.403,32,False,True
MISO,demand,derived,10,6,575.206,509.890,643.481,186,MISO|demand|derived|m10|h06,454.860,120.346,58.364,187.269,32,False,True
MISO,demand,derived,11,6,571.212,502.922,631.766,180,MISO|demand|derived|m11|h06,442.812,128.400,61.809,189.167,31,False,True
MISO,demand,derived,12,6,516.993,458.322,571.062,186,MISO|demand|derived|m12|h06,466.530,50.464,-5.062,102.813,32,False,False
MISO,demand,derived,1,7,683.469,502.013,837.561,155,MISO|demand|derived|m1|h07,501.121,182.348,-2.260,335.648,27,False,False
MISO,demand,derived,2,7,914.721,711.093,1130.625,142,MISO|demand|derived|m2|h07,471.105,443.616,229.784,676.736,24,False,True
MISO,demand,derived,3,7,738.331,581.905,919.183,155,MISO|demand|derived|m3|h07,435.483,302.848,141.154,488.814,26,False,True
MISO,demand,derived,4,7,769.420,635.328,926.742,150,MISO|demand|derived|m4|h07,406.632,362.788,227.783,515.977,25,False,True
MISO,demand,derived,5,7,824.533,653.818,979.929,155,MISO|demand|derived|m5|h07,438.400,386.133,209.877,547.275,27,False,True
MISO,demand,derived,6,7,841.178,730.759,963.894,150,MISO|demand|derived|m6|h07,475.995,365.183,250.883,494.532,25,False,True
MISO,demand,derived,7,7,963.273,778.984,1125.203,185,MISO|demand|derived|m7|h07,525.474,437.799,244.120,602.866,31,False,True
MISO,demand,derived,8,7,917.257,752.542,1040.490,186,MISO|demand|derived|m8|h07,516.292,400.965,228.835,531.800,32,False,True
MISO,demand,derived,9,7,898.085,773.387,1010.348,180,MISO|demand|derived|m9|h07,485.169,412.916,285.349,533.053,32,False,True
MISO,demand,derived,10,7,719.648,579.366,878.075,186,MISO|demand|derived|m10|h07,466.109,253.539,106.179,416.038,32,False,True
MISO,demand,derived,11,7,705.889,526.792,866.642,180,MISO|demand|derived|m11|h07,451.299,254.590,65.589,422.662,31,False,True
MISO,demand,derived,12,7,713.326,557.082,862.159,186,MISO|demand|derived|m12|h07,475.086,238.240,80.785,389.472,32,False,True
MISO,demand,derived,1,8,686.971,616.815,772.834,155,MISO|demand|derived|m1|h08,505.102,181.869,111.555,268.021,27,False,True
MISO,demand,derived,2,8,899.162,742.274,1070.076,142,MISO|demand|derived|m2|h08,470.114,429.048,253.917,616.892,24,False,True
MISO,demand,derived,3,8,623.539,526.883,718.479,155,MISO|demand|derived|m3|h08,437.262,186.277,88.449,287.770,26,False,True
MISO,demand,derived,4,8,601.328,455.192,742.901,150,MISO|demand|derived|m4|h08,410.473,190.855,38.600,336.594,25,False,True
MISO,demand,derived,5,8,571.298,448.579,683.662,155,MISO|demand|derived|m5|h08,447.271,124.027,-3.057,243.963,27,False,False
MISO,demand,derived,6,8,707.835,599.464,818.371,150,MISO|demand|derived|m6|h08,488.936,218.898,102.970,333.510,25,False,True
MISO,demand,derived,7,8,974.813,829.474,1108.137,185,MISO|demand|derived|m7|h08,539.068,435.745,280.294,576.838,31,False,True
MISO,demand,derived,8,8,1004.926,809.236,1166.953,186,MISO|demand|derived|m8|h08,526.767,478.158,278.922,650.200,32,False,True
MISO,demand,derived,9,8,978.612,787.198,1179.322,180,MISO|demand|derived|m9|h08,490.435,488.177,296.907,689.507,32,False,True
MISO,demand,derived,10,8,790.780,553.195,1030.089,186,MISO|demand|derived|m10|h08,466.210,324.570,78.834,571.172,32,False,True
MISO,demand,derived,11,8,632.512,518.123,741.830,180,MISO|demand|derived|m11|h08,452.795,179.717,65.529,293.798,31,False,True
MISO,demand,derived,12,8,571.808,473.614,657.917,186,MISO|demand|derived|m12|h08,478.261,93.547,-7.866,181.259,32,False,False
MISO,demand,derived,1,9,588.309,502.904,670.196,155,MISO|demand|derived|m1|h09,507.148,81.161,-5.810,166.986,27,False,False
MISO,demand,derived,2,9,628.314,535.457,735.442,142,MISO|demand|derived|m2|h09,471.875,156.439,51.996,280.213,24,False,True
MISO,demand,derived,3,9,539.575,436.450,646.829,155,MISO|demand|derived|m3|h09,439.014,100.562,-8.273,215.105,26,False,False
MISO,demand,derived,4,9,445.922,328.266,560.737,150,MISO|demand|derived|m4|h09,412.661,33.261,-86.276,150.005,25,False,False
MISO,demand,derived,5,9,642.419,555.756,724.600,155,MISO|demand|derived|m5|h09,450.784,191.636,104.464,280.816,27,False,True
MISO,demand,derived,6,9,678.781,581.915,772.843,150,MISO|demand|derived|m6|h09,494.500,184.281,93.694,275.125,25,False,True
MISO,demand,derived,7,9,742.790,627.720,844.701,185,MISO|demand|derived|m7|h09,547.197,195.593,87.118,291.414,31,False,True
MISO,demand,derived,8,9,611.385,418.267,786.477,186,MISO|demand|derived|m8|h09,537.455,73.929,-120.940,255.955,32,False,False
MISO,demand,derived,9,9,700.034,559.385,858.018,180,MISO|demand|derived|m9|h09,504.180,195.854,55.920,352.147,32,False,True
MISO,demand,derived,10,9,671.832,424.611,922.680,186,MISO|demand|derived|m10|h09,468.767,203.065,-46.541,458.973,32,False,False
MISO,demand,derived,11,9,439.231,335.038,543.814,180,MISO|demand|derived|m11|h09,456.423,-17.192,-118.719,84.421,31,False,False
MISO,demand,derived,12,9,548.080,452.789,632.563,186,MISO|demand|derived|m12|h09,480.547,67.533,-33.708,157.609,32,False,False
MISO,demand,derived,1,10,501.593,412.688,595.254,155,MISO|demand|derived|m1|h10,510.337,-8.744,-97.915,83.868,27,False,False
MISO,demand,derived,2,10,456.641,327.794,581.462,142,MISO|demand|derived|m2|h10,474.178,-17.537,-152.325,107.239,24,False,False
MISO,demand,derived,3,10,542.413,368.034,686.495,155,MISO|demand|derived|m3|h10,439.494,102.919,-66.381,251.887,26,False,False
MISO,demand,derived,4,10,648.741,513.334,803.012,150,MISO|demand|derived|m4|h10,409.733,239.008,96.278,403.301,25,False,True
MISO,demand,derived,5,10,576.239,470.701,685.557,155,MISO|demand|derived|m5|h10,450.429,125.810,15.852,240.178,27,False,True
MISO,demand,derived,6,10,704.293,568.577,854.800,150,MISO|demand|derived|m6|h10,495.551,208.742,71.386,363.858,25,False,True
MISO,demand,derived,7,10,660.845,559.375,749.189,185,MISO|demand|derived|m7|h10,547.710,113.136,14.067,199.639,31,False,True
MISO,demand,derived,8,10,684.909,539.016,816.865,186,MISO|demand|derived|m8|h10,540.780,144.129,-10.361,288.129,32,False,False
MISO,demand,derived,9,10,806.051,716.219,891.125,180,MISO|demand|derived|m9|h10,511.593,294.458,200.254,381.846,32,False,True
MISO,demand,derived,10,10,483.258,391.848,574.743,186,MISO|demand|derived|m10|h10,472.411,10.847,-77.531,103.121,32,False,False
MISO,demand,derived,11,10,420.635,307.633,533.239,180,MISO|demand|derived|m11|h10,460.442,-39.807,-151.655,68.347,31,False,False
MISO,demand,derived,12,10,440.730,328.639,547.413,186,MISO|demand|derived|m12|h10,484.052,-43.322,-158.298,67.277,32,False,False
MISO,demand,derived,1,11,640.483,497.509,780.629,155,MISO|demand|derived|m1|h11,511.331,129.152,-18.910,275.468,27,False,False
MISO,demand,derived,2,11,592.308,463.740,725.013,142,MISO|demand|derived|m2|h11,473.256,119.052,-16.002,251.533,24,False,False
MISO,demand,derived,3,11,604.207,507.790,689.936,155,MISO|demand|derived|m3|h11,436.615,167.592,70.775,257.687,26,False,True
MISO,demand,derived,4,11,585.856,491.953,680.064,150,MISO|demand|derived|m4|h11,407.604,178.252,73.360,283.676,25,False,True
MISO,demand,derived,5,11,524.101,439.071,621.121,155,MISO|demand|derived|m5|h11,449.342,74.758,-8.389,170.857,27,False,False
MISO,demand,derived,6,11,585.213,513.016,680.757,150,MISO|demand|derived|m6|h11,495.549,89.663,11.768,193.363,25,False,True
MISO,demand,derived,7,11,545.495,406.795,687.816,185,MISO|demand|derived|m7|h11,545.671,-0.176,-137.342,145.484,31,False,False
MISO,demand,derived,8,11,585.442,412.924,751.371,186,MISO|demand|derived|m8|h11,539.259,46.183,-136.959,217.280,32,False,False
MISO,demand,derived,9,11,718.973,626.564,814.301,180,MISO|demand|derived|m9|h11,511.138,207.835,112.734,306.043,32,False,True
MISO,demand,derived,10,11,625.934,530.396,751.742,186,MISO|demand|derived|m10|h11,470.337,155.598,52.565,289.872,32,False,True
MISO,demand,derived,11,11,553.441,453.180,654.223,180,MISO|demand|derived|m11|h11,459.836,93.605,-3.874,195.707,31,False,False
MISO,demand,derived,12,11,534.296,430.078,632.470,186,MISO|demand|derived|m12|h11,484.751,49.545,-56.115,148.456,32,False,False
MISO,demand,derived,1,12,689.284,557.840,826.098,155,MISO|demand|derived|m1|h12,509.966,179.318,45.951,321.484,27,False,True
MISO,demand,derived,2,12,629.397,466.803,789.866,142,MISO|demand|derived|m2|h12,469.213,160.184,-10.367,322.473,24,False,False
MISO,demand,derived,3,12,714.286,596.554,860.041,155,MISO|demand|derived|m3|h12,433.418,280.868,163.036,426.677,26,False,True
MISO,demand,derived,4,12,616.855,510.865,705.775,150,MISO|demand|derived|m4|h12,406.387,210.468,103.736,299.980,25,False,True
MISO,demand,derived,5,12,516.200,447.432,623.936,155,MISO|demand|derived|m5|h12,448.527,67.672,-10.413,186.363,27,False,False
MISO,demand,derived,6,12,532.325,385.796,701.702,150,MISO|demand|derived|m6|h12,495.232,37.093,-118.135,218.569,25,False,False
MISO,demand,derived,7,12,517.475,386.631,666.708,185,MISO|demand|derived|m7|h12,542.994,-25.519,-159.417,128.214,31,False,False
MISO,demand,derived,8,12,480.620,364.296,608.120,186,MISO|demand|derived|m8|h12,536.095,-55.475,-175.708,79.588,32,False,False
MISO,demand,derived,9,12,570.010,463.248,695.119,180,MISO|demand|derived|m9|h12,507.923,62.087,-41.422,186.522,32,False,False
MISO,demand,derived,10,12,618.857,528.398,704.509,186,MISO|demand|derived|m10|h12,468.121,150.737,53.244,243.798,32,False,True
MISO,demand,derived,11,12,653.941,510.351,808.014,179,MISO|demand|derived|m11|h12,456.185,197.756,53.285,355.417,31,False,True
MISO,demand,derived,12,12,606.153,463.050,739.224,186,MISO|demand|derived|m12|h12,482.613,123.539,-19.566,252.940,32,False,False
MISO,demand,derived,1,13,716.298,595.378,840.975,155,MISO|demand|derived|m1|h13,508.095,208.204,86.117,336.233,27,False,True
MISO,demand,derived,2,13,581.714,464.078,701.989,142,MISO|demand|derived|m2|h13,463.787,117.928,7.130,237.668,24,False,True
MISO,demand,derived,3,13,783.533,655.358,929.959,155,MISO|demand|derived|m3|h13,430.278,353.255,223.250,501.238,26,False,True
MISO,demand,derived,4,13,615.012,481.262,744.810,150,MISO|demand|derived|m4|h13,404.449,210.563,74.977,345.439,25,False,True
MISO,demand,derived,5,13,567.022,510.806,635.493,155,MISO|demand|derived|m5|h13,448.203,118.818,56.287,192.406,27,False,True
MISO,demand,derived,6,13,372.608,256.016,495.380,150,MISO|demand|derived|m6|h13,494.249,-121.641,-246.570,11.008,25,False,False
MISO,demand,derived,7,13,481.545,346.244,614.479,185,MISO|demand|derived|m7|h13,540.392,-58.847,-193.483,74.032,31,False,False
MISO,demand,derived,8,13,443.017,304.332,575.099,186,MISO|demand|derived|m8|h13,533.817,-90.800,-233.769,44.878,32,False,False
MISO,demand,derived,9,13,443.880,372.215,525.820,180,MISO|demand|derived|m9|h13,504.099,-60.219,-130.178,16.679,32,False,False
MISO,demand,derived,10,13,573.254,467.008,672.072,186,MISO|demand|derived|m10|h13,465.154,108.100,-2.290,207.677,32,False,False
MISO,demand,derived,11,13,805.291,666.752,943.435,179,MISO|demand|derived|m11|h13,452.492,352.799,209.470,493.340,31,False,True
MISO,demand,derived,12,13,808.489,613.332,1000.816,186,MISO|demand|derived|m12|h13,480.095,328.394,133.608,525.213,32,False,True
MISO,demand,derived,1,14,631.643,410.315,827.850,155,MISO|demand|derived|m1|h14,505.559,126.084,-102.335,324.084,27,False,False
MISO,demand,derived,2,14,745.774,638.602,863.218,142,MISO|demand|derived|m2|h14,459.241,286.533,182.648,408.135,24,False,True
MISO,demand,derived,3,14,703.997,549.928,838.752,155,MISO|demand|derived|m3|h14,425.965,278.031,122.250,409.646,26,False,True
MISO,demand,derived,4,14,396.279,243.259,533.994,150,MISO|demand|derived|m4|h14,402.143,-5.864,-161.798,130.654,25,False,False
MISO,demand,derived,5,14,603.070,508.256,702.539,155,MISO|demand|derived|m5|h14,448.673,154.397,57.066,255.322,27,False,True
MISO,demand,derived,6,14,477.524,363.288,580.247,149,MISO|demand|derived|m6|h14,492.964,-15.439,-131.821,91.403,25,False,False
MISO,demand,derived,7,14,522.511,420.997,620.423,185,MISO|demand|derived|m7|h14,538.313,-15.803,-120.425,79.950,31,False,False
MISO,demand,derived,8,14,468.638,338.064,578.526,186,MISO|demand|derived|m8|h14,532.439,-63.801,-197.848,49.990,32,False,False
MISO,demand,derived,9,14,508.976,409.173,608.758,180,MISO|demand|derived|m9|h14,501.327,7.649,-94.529,107.630,32,False,False
MISO,demand,derived,10,14,573.570,470.968,668.184,186,MISO|demand|derived|m10|h14,462.394,111.177,8.516,208.582,32,False,True
MISO,demand,derived,11,14,880.047,715.004,1067.101,180,MISO|demand|derived|m11|h14,450.778,429.269,260.217,611.314,31,False,True
MISO,demand,derived,12,14,710.597,462.684,918.536,186,MISO|demand|derived|m12|h14,478.590,232.007,-11.680,441.724,32,False,False
MISO,demand,derived,1,15,721.666,473.229,1010.216,155,MISO|demand|derived|m1|h15,505.390,216.276,-29.495,496.752,27,False,False
MISO,demand,derived,2,15,806.708,516.318,1024.113,142,MISO|demand|derived|m2|h15,458.823,347.885,48.763,580.567,24,False,True
MISO,demand,derived,3,15,801.991,607.698,1013.186,155,MISO|demand|derived|m3|h15,422.824,379.167,181.957,590.792,26,False,True
MISO,demand,derived,4,15,510.461,333.247,653.958,150,MISO|demand|derived|m4|h15,400.735,109.726,-66.498,260.404,25,False,False
MISO,demand,derived,5,15,600.748,456.083,756.611,155,MISO|demand|derived|m5|h15,448.216,152.532,4.588,312.024,27,False,True
MISO,demand,derived,6,15,639.447,486.253,773.650,149,MISO|demand|derived|m6|h15,492.585,146.862,-10.563,288.979,25,False,False
MISO,demand,derived,7,15,450.768,372.744,520.577,185,MISO|demand|derived|m7|h15,536.949,-86.181,-162.550,-13.951,31,False,True
MISO,demand,derived,8,15,460.019,344.948,592.598,186,MISO|demand|derived|m8|h15,531.616,-71.597,-195.080,70.692,32,False,False
MISO,demand,derived,9,15,457.098,363.535,548.650,180,MISO|demand|derived|m9|h15,499.747,-42.649,-139.919,51.242,32,False,False
MISO,demand,derived,10,15,487.434,368.934,589.081,186,MISO|demand|derived|m10|h15,461.195,26.239,-99.583,127.779,32,False,False
MISO,demand,derived,11,15,946.092,743.378,1157.233,180,MISO|demand|derived|m11|h15,454.186,491.905,284.920,709.891,31,False,True
MISO,demand,derived,12,15,642.572,409.781,923.204,186,MISO|demand|derived|m12|h15,481.423,161.149,-75.323,445.646,32,False,False
MISO,demand,derived,1,16,626.619,351.632,940.157,155,MISO|demand|derived|m1|h16,505.616,121.003,-152.651,430.785,27,False,False
MISO,demand,derived,2,16,991.302,646.422,1321.255,142,MISO|demand|derived|m2|h16,465.295,526.007,173.941,859.820,24,False,True
MISO,demand,derived,3,16,890.383,625.641,1131.225,155,MISO|demand|derived|m3|h16,424.685,465.698,197.298,705.154,26,False,True
MISO,demand,derived,4,16,470.307,288.197,670.429,150,MISO|demand|derived|m4|h16,401.843,68.464,-113.667,265.586,25,False,False
MISO,demand,derived,5,16,581.861,453.004,697.288,155,MISO|demand|derived|m5|h16,449.974,131.887,-5.301,255.825,27,False,False
MISO,demand,derived,6,16,545.986,403.185,677.950,148,MISO|demand|derived|m6|h16,493.622,52.364,-97.608,192.711,25,False,False
MISO,demand,derived,7,16,591.077,520.758,676.144,185,MISO|demand|derived|m7|h16,537.913,53.165,-22.113,141.744,31,False,False
MISO,demand,derived,8,16,604.632,457.055,760.529,186,MISO|demand|derived|m8|h16,532.711,71.921,-83.453,236.326,32,False,False
MISO,demand,derived,9,16,580.658,440.381,714.740,180,MISO|demand|derived|m9|h16,501.204,79.454,-65.202,219.981,32,False,False
MISO,demand,derived,10,16,605.644,404.879,798.337,186,MISO|demand|derived|m10|h16,463.922,141.723,-63.107,333.721,32,False,False
MISO,demand,derived,11,16,448.911,303.294,588.363,180,MISO|demand|derived|m11|h16,459.796,-10.886,-160.903,134.092,31,False,False
MISO,demand,derived,12,16,638.743,405.850,893.676,186,MISO|demand|derived|m12|h16,483.092,155.651,-81.316,418.465,32,False,False
MISO,demand,derived,1,17,388.837,269.381,505.754,155,MISO|demand|derived|m1|h17,507.091,-118.254,-233.912,-6.365,27,False,True
MISO,demand,derived,2,17,654.161,414.142,864.493,142,MISO|demand|derived|m2|h17,471.808,182.352,-66.108,403.706,24,False,False
MISO,demand,derived,3,17,624.735,509.493,784.917,155,MISO|demand|derived|m3|h17,430.114,194.620,81.391,356.833,26,False,True
MISO,demand,derived,4,17,659.449,467.197,858.320,150,MISO|demand|derived|m4|h17,405.352,254.097,53.427,453.535,25,False,True
MISO,demand,derived,5,17,534.509,377.322,678.241,155,MISO|demand|derived|m5|h17,452.477,82.031,-73.155,223.276,27,False,False
MISO,demand,derived,6,17,675.287,547.252,817.902,148,MISO|demand|derived|m6|h17,496.158,179.129,48.345,328.312,25,False,True
MISO,demand,derived,7,17,528.078,417.770,650.457,185,MISO|demand|derived|m7|h17,540.843,-12.765,-124.588,110.928,31,False,False
MISO,demand,derived,8,17,564.011,423.403,724.436,186,MISO|demand|derived|m8|h17,535.858,28.153,-116.781,193.966,32,False,False
MISO,demand,derived,9,17,678.553,513.829,829.724,180,MISO|demand|derived|m9|h17,507.301,171.252,-0.264,330.905,32,False,False
MISO,demand,derived,10,17,777.181,515.866,1020.119,186,MISO|demand|derived|m10|h17,475.080,302.101,41.768,545.737,32,False,True
MISO,demand,derived,11,17,389.837,267.020,505.347,180,MISO|demand|derived|m11|h17,464.447,-74.610,-202.904,43.226,31,False,False
MISO,demand,derived,12,17,504.617,342.658,661.544,186,MISO|demand|derived|m12|h17,485.664,18.954,-144.584,172.404,32,False,False
MISO,demand,derived,1,18,441.587,302.033,559.004,155,MISO|demand|derived|m1|h18,508.478,-66.892,-205.167,50.455,27,False,False
MISO,demand,derived,2,18,668.030,515.907,852.137,142,MISO|demand|derived|m2|h18,477.058,190.972,26.996,384.084,24,False,True
MISO,demand,derived,3,18,572.418,430.663,769.068,155,MISO|demand|derived|m3|h18,436.964,135.453,-8.922,341.184,26,False,False
MISO,demand,derived,4,18,774.327,573.925,1005.475,150,MISO|demand|derived|m4|h18,410.819,363.508,165.557,594.359,25,False,True
MISO,demand,derived,5,18,536.293,335.485,728.090,155,MISO|demand|derived|m5|h18,457.421,78.872,-119.874,274.147,27,False,False
MISO,demand,derived,6,18,754.334,536.001,956.444,149,MISO|demand|derived|m6|h18,500.941,253.393,29.214,461.289,25,False,True
MISO,demand,derived,7,18,628.236,490.768,749.900,185,MISO|demand|derived|m7|h18,547.420,80.817,-56.691,202.130,31,False,False
MISO,demand,derived,8,18,532.615,332.108,754.371,186,MISO|demand|derived|m8|h18,543.571,-10.956,-219.387,220.032,32,False,False
MISO,demand,derived,9,18,560.343,367.633,757.978,180,MISO|demand|derived|m9|h18,517.823,42.520,-156.878,241.707,32,False,False
MISO,demand,derived,10,18,353.011,168.519,537.520,186,MISO|demand|derived|m10|h18,485.810,-132.799,-317.531,51.627,32,False,False
MISO,demand,derived,11,18,585.130,442.856,746.105,180,MISO|demand|derived|m11|h18,462.184,122.946,-20.157,281.964,31,False,False
MISO,demand,derived,12,18,615.228,440.103,791.963,184,MISO|demand|derived|m12|h18,484.358,130.870,-49.118,308.943,32,False,False
MISO,demand,derived,1,19,261.965,38.942,493.933,155,MISO|demand|derived|m1|h19,507.088,-245.123,-467.548,-15.410,27,False,True
MISO,demand,derived,2,19,556.812,357.525,730.054,142,MISO|demand|derived|m2|h19,474.734,82.078,-116.251,263.543,24,False,False
MISO,demand,derived,3,19,698.101,577.632,827.062,155,MISO|demand|derived|m3|h19,440.535,257.566,130.454,389.889,26,False,True
MISO,demand,derived,4,19,506.597,284.359,776.914,150,MISO|demand|derived|m4|h19,418.209,88.387,-137.152,367.296,25,False,False
MISO,demand,derived,5,19,460.257,302.892,649.207,155,MISO|demand|derived|m5|h19,463.913,-3.656,-160.135,186.733,27,False,False
MISO,demand,derived,6,19,696.884,474.141,897.598,150,MISO|demand|derived|m6|h19,510.088,186.797,-38.335,392.443,26,False,False
MISO,demand,derived,7,19,549.910,360.074,743.568,185,MISO|demand|derived|m7|h19,556.625,-6.715,-199.450,184.996,31,False,False
MISO,demand,derived,8,19,457.706,301.675,653.819,186,MISO|demand|derived|m8|h19,552.328,-94.622,-253.198,103.462,32,False,False
MISO,demand,derived,9,19,420.377,339.741,524.204,180,MISO|demand|derived|m9|h19,521.130,-100.754,-183.550,3.547,32,False,False
MISO,demand,derived,10,19,552.684,376.045,716.371,186,MISO|demand|derived|m10|h19,484.274,68.410,-103.588,235.742,32,False,False
MISO,demand,derived,11,19,677.432,456.685,900.190,180,MISO|demand|derived|m11|h19,458.028,219.404,-6.186,447.386,31,False,False
MISO,demand,derived,12,19,557.850,349.889,808.063,184,MISO|demand|derived|m12|h19,481.249,76.600,-134.348,331.270,32,False,False
MISO,demand,derived,1,20,435.769,153.916,705.594,155,MISO|demand|derived|m1|h20,503.550,-67.781,-351.025,200.796,27,False,False
MISO,demand,derived,2,20,479.684,191.778,751.086,142,MISO|demand|derived|m2|h20,470.240,9.444,-295.255,291.956,24,False,False
MISO,demand,derived,3,20,654.031,496.090,798.041,155,MISO|demand|derived|m3|h20,439.610,214.422,46.271,363.814,26,False,True
MISO,demand,derived,4,20,467.077,220.006,692.934,150,MISO|demand|derived|m4|h20,423.389,43.688,-203.933,272.008,25,False,False
MISO,demand,derived,5,20,563.599,431.847,694.781,155,MISO|demand|derived|m5|h20,467.018,96.580,-39.922,230.800,27,False,False
MISO,demand,derived,6,20,482.295,352.031,636.528,151,MISO|demand|derived|m6|h20,514.672,-32.376,-165.890,123.783,26,False,False
MISO,demand,derived,7,20,424.272,227.165,608.752,185,MISO|demand|derived|m7|h20,560.332,-136.060,-332.250,47.246,31,False,False
MISO,demand,derived,8,20,401.944,283.666,541.765,186,MISO|demand|derived|m8|h20,551.923,-149.979,-267.543,-10.276,32,False,True
MISO,demand,derived,9,20,532.754,369.708,725.019,180,MISO|demand|derived|m9|h20,513.841,18.913,-141.079,208.629,32,False,False
MISO,demand,derived,10,20,559.104,345.635,755.400,186,MISO|demand|derived|m10|h20,476.699,82.405,-134.318,284.863,32,False,False
MISO,demand,derived,11,20,688.841,499.776,836.318,180,MISO|demand|derived|m11|h20,453.096,235.745,40.481,386.335,31,False,True
MISO,demand,derived,12,20,658.034,462.779,825.205,184,MISO|demand|derived|m12|h20,478.052,179.982,-12.081,344.104,32,False,False
MISO,demand,derived,1,21,714.102,474.192,989.794,155,MISO|demand|derived|m1|h21,497.631,216.471,-29.593,492.804,27,False,False
MISO,demand,derived,2,21,638.477,402.967,873.752,142,MISO|demand|derived|m2|h21,463.847,174.629,-56.043,409.795,24,False,False
MISO,demand,derived,3,21,619.667,348.747,920.753,155,MISO|demand|derived|m3|h21,432.205,187.463,-90.831,488.391,26,False,False
MISO,demand,derived,4,21,521.687,340.876,689.869,150,MISO|demand|derived|m4|h21,419.200,102.487,-82.468,276.749,25,False,False
MISO,demand,derived,5,21,591.330,422.681,805.368,155,MISO|demand|derived|m5|h21,461.063,130.267,-45.664,353.159,27,False,False
MISO,demand,derived,6,21,517.216,324.911,724.525,151,MISO|demand|derived|m6|h21,510.353,6.863,-194.305,221.276,26,False,False
MISO,demand,derived,7,21,446.720,243.082,588.600,185,MISO|demand|derived|m7|h21,556.388,-109.668,-312.448,28.042,31,False,False
MISO,demand,derived,8,21,417.459,268.267,594.724,186,MISO|demand|derived|m8|h21,543.567,-126.108,-275.195,48.999,32,False,False
MISO,demand,derived,9,21,506.445,347.616,665.772,180,MISO|demand|derived|m9|h21,501.453,4.992,-151.997,162.013,32,False,False
MISO,demand,derived,10,21,711.481,540.072,844.994,186,MISO|demand|derived|m10|h21,466.943,244.538,72.132,382.929,32,False,True
MISO,demand,derived,11,21,630.585,477.635,772.010,180,MISO|demand|derived|m11|h21,447.034,183.552,25.793,328.018,31,False,True
MISO,demand,derived,12,21,672.241,538.749,790.404,184,MISO|demand|derived|m12|h21,473.637,198.604,69.786,314.113,32,False,True
MISO,demand,derived,1,22,729.325,560.014,884.367,155,MISO|demand|derived|m1|h22,490.099,239.226,71.174,395.947,27,False,True
MISO,demand,derived,2,22,750.170,560.673,965.024,142,MISO|demand|derived|m2|h22,455.673,294.497,103.171,506.358,24,False,True
MISO,demand,derived,3,22,667.824,417.525,956.892,155,MISO|demand|derived|m3|h22,422.871,244.953,-13.317,535.132,26,False,False
MISO,demand,derived,4,22,535.357,394.921,687.626,150,MISO|demand|derived|m4|h22,409.686,125.670,-19.888,280.918,25,False,False
MISO,demand,derived,5,22,517.408,328.197,733.209,155,MISO|demand|derived|m5|h22,447.707,69.701,-120.516,286.039,27,False,False
MISO,demand,derived,6,22,339.420,146.867,539.944,151,MISO|demand|derived|m6|h22,499.495,-160.075,-363.145,48.361,26,False,False
MISO,demand,derived,7,22,516.187,322.669,730.157,185,MISO|demand|derived|m7|h22,548.021,-31.833,-231.517,186.033,31,False,False
MISO,demand,derived,8,22,282.066,62.347,519.209,186,MISO|demand|derived|m8|h22,533.343,-251.277,-474.441,-11.361,32,False,True
MISO,demand,derived,9,22,733.467,576.631,853.516,180,MISO|demand|derived|m9|h22,489.088,244.379,85.338,364.081,32,False,True
MISO,demand,derived,10,22,750.755,486.075,1063.817,185,MISO|demand|derived|m10|h22,458.139,292.616,26.517,605.918,32,False,True
MISO,demand,derived,11,22,714.330,559.698,851.704,179,MISO|demand|derived|m11|h22,439.126,275.204,119.430,419.045,31,False,True
MISO,demand,derived,12,22,839.774,666.438,1007.421,183,MISO|demand|derived|m12|h22,467.317,372.457,200.588,541.217,32,False,True
MISO,demand,derived,1,23,743.413,486.157,960.730,155,MISO|demand|derived|m1|h23,484.391,259.023,6.205,475.794,27,False,True
MISO,demand,derived,2,23,899.819,693.734,1088.760,142,MISO|demand|derived|m2|h23,448.941,450.878,248.697,642.298,24,False,True
MISO,demand,derived,3,23,573.373,403.877,755.451,155,MISO|demand|derived|m3|h23,415.247,158.126,-18.727,351.123,26,False,False
MISO,demand,derived,4,23,674.377,487.216,851.256,150,MISO|demand|derived|m4|h23,398.897,275.480,83.140,453.909,25,False,True
MISO,demand,derived,5,23,574.373,386.576,776.635,155,MISO|demand|derived|m5|h23,434.411,139.962,-53.822,341.911,27,False,False
MISO,demand,derived,6,23,428.471,263.380,570.386,151,MISO|demand|derived|m6|h23,488.393,-59.922,-228.113,86.100,26,False,False
MISO,demand,derived,7,23,618.436,396.158,832.115,185,MISO|demand|derived|m7|h23,538.597,79.838,-145.991,294.656,31,False,False
MISO,demand,derived,8,23,485.990,207.257,754.742,184,MISO|demand|derived|m8|h23,523.888,-37.898,-314.858,226.467,32,False,False
MISO,demand,derived,9,23,747.185,626.432,847.277,180,MISO|demand|derived|m9|h23,478.241,268.945,141.984,368.743,32,False,True
MISO,demand,derived,10,23,709.667,504.403,939.586,185,MISO|demand|derived|m10|h23,448.169,261.498,53.844,494.508,32,False,True
MISO,demand,derived,11,23,733.839,515.053,933.860,179,MISO|demand|derived|m11|h23,432.187,301.652,87.813,496.808,31,False,True
MISO,demand,derived,12,23,639.031,539.676,773.179,183,MISO|demand|derived|m12|h23,461.579,177.452,77.688,309.800,32,False,True
MISO,demand,eia,1,0,619.187,327.084,883.576,155,MISO|demand|eia|m1|h00,488.663,130.523,-159.670,391.428,27,False,False
MISO,demand,eia,2,0,606.966,374.747,891.020,142,MISO|demand|eia|m2|h00,454.133,152.834,-83.979,442.053,24,False,False
MISO,demand,eia,3,0,807.286,625.160,1017.820,155,MISO|demand|eia|m3|h00,418.477,388.808,214.345,598.994,26,False,True
MISO,demand,eia,4,0,739.311,572.751,890.538,150,MISO|demand|eia|m4|h00,401.660,337.651,173.049,486.067,25,False,True
MISO,demand,eia,5,0,547.843,419.990,682.778,155,MISO|demand|eia|m5|h00,430.122,117.721,-13.114,261.083,27,False,False
MISO,demand,eia,6,0,776.792,620.380,910.180,150,MISO|demand|eia|m6|h00,482.747,294.045,144.836,418.273,25,False,True
MISO,demand,eia,7,0,639.698,427.858,823.131,184,MISO|demand|eia|m7|h00,535.773,103.925,-110.235,290.422,31,False,False
MISO,demand,eia,8,0,749.549,607.080,886.588,185,MISO|demand|eia|m8|h00,522.291,227.258,87.403,361.171,32,False,True
MISO,demand,eia,9,0,852.347,726.792,953.712,179,MISO|demand|eia|m9|h00,475.386,376.962,243.095,485.383,32,False,True
MISO,demand,eia,10,0,684.890,463.646,858.121,185,MISO|demand|eia|m10|h00,447.178,237.712,20.388,407.093,32,False,True
MISO,demand,eia,11,0,729.762,535.523,918.890,180,MISO|demand|eia|m11|h00,433.453,296.309,107.900,482.828,31,False,True
MISO,demand,eia,12,0,675.105,462.378,881.161,186,MISO|demand|eia|m12|h00,463.925,211.180,-4.496,419.328,32,False,False
MISO,demand,eia,1,1,662.754,453.256,863.313,155,MISO|demand|eia|m1|h01,485.217,177.537,-32.122,376.336,27,False,False
MISO,demand,eia,2,1,622.765,454.663,773.937,142,MISO|demand|eia|m2|h01,451.552,171.213,-8.147,329.970,24,False,False
MISO,demand,eia,3,1,780.585,562.997,983.468,155,MISO|demand|eia|m3|h01,414.280,366.304,147.379,567.298,26,False,True
MISO,demand,eia,4,1,622.004,394.006,827.896,150,MISO|demand|eia|m4|h01,394.265,227.739,-4.701,440.186,25,False,False
MISO,demand,eia,5,1,514.681,353.088,629.291,155,MISO|demand|eia|m5|h01,420.291,94.390,-66.715,211.076,27,False,False
MISO,demand,eia,6,1,810.915,576.421,1093.084,150,MISO|demand|eia|m6|h01,469.317,341.598,112.619,621.243,25,False,True
MISO,demand,eia,7,1,911.284,735.396,1085.538,185,MISO|demand|eia|m7|h01,522.390,388.894,216.288,563.559,31,False,True
MISO,demand,eia,8,1,1020.269,758.805,1277.067,186,MISO|demand|eia|m8|h01,509.384,510.885,248.473,770.850,32,False,True
MISO,demand,eia,9,1,890.768,672.646,1101.111,180,MISO|demand|eia|m9|h01,462.856,427.912,208.323,639.707,32,False,True
MISO,demand,eia,10,1,903.162,757.633,1011.659,186,MISO|demand|eia|m10|h01,439.585,463.577,318.939,569.262,32,False,True
MISO,demand,eia,11,1,659.742,475.827,823.277,186,MISO|demand|eia|m11|h01,427.852,231.890,45.594,396.142,31,False,True
MISO,demand,eia,12,1,628.732,458.061,788.394,186,MISO|demand|eia|m12|h01,459.775,168.957,-1.055,328.347,32,False,False
MISO,demand,eia,1,2,726.293,509.142,913.187,155,MISO|demand|eia|m1|h02,484.110,242.183,25.500,421.503,27,False,True
MISO,demand,eia,2,2,621.159,436.309,837.239,142,MISO|demand|eia|m2|h02,452.208,168.952,-20.969,386.112,24,False,False
MISO,demand,eia,3,2,637.058,391.720,938.862,150,MISO|demand|eia|m3|h02,414.189,222.869,-24.808,525.486,26,False,False
MISO,demand,eia,4,2,646.927,490.837,788.636,150,MISO|demand|eia|m4|h02,391.340,255.587,92.077,406.530,25,False,True
MISO,demand,eia,5,2,635.678,451.793,795.984,155,MISO|demand|eia|m5|h02,415.455,220.223,35.405,385.050,27,False,True
MISO,demand,eia,6,2,762.045,553.280,982.737,150,MISO|demand|eia|m6|h02,462.323,299.722,94.225,521.272,25,False,True
MISO,demand,eia,7,2,782.838,623.988,952.655,185,MISO|demand|eia|m7|h02,513.567,269.271,106.912,440.497,31,False,True
MISO,demand,eia,8,2,860.651,602.470,1090.376,186,MISO|demand|eia|m8|h02,501.815,358.836,93.402,592.861,32,False,True
MISO,demand,eia,9,2,674.577,455.695,874.933,180,MISO|demand|eia|m9|h02,456.756,217.821,1.705,413.683,32,False,True
MISO,demand,eia,10,2,801.213,614.537,958.167,186,MISO|demand|eia|m10|h02,436.346,364.868,182.197,518.155,32,False,True
MISO,demand,eia,11,2,693.696,474.633,912.240,180,MISO|demand|eia|m11|h02,428.496,265.201,45.022,482.349,31,False,True
MISO,demand,eia,12,2,674.000,480.904,862.656,186,MISO|demand|eia|m12|h02,458.390,215.610,29.725,403.591,32,False,True
MISO,demand,eia,1,3,944.296,794.924,1105.367,155,MISO|demand|eia|m1|h03,485.200,459.096,306.881,626.283,27,False,True
MISO,demand,eia,2,3,694.800,512.787,871.830,142,MISO|demand|eia|m2|h03,454.540,240.260,51.267,415.241,24,False,True
MISO,demand,eia,3,3,534.299,362.642,722.686,155,MISO|demand|eia|m3|h03,416.217,118.082,-55.104,305.892,26,False,False
MISO,demand,eia,4,3,590.682,433.740,755.911,150,MISO|demand|eia|m4|h03,391.188,199.494,37.473,368.187,25,False,True
MISO,demand,eia,5,3,702.169,531.114,880.180,155,MISO|demand|eia|m5|h03,415.574,286.596,117.871,474.262,27,False,True
MISO,demand,eia,6,3,764.773,580.917,976.423,150,MISO|demand|eia|m6|h03,460.228,304.545,122.216,516.297,25,False,True
MISO,demand,eia,7,3,755.564,642.770,860.279,185,MISO|demand|eia|m7|h03,509.238,246.326,134.424,352.093,31,False,True
MISO,demand,eia,8,3,927.908,766.468,1104.275,186,MISO|demand|eia|m8|h03,499.040,428.868,268.724,599.788,32,False,True
MISO,demand,eia,9,3,743.516,550.403,947.189,180,MISO|demand|eia|m9|h03,455.330,288.186,95.077,493.343,32,False,True
MISO,demand,eia,10,3,565.806,409.567,728.869,186,MISO|demand|eia|m10|h03,437.311,128.495,-27.004,290.085,32,False,False
MISO,demand,eia,11,3,621.554,441.472,797.540,180,MISO|demand|eia|m11|h03,430.301,191.253,7.551,368.825,31,False,True
MISO,demand,eia,12,3,673.161,505.274,831.390,186,MISO|demand|eia|m12|h03,459.305,213.855,45.345,373.599,32,False,True
MISO,demand,eia,1,4,776.286,686.075,864.598,155,MISO|demand|eia|m1|h04,489.369,286.918,196.595,377.268,27,False,True
MISO,demand,eia,2,4,705.990,566.200,867.193,142,MISO|demand|eia|m2|h04,459.591,246.398,102.880,413.047,24,False,True
MISO,demand,eia,3,4,720.089,585.826,856.028,155,MISO|demand|eia|m3|h04,421.955,298.133,159.151,437.651,26,False,True
MISO,demand,eia,4,4,694.384,580.567,808.539,150,MISO|demand|eia|m4|h04,395.935,298.450,177.427,418.118,25,False,True
MISO,demand,eia,5,4,760.125,674.419,844.744,155,MISO|demand|eia|m5|h04,421.651,338.474,253.269,427.794,27,False,True
MISO,demand,eia,6,4,797.442,657.562,929.872,150,MISO|demand|eia|m6|h04,462.874,334.568,195.759,468.496,25,False,True
MISO,demand,eia,7,4,787.071,683.304,882.734,185,MISO|demand|eia|m7|h04,510.785,276.287,169.654,374.155,31,False,True
MISO,demand,eia,8,4,746.494,640.699,859.426,186,MISO|demand|eia|m8|h04,501.681,244.813,135.035,358.460,32,False,True
MISO,demand,eia,9,4,860.802,752.802,966.400,180,MISO|demand|eia|m9|h04,460.268,400.533,292.756,507.870,32,False,True
MISO,demand,eia,10,4,665.049,548.696,795.195,186,MISO|demand|eia|m10|h04,442.313,222.736,111.571,350.713,32,False,True
MISO,demand,eia,11,4,647.974,566.544,733.913,180,MISO|demand|eia|m11|h04,435.094,212.880,131.661,296.522,31,False,True
MISO,demand,eia,12,4,704.275,574.154,821.523,186,MISO|demand|eia|m12|h04,463.137,241.138,110.882,356.939,32,False,True
MISO,demand,eia,1,5,609.856,510.411,724.380,155,MISO|demand|eia|m1|h05,496.162,113.694,7.578,230.487,27,False,True
MISO,demand,eia,2,5,602.530,506.963,696.745,142,MISO|demand|eia|m2|h05,466.571,135.959,34.967,234.030,24,False,True
MISO,demand,eia,3,5,587.860,508.100,666.480,155,MISO|demand|eia|m3|h05,430.187,157.673,69.758,245.170,26,False,True
MISO,demand,eia,4,5,512.567,446.126,590.149,150,MISO|demand|eia|m4|h05,404.542,108.025,37.655,192.286,25,False,True
MISO,demand,eia,5,5,718.690,656.587,785.756,155,MISO|demand|eia|m5|h05,432.160,286.530,219.074,358.023,27,False,True
MISO,demand,eia,6,5,713.495,626.292,795.249,150,MISO|demand|eia|m6|h05,469.565,243.930,155.846,320.724,25,False,True
MISO,demand,eia,7,5,761.239,716.173,804.003,185,MISO|demand|eia|m7|h05,517.628,243.611,201.217,286.196,31,False,True
MISO,demand,eia,8,5,753.490,684.848,812.710,185,MISO|demand|eia|m8|h05,510.085,243.405,168.994,306.319,32,False,True
MISO,demand,eia,9,5,787.910,697.369,877.392,180,MISO|demand|eia|m9|h05,471.950,315.960,224.599,407.887,32,False,True
MISO,demand,eia,10,5,606.687,545.328,672.987,186,MISO|demand|eia|m10|h05,452.023,154.663,93.416,222.933,32,False,True
MISO,demand,eia,11,5,534.796,480.519,587.412,180,MISO|demand|eia|m11|h05,442.061,92.735,36.443,148.029,31,False,True
MISO,demand,eia,12,5,552.470,471.665,619.437,186,MISO|demand|eia|m12|h05,469.629,82.841,7.754,144.920,32,False,True
MISO,demand,eia,1,6,520.710,447.448,591.466,155,MISO|demand|eia|m1|h06,502.417,18.293,-56.024,89.244,27,False,False
MISO,demand,eia,2,6,612.688,546.005,671.286,142,MISO|demand|eia|m2|h06,474.510,138.177,65.833,202.335,24,False,True
MISO,demand,eia,3,6,552.502,488.157,610.136,155,MISO|demand|eia|m3|h06,438.609,113.893,54.028,169.850,26,False,True
MISO,demand,eia,4,6,465.236,391.474,536.372,150,MISO|demand|eia|m4|h06,412.503,52.733,-31.523,132.593,25,False,False
MISO,demand,eia,5,6,616.635,562.052,676.324,155,MISO|demand|eia|m5|h06,440.778,175.857,116.832,236.690,27,False,True
MISO,demand,eia,6,6,677.275,615.841,734.283,150,MISO|demand|eia|m6|h06,475.863,201.411,144.973,254.101,25,False,True
MISO,demand,eia,7,6,755.397,688.373,811.323,185,MISO|demand|eia|m7|h06,524.966,230.431,163.864,291.626,31,False,True
MISO,demand,eia,8,6,763.333,700.346,818.653,185,MISO|demand|eia|m8|h06,519.146,244.187,181.081,301.264,32,False,True
MISO,demand,eia,9,6,736.705,670.445,801.592,180,MISO|demand|eia|m9|h06,486.203,250.502,186.392,314.869,32,False,True
MISO,demand,eia,10,6,580.452,510.959,644.846,186,MISO|demand|eia|m10|h06,464.206,116.245,47.910,178.015,32,False,True
MISO,demand,eia,11,6,575.914,512.265,637.869,180,MISO|demand|eia|m11|h06,452.037,123.877,60.026,185.810,31,False,True
MISO,demand,eia,12,6,521.368,464.265,574.736,186,MISO|demand|eia|m12|h06,476.401,44.968,-8.876,94.446,32,False,False
MISO,demand,eia,1,7,680.478,513.635,842.127,155,MISO|demand|eia|m1|h07,511.045,169.433,-2.994,334.157,27,False,False
MISO,demand,eia,2,7,923.933,712.266,1159.208,142,MISO|demand|eia|m2|h07,480.710,443.223,221.203,690.495,24,False,True
MISO,demand,eia,3,7,737.952,575.603,904.479,155,MISO|demand|eia|m3|h07,445.902,292.049,125.654,462.743,26,False,True
MISO,demand,eia,4,7,766.224,624.495,915.039,150,MISO|demand|eia|m4|h07,417.452,348.772,208.892,499.676,25,False,True
MISO,demand,eia,5,7,827.423,647.473,982.307,155,MISO|demand|eia|m5|h07,448.578,378.845,192.929,539.025,27,False,True
MISO,demand,eia,6,7,850.616,745.356,965.981,150,MISO|demand|eia|m6|h07,486.218,364.398,256.272,484.130,25,False,True
MISO,demand,eia,7,7,971.351,789.213,1131.407,185,MISO|demand|eia|m7|h07,534.915,436.436,251.831,601.531,31,False,True
MISO,demand,eia,8,7,924.168,757.504,1058.436,186,MISO|demand|eia|m8|h07,524.920,399.248,231.961,542.489,32,False,True
MISO,demand,eia,9,7,893.089,764.275,1009.014,180,MISO|demand|eia|m9|h07,493.277,399.812,269.167,525.029,32,False,True
MISO,demand,eia,10,7,714.361,571.583,870.313,186,MISO|demand|eia|m10|h07,475.082,239.279,93.988,400.294,32,False,True
MISO,demand,eia,11,7,710.672,533.240,871.254,180,MISO|demand|eia|m11|h07,460.200,250.471,62.116,421.753,31,False,True
MISO,demand,eia,12,7,715.316,568.642,879.768,186,MISO|demand|eia|m12|h07,484.628,230.688,79.550,401.323,32,False,True
MISO,demand,eia,1,8,704.056,630.288,785.014,155,MISO|demand|eia|m1|h08,514.828,189.228,118.402,266.436,27,False,True
MISO,demand,eia,2,8,917.324,744.454,1083.917,142,MISO|demand|eia|m2|h08,479.531,437.793,250.413,612.246,24,False,True
MISO,demand,eia,3,8,641.637,537.782,734.327,155,MISO|demand|eia|m3|h08,447.526,194.111,86.602,293.612,26,False,True
MISO,demand,eia,4,8,620.029,462.571,749.725,150,MISO|demand|eia|m4|h08,421.156,198.873,39.488,330.984,25,False,True
MISO,demand,eia,5,8,592.844,472.069,703.589,155,MISO|demand|eia|m5|h08,457.553,135.291,11.362,251.605,27,False,True
MISO,demand,eia,6,8,721.557,621.570,822.677,150,MISO|demand|eia|m6|h08,499.412,222.145,117.617,332.717,25,False,True
MISO,demand,eia,7,8,988.710,839.717,1126.035,185,MISO|demand|eia|m7|h08,548.767,439.943,282.976,584.781,31,False,True
MISO,demand,eia,8,8,1017.177,825.087,1177.110,186,MISO|demand|eia|m8|h08,535.657,481.520,283.380,648.956,32,False,True
MISO,demand,eia,9,8,995.111,805.827,1184.327,180,MISO|demand|eia|m9|h08,498.724,496.387,307.041,686.619,32,False,True
MISO,demand,eia,10,8,811.892,584.185,1056.074,186,MISO|demand|eia|m10|h08,475.084,336.808,109.403,586.384,32,False,True
MISO,demand,eia,11,8,647.299,542.568,762.307,180,MISO|demand|eia|m11|h08,461.544,185.755,78.505,301.708,31,False,True
MISO,demand,eia,12,8,586.100,491.553,669.845,186,MISO|demand|eia|m12|h08,487.582,98.517,3.498,185.583,32,False,True
MISO,demand,eia,1,9,601.487,513.601,684.401,155,MISO|demand|eia|m1|h09,516.741,84.746,-2.086,170.850,27,False,False
MISO,demand,eia,2,9,643.938,550.213,754.565,142,MISO|demand|eia|m2|h09,481.162,162.776,55.302,284.884,24,False,True
MISO,demand,eia,3,9,555.184,452.095,674.876,155,MISO|demand|eia|m3|h09,449.242,105.941,-1.467,233.503,26,False,False
MISO,demand,eia,4,9,460.531,337.272,574.570,150,MISO|demand|eia|m4|h09,423.351,37.181,-83.170,154.490,25,False,False
MISO,demand,eia,5,9,661.001,578.448,744.933,155,MISO|demand|eia|m5|h09,461.281,199.721,113.638,286.009,27,False,True
MISO,demand,eia,6,9,696.242,598.081,786.564,150,MISO|demand|eia|m6|h09,505.281,190.960,101.538,278.832,25,False,True
MISO,demand,eia,7,9,759.520,639.408,861.161,185,MISO|demand|eia|m7|h09,557.245,202.275,89.528,301.606,31,False,True
MISO,demand,eia,8,9,623.568,443.075,810.839,186,MISO|demand|eia|m8|h09,546.652,76.916,-112.472,266.596,32,False,False
MISO,demand,eia,9,9,710.795,581.560,871.342,180,MISO|demand|eia|m9|h09,512.662,198.133,67.789,364.802,32,False,True
MISO,demand,eia,10,9,684.665,432.796,941.476,186,MISO|demand|eia|m10|h09,477.690,206.975,-50.210,469.266,32,False,False
MISO,demand,eia,11,9,452.089,349.661,547.806,180,MISO|demand|eia|m11|h09,465.096,-13.008,-110.864,81.005,31,False,False
MISO,demand,eia,12,9,559.859,462.236,654.249,186,MISO|demand|eia|m12|h09,489.732,70.127,-34.629,167.359,32,False,False
MISO,demand,eia,1,10,517.645,434.958,608.659,155,MISO|demand|eia|m1|h10,519.783,-2.138,-86.125,88.902,27,False,False
MISO,demand,eia,2,10,473.112,337.732,594.544,142,MISO|demand|eia|m2|h10,483.408,-10.296,-145.860,114.869,24,False,False
MISO,demand,eia,3,10,555.496,386.272,707.044,155,MISO|demand|eia|m3|h10,449.740,105.756,-67.473,262.883,26,False,False
MISO,demand,eia,4,10,660.736,521.492,812.276,150,MISO|demand|eia|m4|h10,420.478,240.258,93.692,398.978,25,False,True
MISO,demand,eia,5,10,591.948,482.620,705.996,155,MISO|demand|eia|m5|h10,461.100,130.848,18.588,249.388,27,False,True
MISO,demand,eia,6,10,721.486,593.152,865.470,150,MISO|demand|eia|m6|h10,506.505,214.981,83.595,363.493,25,False,True
MISO,demand,eia,7,10,677.178,574.962,767.285,185,MISO|demand|eia|m7|h10,557.935,119.242,16.977,207.603,31,False,True
MISO,demand,eia,8,10,702.607,558.922,839.557,186,MISO|demand|eia|m8|h10,550.168,152.439,-1.805,296.240,32,False,False
MISO,demand,eia,9,10,821.380,730.545,905.703,180,MISO|demand|eia|m9|h10,520.203,301.176,210.180,386.068,32,False,True
MISO,demand,eia,10,10,499.730,414.223,590.563,186,MISO|demand|eia|m10|h10,481.366,18.364,-69.628,109.254,32,False,False
MISO,demand,eia,11,10,437.423,314.442,547.016,180,MISO|demand|eia|m11|h10,469.074,-31.651,-153.740,78.944,31,False,False
MISO,demand,eia,12,10,454.006,347.241,567.373,186,MISO|demand|eia|m12|h10,493.068,-39.062,-151.225,79.043,32,False,False
MISO,demand,eia,1,11,655.903,523.439,791.420,155,MISO|demand|eia|m1|h11,520.736,135.167,-4.004,277.120,27,False,False
MISO,demand,eia,2,11,607.648,484.792,732.499,142,MISO|demand|eia|m2|h11,482.472,125.176,-2.071,254.359,24,False,False
MISO,demand,eia,3,11,619.732,524.695,709.365,155,MISO|demand|eia|m3|h11,446.896,172.835,77.656,266.714,26,False,True
MISO,demand,eia,4,11,599.866,504.821,704.032,150,MISO|demand|eia|m4|h11,418.423,181.443,75.095,293.806,25,False,True
MISO,demand,eia,5,11,538.113,454.224,629.925,155,MISO|demand|eia|m5|h11,460.135,77.978,-1.640,170.478,27,False,False
MISO,demand,eia,6,11,600.212,530.350,693.396,150,MISO|demand|eia|m6|h11,506.555,93.657,20.455,196.111,25,False,True
MISO,demand,eia,7,11,560.683,426.101,699.169,185,MISO|demand|eia|m7|h11,555.927,4.757,-131.925,149.471,31,False,False
MISO,demand,eia,8,11,604.641,433.593,768.333,186,MISO|demand|eia|m8|h11,548.707,55.934,-119.676,226.820,32,False,False
MISO,demand,eia,9,11,730.923,639.168,830.257,180,MISO|demand|eia|m9|h11,519.847,211.076,117.054,312.423,32,False,True
MISO,demand,eia,10,11,639.528,550.120,762.699,186,MISO|demand|eia|m10|h11,479.367,160.161,63.345,286.903,32,False,True
MISO,demand,eia,11,11,567.378,471.564,669.281,180,MISO|demand|eia|m11|h11,468.500,98.878,3.438,203.262,31,False,True
MISO,demand,eia,12,11,547.527,447.884,645.035,186,MISO|demand|eia|m12|h11,493.703,53.824,-44.296,157.407,32,False,False
MISO,demand,eia,1,12,699.832,561.316,833.952,155,MISO|demand|eia|m1|h12,519.374,180.458,40.235,319.502,27,False,True
MISO,demand,eia,2,12,642.134,470.512,792.118,142,MISO|demand|eia|m2|h12,478.411,163.723,-16.083,318.954,24,False,False
MISO,demand,eia,3,12,725.774,600.312,868.480,155,MISO|demand|eia|m3|h12,443.705,282.069,157.112,432.318,26,False,True
MISO,demand,eia,4,12,630.754,512.252,727.211,150,MISO|demand|eia|m4|h12,417.236,213.518,97.898,308.975,25,False,True
MISO,demand,eia,5,12,529.864,459.148,636.884,155,MISO|demand|eia|m5|h12,459.391,70.473,-6.804,183.544,27,False,False
MISO,demand,eia,6,12,546.622,389.704,727.240,150,MISO|demand|eia|m6|h12,506.198,40.424,-124.548,232.225,25,False,False
MISO,demand,eia,7,12,529.119,403.017,678.597,185,MISO|demand|eia|m7|h12,553.173,-24.054,-152.735,128.801,31,False,False
MISO,demand,eia,8,12,500.331,388.023,624.565,186,MISO|demand|eia|m8|h12,545.549,-45.218,-163.143,86.511,32,False,False
MISO,demand,eia,9,12,580.636,479.546,712.801,180,MISO|demand|eia|m9|h12,516.684,63.952,-38.981,191.204,32,False,False
MISO,demand,eia,10,12,629.221,535.775,717.462,186,MISO|demand|eia|m10|h12,477.193,152.028,54.017,246.985,32,False,True
MISO,demand,eia,11,12,666.721,534.207,835.904,179,MISO|demand|eia|m11|h12,464.906,201.815,66.126,376.069,31,False,True
MISO,demand,eia,12,12,617.871,474.265,748.915,186,MISO|demand|eia|m12|h12,491.565,126.305,-13.523,256.302,32,False,False
MISO,demand,eia,1,13,725.460,597.552,857.225,155,MISO|demand|eia|m1|h13,517.575,207.885,77.974,338.191,27,False,True
MISO,demand,eia,2,13,589.500,474.515,713.491,142,MISO|demand|eia|m2|h13,473.012,116.488,4.673,238.064,24,False,True
MISO,demand,eia,3,13,795.473,668.898,947.131,155,MISO|demand|eia|m3|h13,440.580,354.893,223.688,512.486,26,False,True
MISO,demand,eia,4,13,629.402,486.862,760.092,150,MISO|demand|eia|m4|h13,415.318,214.083,67.212,346.274,25,False,True
MISO,demand,eia,5,13,582.052,524.791,654.674,155,MISO|demand|eia|m5|h13,459.072,122.980,61.164,199.589,27,False,True
MISO,demand,eia,6,13,385.354,271.031,512.781,150,MISO|demand|eia|m6|h13,505.120,-119.766,-241.457,10.157,25,False,False
MISO,demand,eia,7,13,492.124,362.170,624.205,185,MISO|demand|eia|m7|h13,550.472,-58.348,-185.051,74.737,31,False,False
MISO,demand,eia,8,13,460.469,320.479,587.115,186,MISO|demand|eia|m8|h13,543.226,-82.756,-224.890,47.499,32,False,False
MISO,demand,eia,9,13,455.069,385.316,533.142,180,MISO|demand|eia|m9|h13,512.874,-57.805,-125.566,17.130,32,False,False
MISO,demand,eia,10,13,581.151,481.456,686.653,186,MISO|demand|eia|m10|h13,474.234,106.917,0.891,211.118,32,False,True
MISO,demand,eia,11,13,813.787,671.837,956.011,179,MISO|demand|eia|m11|h13,461.300,352.487,208.091,493.060,31,False,True
MISO,demand,eia,12,13,816.415,613.463,1014.633,186,MISO|demand|eia|m12|h13,489.142,327.273,126.437,525.558,32,False,True
MISO,demand,eia,1,14,638.356,413.432,847.136,155,MISO|demand|eia|m1|h14,515.240,123.117,-105.141,335.026,27,False,False
MISO,demand,eia,2,14,748.258,633.964,873.869,142,MISO|demand|eia|m2|h14,468.624,279.634,164.791,406.209,24,False,True
MISO,demand,eia,3,14,714.206,550.039,842.716,155,MISO|demand|eia|m3|h14,436.363,277.844,114.440,404.805,26,False,True
MISO,demand,eia,4,14,407.818,252.341,539.425,150,MISO|demand|eia|m4|h14,413.101,-5.283,-163.008,130.568,25,False,False
MISO,demand,eia,5,14,614.449,518.541,712.382,155,MISO|demand|eia|m5|h14,459.570,154.879,53.591,256.089,27,False,True
MISO,demand,eia,6,14,492.937,379.010,603.872,149,MISO|demand|eia|m6|h14,503.621,-10.684,-127.985,99.243,25,False,False
MISO,demand,eia,7,14,535.998,428.047,633.978,185,MISO|demand|eia|m7|h14,548.328,-12.330,-120.890,84.681,31,False,False
MISO,demand,eia,8,14,485.482,354.390,596.333,186,MISO|demand|eia|m8|h14,541.827,-56.345,-192.540,58.866,32,False,False
MISO,demand,eia,9,14,520.288,427.723,626.427,180,MISO|demand|eia|m9|h14,510.129,10.159,-82.202,113.771,32,False,False
MISO,demand,eia,10,14,580.510,473.109,673.302,186,MISO|demand|eia|m10|h14,471.524,108.986,2.027,205.159,32,False,True
MISO,demand,eia,11,14,894.612,725.099,1086.303,180,MISO|demand|eia|m11|h14,459.794,434.818,262.585,625.436,31,False,True
MISO,demand,eia,12,14,713.309,477.895,912.974,186,MISO|demand|eia|m12|h14,487.877,225.432,-10.546,423.405,32,False,False
MISO,demand,eia,1,15,729.195,490.785,1022.542,155,MISO|demand|eia|m1|h15,515.374,213.822,-19.581,498.759,27,False,False
MISO,demand,eia,2,15,814.653,547.026,1044.636,142,MISO|demand|eia|m2|h15,468.505,346.148,71.844,580.268,24,False,True
MISO,demand,eia,3,15,814.880,612.654,1012.783,155,MISO|demand|eia|m3|h15,433.430,381.450,174.104,588.836,26,False,True
MISO,demand,eia,4,15,522.975,355.230,668.158,150,MISO|demand|eia|m4|h15,411.838,111.137,-61.721,259.817,25,False,False
MISO,demand,eia,5,15,612.808,458.151,775.118,155,MISO|demand|eia|m5|h15,459.142,153.666,-1.842,319.296,27,False,False
MISO,demand,eia,6,15,654.229,505.235,787.715,149,MISO|demand|eia|m6|h15,503.228,151.001,-6.417,289.938,25,False,False
MISO,demand,eia,7,15,463.309,386.153,540.807,185,MISO|demand|eia|m7|h15,546.918,-83.610,-160.252,-4.663,31,False,True
MISO,demand,eia,8,15,475.496,353.700,611.262,186,MISO|demand|eia|m8|h15,540.996,-65.500,-191.802,79.486,32,False,False
MISO,demand,eia,9,15,468.510,377.941,565.141,180,MISO|demand|eia|m9|h15,508.561,-40.051,-134.602,57.414,32,False,False
MISO,demand,eia,10,15,493.682,375.045,593.001,186,MISO|demand|eia|m10|h15,470.410,23.271,-98.529,124.355,32,False,False
MISO,demand,eia,11,15,963.085,751.769,1188.568,180,MISO|demand|eia|m11|h15,463.541,499.543,277.770,731.667,31,False,True
MISO,demand,eia,12,15,661.115,421.451,984.568,186,MISO|demand|eia|m12|h15,491.106,170.008,-75.847,494.809,32,False,False
MISO,demand,eia,1,16,635.807,350.658,959.776,155,MISO|demand|eia|m1|h16,515.808,119.999,-163.193,442.968,27,False,False
MISO,demand,eia,2,16,1013.520,667.764,1353.658,142,MISO|demand|eia|m2|h16,475.318,538.203,179.855,883.232,24,False,True
MISO,demand,eia,3,16,907.771,646.944,1134.485,155,MISO|demand|eia|m3|h16,435.521,472.250,207.677,695.597,26,False,True
MISO,demand,eia,4,16,484.574,310.941,693.443,150,MISO|demand|eia|m4|h16,413.092,71.482,-103.475,280.711,25,False,False
MISO,demand,eia,5,16,596.342,472.831,716.989,155,MISO|demand|eia|m5|h16,460.924,135.418,5.290,264.207,27,False,True
MISO,demand,eia,6,16,559.090,418.041,702.566,148,MISO|demand|eia|m6|h16,504.241,54.849,-88.605,203.429,25,False,False
MISO,demand,eia,7,16,601.073,533.310,684.992,185,MISO|demand|eia|m7|h16,547.830,53.243,-18.977,141.476,31,False,False
MISO,demand,eia,8,16,618.751,485.020,778.142,186,MISO|demand|eia|m8|h16,542.050,76.701,-64.035,244.087,32,False,False
MISO,demand,eia,9,16,592.757,453.820,727.196,180,MISO|demand|eia|m9|h16,509.996,82.760,-61.083,222.561,32,False,False
MISO,demand,eia,10,16,619.813,419.024,815.066,186,MISO|demand|eia|m10|h16,473.268,146.545,-60.100,344.095,32,False,False
MISO,demand,eia,11,16,459.624,306.957,603.769,180,MISO|demand|eia|m11|h16,469.212,-9.589,-167.063,140.830,31,False,False
MISO,demand,eia,12,16,656.606,423.370,918.916,186,MISO|demand|eia|m12|h16,492.875,163.730,-77.875,432.206,32,False,False
MISO,demand,eia,1,17,403.493,291.418,520.124,155,MISO|demand|eia|m1|h17,517.029,-113.537,-222.220,0.311,27,False,False
MISO,demand,eia,2,17,666.934,413.547,870.973,142,MISO|demand|eia|m2|h17,481.807,185.127,-74.444,394.425,24,False,False
MISO,demand,eia,3,17,634.125,514.993,790.066,155,MISO|demand|eia|m3|h17,441.094,193.031,74.271,355.154,26,False,True
MISO,demand,eia,4,17,675.969,479.789,883.987,150,MISO|demand|eia|m4|h17,416.688,259.280,60.262,476.811,25,False,True
MISO,demand,eia,5,17,546.659,396.028,687.018,155,MISO|demand|eia|m5|h17,463.421,83.238,-68.210,226.977,27,False,False
MISO,demand,eia,6,17,689.508,553.155,822.833,148,MISO|demand|eia|m6|h17,506.897,182.611,40.089,320.384,25,False,True
MISO,demand,eia,7,17,539.792,429.998,658.041,185,MISO|demand|eia|m7|h17,550.691,-10.899,-123.611,110.611,31,False,False
MISO,demand,eia,8,17,576.465,425.877,751.319,186,MISO|demand|eia|m8|h17,545.122,31.343,-125.823,211.204,32,False,False
MISO,demand,eia,9,17,693.859,531.066,848.576,180,MISO|demand|eia|m9|h17,516.023,177.836,9.262,337.913,32,False,True
MISO,demand,eia,10,17,793.544,508.096,1036.970,186,MISO|demand|eia|m10|h17,484.548,308.996,23.812,552.277,32,False,True
MISO,demand,eia,11,17,400.020,276.456,508.347,180,MISO|demand|eia|m11|h17,473.531,-73.511,-193.928,37.942,31,False,False
MISO,demand,eia,12,17,519.901,369.025,672.167,186,MISO|demand|eia|m12|h17,495.085,24.816,-129.960,178.974,32,False,False
MISO,demand,eia,1,18,456.496,310.404,577.196,155,MISO|demand|eia|m1|h18,518.086,-61.590,-206.211,58.239,27,False,False
MISO,demand,eia,2,18,676.890,526.404,841.712,142,MISO|demand|eia|m2|h18,486.672,190.218,28.754,362.478,24,False,True
MISO,demand,eia,3,18,574.325,433.028,779.231,155,MISO|demand|eia|m3|h18,447.955,126.370,-19.205,342.702,26,False,False
MISO,demand,eia,4,18,795.331,574.787,1041.197,150,MISO|demand|eia|m4|h18,422.261,373.070,152.890,621.320,25,False,True
MISO,demand,eia,5,18,553.316,347.873,772.873,155,MISO|demand|eia|m5|h18,468.383,84.933,-122.552,305.401,27,False,False
MISO,demand,eia,6,18,771.803,559.232,969.818,149,MISO|demand|eia|m6|h18,511.625,260.178,43.184,462.740,25,False,True
MISO,demand,eia,7,18,645.284,510.585,767.772,185,MISO|demand|eia|m7|h18,557.164,88.120,-45.185,211.321,31,False,False
MISO,demand,eia,8,18,556.440,356.438,776.493,186,MISO|demand|eia|m8|h18,552.742,3.698,-202.173,231.058,32,False,False
MISO,demand,eia,9,18,575.512,389.539,765.638,180,MISO|demand|eia|m9|h18,526.420,49.091,-143.829,242.015,32,False,False
MISO,demand,eia,10,18,360.343,164.217,553.084,186,MISO|demand|eia|m10|h18,495.083,-134.740,-327.417,56.515,32,False,False
MISO,demand,eia,11,18,594.337,458.464,760.012,180,MISO|demand|eia|m11|h18,471.058,123.279,-13.903,287.807,31,False,False
MISO,demand,eia,12,18,630.446,459.652,806.609,184,MISO|demand|eia|m12|h18,493.597,136.848,-35.230,313.693,32,False,False
MISO,demand,eia,1,19,278.844,60.251,512.084,155,MISO|demand|eia|m1|h19,516.655,-237.811,-453.950,-6.720,27,False,True
MISO,demand,eia,2,19,574.863,365.565,747.509,142,MISO|demand|eia|m2|h19,484.182,90.681,-117.335,270.056,24,False,False
MISO,demand,eia,3,19,705.947,589.009,837.146,155,MISO|demand|eia|m3|h19,451.245,254.702,130.729,389.450,26,False,True
MISO,demand,eia,4,19,517.384,284.026,773.786,150,MISO|demand|eia|m4|h19,429.526,87.858,-148.035,350.466,25,False,False
MISO,demand,eia,5,19,472.218,306.386,657.359,155,MISO|demand|eia|m5|h19,474.890,-2.672,-167.882,185.771,27,False,False
MISO,demand,eia,6,19,710.149,495.325,904.939,150,MISO|demand|eia|m6|h19,520.689,189.460,-30.271,390.700,26,False,False
MISO,demand,eia,7,19,566.273,369.183,754.584,185,MISO|demand|eia|m7|h19,566.306,-0.033,-196.671,185.903,31,False,False
MISO,demand,eia,8,19,479.906,324.358,679.847,186,MISO|demand|eia|m8|h19,561.350,-81.445,-241.284,118.683,32,False,False
MISO,demand,eia,9,19,432.503,355.369,532.877,180,MISO|demand|eia|m9|h19,529.467,-96.964,-177.676,7.595,32,False,False
MISO,demand,eia,10,19,564.077,387.173,731.133,186,MISO|demand|eia|m10|h19,493.228,70.849,-105.761,239.437,32,False,False
MISO,demand,eia,11,19,694.924,477.226,929.237,180,MISO|demand|eia|m11|h19,466.848,228.076,5.810,468.491,31,False,True
MISO,demand,eia,12,19,574.149,355.773,834.458,184,MISO|demand|eia|m12|h19,490.535,83.614,-135.639,345.596,32,False,False
MISO,demand,eia,1,20,450.543,165.702,708.558,155,MISO|demand|eia|m1|h20,513.024,-62.481,-349.919,194.684,27,False,False
MISO,demand,eia,2,20,505.286,214.817,785.893,142,MISO|demand|eia|m2|h20,479.597,25.689,-276.231,312.856,24,False,False
MISO,demand,eia,3,20,656.796,495.717,791.893,155,MISO|demand|eia|m3|h20,449.998,206.798,36.674,354.799,26,False,True
MISO,demand,eia,4,20,485.290,240.551,712.189,150,MISO|demand|eia|m4|h20,434.305,50.985,-196.785,280.934,25,False,False
MISO,demand,eia,5,20,574.441,443.061,707.115,155,MISO|demand|eia|m5|h20,477.730,96.711,-37.574,233.529,27,False,False
MISO,demand,eia,6,20,494.246,364.842,665.654,151,MISO|demand|eia|m6|h20,525.151,-30.905,-161.881,145.148,26,False,False
MISO,demand,eia,7,20,435.939,242.349,610.755,185,MISO|demand|eia|m7|h20,569.847,-133.908,-326.177,39.218,31,False,False
MISO,demand,eia,8,20,418.447,305.369,557.497,186,MISO|demand|eia|m8|h20,560.706,-142.259,-251.859,-3.172,32,False,True
MISO,demand,eia,9,20,548.994,380.332,738.526,180,MISO|demand|eia|m9|h20,521.941,27.053,-136.532,215.315,32,False,False
MISO,demand,eia,10,20,578.108,347.831,770.241,186,MISO|demand|eia|m10|h20,485.520,92.588,-141.196,289.521,32,False,False
MISO,demand,eia,11,20,712.415,526.607,852.340,180,MISO|demand|eia|m11|h20,461.822,250.593,63.759,400.129,31,False,True
MISO,demand,eia,12,20,677.681,487.683,844.792,184,MISO|demand|eia|m12|h20,487.161,190.520,7.863,354.736,32,False,True
MISO,demand,eia,1,21,734.605,478.377,1010.447,155,MISO|demand|eia|m1|h21,507.012,227.593,-35.514,510.304,27,False,False
MISO,demand,eia,2,21,652.870,424.819,896.180,142,MISO|demand|eia|m2|h21,473.061,179.809,-41.840,420.281,24,False,False
MISO,demand,eia,3,21,644.289,375.507,939.391,155,MISO|demand|eia|m3|h21,442.403,201.886,-69.780,497.431,26,False,False
MISO,demand,eia,4,21,540.262,359.258,712.724,150,MISO|demand|eia|m4|h21,429.857,110.405,-76.152,280.588,25,False,False
MISO,demand,eia,5,21,610.381,450.894,811.949,155,MISO|demand|eia|m5|h21,471.357,139.024,-24.342,349.964,27,False,False
MISO,demand,eia,6,21,538.315,347.301,738.150,151,MISO|demand|eia|m6|h21,520.518,17.798,-180.802,227.155,26,False,False
MISO,demand,eia,7,21,460.437,260.831,604.209,185,MISO|demand|eia|m7|h21,565.624,-105.187,-305.602,36.651,31,False,False
MISO,demand,eia,8,21,437.649,297.692,612.525,186,MISO|demand|eia|m8|h21,552.064,-114.415,-256.988,63.448,32,False,False
MISO,demand,eia,9,21,519.926,360.809,688.455,180,MISO|demand|eia|m9|h21,509.335,10.591,-147.998,179.626,32,False,False
MISO,demand,eia,10,21,727.355,550.525,863.225,186,MISO|demand|eia|m10|h21,475.589,251.766,72.403,391.332,32,False,True
MISO,demand,eia,11,21,643.267,483.478,779.710,180,MISO|demand|eia|m11|h21,455.634,187.633,25.790,328.621,31,False,True
MISO,demand,eia,12,21,688.417,559.919,805.761,184,MISO|demand|eia|m12|h21,482.719,205.697,83.959,323.304,32,False,True
MISO,demand,eia,1,22,731.756,565.480,887.960,155,MISO|demand|eia|m1|h22,499.388,232.368,64.481,389.004,27,False,True
MISO,demand,eia,2,22,751.861,552.536,958.240,142,MISO|demand|eia|m2|h22,464.749,287.112,85.111,492.588,24,False,True
MISO,demand,eia,3,22,686.780,429.697,965.976,155,MISO|demand|eia|m3|h22,432.845,253.935,-3.360,538.713,26,False,False
MISO,demand,eia,4,22,552.102,414.905,707.071,150,MISO|demand|eia|m4|h22,420.039,132.063,-8.013,288.760,25,False,False
MISO,demand,eia,5,22,538.889,351.538,752.857,155,MISO|demand|eia|m5|h22,457.576,81.313,-107.529,299.210,27,False,False
MISO,demand,eia,6,22,364.674,170.585,570.835,151,MISO|demand|eia|m6|h22,509.126,-144.452,-343.809,71.510,26,False,False
MISO,demand,eia,7,22,535.595,341.624,735.240,185,MISO|demand|eia|m7|h22,556.882,-21.287,-216.657,180.508,31,False,False
MISO,demand,eia,8,22,306.483,86.527,541.617,186,MISO|demand|eia|m8|h22,541.471,-234.989,-458.222,4.517,32,False,False
MISO,demand,eia,9,22,742.244,585.605,861.932,180,MISO|demand|eia|m9|h22,496.659,245.585,85.242,365.664,32,False,True
MISO,demand,eia,10,22,764.652,505.590,1079.532,185,MISO|demand|eia|m10|h22,466.467,298.185,38.170,611.421,32,False,True
MISO,demand,eia,11,22,719.186,551.103,854.950,179,MISO|demand|eia|m11|h22,447.377,271.809,100.862,408.961,31,False,True
MISO,demand,eia,12,22,852.085,684.538,1002.547,183,MISO|demand|eia|m12|h22,475.484,376.601,209.593,526.397,32,False,True
MISO,demand,eia,1,23,762.865,498.270,978.071,155,MISO|demand|eia|m1|h23,493.796,269.069,2.807,478.747,27,False,True
MISO,demand,eia,2,23,914.180,703.702,1126.558,142,MISO|demand|eia|m2|h23,458.010,456.170,247.797,664.056,24,False,True
MISO,demand,eia,3,23,595.211,423.499,757.247,155,MISO|demand|eia|m3|h23,425.187,170.024,-5.517,344.794,26,False,False
MISO,demand,eia,4,23,686.258,510.057,875.419,150,MISO|demand|eia|m4|h23,409.159,277.099,102.241,467.342,25,False,True
MISO,demand,eia,5,23,584.161,394.911,790.133,155,MISO|demand|eia|m5|h23,444.196,139.964,-52.542,343.379,27,False,False
MISO,demand,eia,6,23,436.637,284.530,587.354,151,MISO|demand|eia|m6|h23,497.844,-61.207,-217.778,94.376,26,False,False
MISO,demand,eia,7,23,616.213,391.444,840.846,185,MISO|demand|eia|m7|h23,547.211,69.002,-156.478,298.615,31,False,False
MISO,demand,eia,8,23,480.521,201.079,736.054,184,MISO|demand|eia|m8|h23,532.349,-51.828,-325.283,199.679,32,False,False
MISO,demand,eia,9,23,744.352,629.666,838.484,180,MISO|demand|eia|m9|h23,485.668,258.683,140.995,355.820,32,False,True
MISO,demand,eia,10,23,713.662,503.464,934.553,185,MISO|demand|eia|m10|h23,456.452,257.211,46.305,480.820,32,False,True
MISO,demand,eia,11,23,750.117,547.941,946.378,179,MISO|demand|eia|m11|h23,440.598,309.519,111.719,503.725,31,False,True
MISO,demand,eia,12,23,656.672,553.933,782.909,183,MISO|demand|eia|m12|h23,470.608,186.064,83.990,313.090,32,False,True
MISO,fossil_gen,derived,1,0,717.568,680.384,759.421,155,MISO|fossil_gen|derived|m1|h00,479.104,238.464,202.093,279.130,27,False,True
MISO,fossil_gen,derived,2,0,677.054,620.651,749.134,142,MISO|fossil_gen|derived|m2|h00,445.014,232.040,170.603,306.335,24,False,True
MISO,fossil_gen,derived,3,0,658.147,597.707,717.445,155,MISO|fossil_gen|derived|m3|h00,408.508,249.639,191.542,307.792,26,False,True
MISO,fossil_gen,derived,4,0,661.478,604.316,713.110,150,MISO|fossil_gen|derived|m4|h00,391.437,270.041,207.673,330.882,25,False,True
MISO,fossil_gen,derived,5,0,673.036,612.084,729.033,155,MISO|fossil_gen|derived|m5|h00,420.406,252.630,189.454,312.009,27,False,True
MISO,fossil_gen,derived,6,0,740.683,676.565,797.688,150,MISO|fossil_gen|derived|m6|h00,473.397,267.286,203.357,324.652,25,False,True
MISO,fossil_gen,derived,7,0,766.624,696.771,834.106,184,MISO|fossil_gen|derived|m7|h00,527.222,239.402,170.017,306.287,31,False,True
MISO,fossil_gen,derived,8,0,755.344,712.286,803.390,185,MISO|fossil_gen|derived|m8|h00,514.376,240.968,195.957,288.208,32,False,True
MISO,fossil_gen,derived,9,0,723.169,676.096,766.172,179,MISO|fossil_gen|derived|m9|h00,467.958,255.211,209.067,295.149,32,False,True
MISO,fossil_gen,derived,10,0,684.277,650.495,717.896,185,MISO|fossil_gen|derived|m10|h00,438.944,245.332,204.593,285.112,32,False,True
MISO,fossil_gen,derived,11,0,678.789,608.693,740.200,180,MISO|fossil_gen|derived|m11|h00,425.004,253.785,189.090,311.176,31,False,True
MISO,fossil_gen,derived,12,0,708.042,664.700,754.081,186,MISO|fossil_gen|derived|m12|h00,454.780,253.261,206.602,299.000,32,False,True
MISO,fossil_gen,derived,1,1,767.383,726.286,812.362,155,MISO|fossil_gen|derived|m1|h01,475.515,291.868,254.620,332.074,27,False,True
MISO,fossil_gen,derived,2,1,727.517,657.317,797.674,142,MISO|fossil_gen|derived|m2|h01,442.330,285.187,212.475,359.186,24,False,True
MISO,fossil_gen,derived,3,1,655.268,596.187,717.231,155,MISO|fossil_gen|derived|m3|h01,404.252,251.015,199.908,304.531,26,False,True
MISO,fossil_gen,derived,4,1,645.253,587.879,698.243,150,MISO|fossil_gen|derived|m4|h01,383.996,261.257,204.292,312.797,25,False,True
MISO,fossil_gen,derived,5,1,595.652,538.200,663.635,155,MISO|fossil_gen|derived|m5|h01,410.586,185.066,121.826,259.020,27,False,True
MISO,fossil_gen,derived,6,1,750.435,691.686,805.558,150,MISO|fossil_gen|derived|m6|h01,459.997,290.438,227.888,346.305,25,False,True
MISO,fossil_gen,derived,7,1,773.505,711.020,835.451,185,MISO|fossil_gen|derived|m7|h01,513.758,259.746,193.672,322.358,31,False,True
MISO,fossil_gen,derived,8,1,765.774,701.894,822.128,186,MISO|fossil_gen|derived|m8|h01,501.358,264.415,198.046,319.947,32,False,True
MISO,fossil_gen,derived,9,1,756.209,649.677,842.940,180,MISO|fossil_gen|derived|m9|h01,455.289,300.921,196.043,387.097,32,False,True
MISO,fossil_gen,derived,10,1,723.074,680.651,755.273,186,MISO|fossil_gen|derived|m10|h01,431.255,291.819,251.920,324.249,32,False,True
MISO,fossil_gen,derived,11,1,685.928,647.824,728.793,186,MISO|fossil_gen|derived|m11|h01,419.312,266.616,231.671,303.136,31,False,True
MISO,fossil_gen,derived,12,1,725.979,677.380,781.894,186,MISO|fossil_gen|derived|m12|h01,450.508,275.470,231.631,325.934,32,False,True
MISO,fossil_gen,derived,1,2,759.178,727.526,791.214,155,MISO|fossil_gen|derived|m1|h02,474.280,284.898,256.951,310.361,27,False,True
MISO,fossil_gen,derived,2,2,683.009,641.520,728.779,142,MISO|fossil_gen|derived|m2|h02,442.903,240.105,187.472,293.807,24,False,True
MISO,fossil_gen,derived,3,2,700.250,625.139,755.005,150,MISO|fossil_gen|derived|m3|h02,404.108,296.142,231.319,348.738,26,False,True
MISO,fossil_gen,derived,4,2,639.871,594.463,686.085,150,MISO|fossil_gen|derived|m4|h02,380.977,258.894,217.593,301.993,25,False,True
MISO,fossil_gen,derived,5,2,633.130,583.453,675.153,155,MISO|fossil_gen|derived|m5|h02,405.704,227.426,174.125,268.665,27,False,True
MISO,fossil_gen,derived,6,2,737.394,667.968,797.122,150,MISO|fossil_gen|derived|m6|h02,452.915,284.479,215.177,342.384,25,False,True
MISO,fossil_gen,derived,7,2,727.886,652.823,813.214,185,MISO|fossil_gen|derived|m7|h02,504.844,223.043,144.782,311.004,31,False,True
MISO,fossil_gen,derived,8,2,761.046,701.563,817.449,186,MISO|fossil_gen|derived|m8|h02,493.662,267.385,209.127,321.887,32,False,True
MISO,fossil_gen,derived,9,2,751.844,691.950,804.998,180,MISO|fossil_gen|derived|m9|h02,449.059,302.785,252.419,350.395,32,False,True
MISO,fossil_gen,derived,10,2,755.830,713.483,791.073,186,MISO|fossil_gen|derived|m10|h02,427.895,327.935,287.558,364.473,32,False,True
MISO,fossil_gen,derived,11,2,675.376,640.268,718.209,180,MISO|fossil_gen|derived|m11|h02,419.841,255.534,224.172,294.358,31,False,True
MISO,fossil_gen,derived,12,2,713.098,678.904,745.498,186,MISO|fossil_gen|derived|m12|h02,449.000,264.098,227.826,296.701,32,False,True
MISO,fossil_gen,derived,1,3,727.111,696.874,755.726,155,MISO|fossil_gen|derived|m1|h03,475.223,251.888,221.272,281.536,27,False,True
MISO,fossil_gen,derived,2,3,685.235,643.875,723.615,142,MISO|fossil_gen|derived|m2|h03,445.083,240.152,200.949,275.501,24,False,True
MISO,fossil_gen,derived,3,3,655.869,606.943,704.066,155,MISO|fossil_gen|derived|m3|h03,405.968,249.901,205.570,294.824,26,False,True
MISO,fossil_gen,derived,4,3,672.857,609.903,725.624,150,MISO|fossil_gen|derived|m4|h03,380.670,292.186,232.337,340.251,25,False,True
MISO,fossil_gen,derived,5,3,630.961,570.954,693.555,155,MISO|fossil_gen|derived|m5|h03,405.698,225.263,162.600,287.612,27,False,True
MISO,fossil_gen,derived,6,3,620.776,571.691,672.760,150,MISO|fossil_gen|derived|m6|h03,450.719,170.056,121.593,216.278,25,False,True
MISO,fossil_gen,derived,7,3,715.008,673.708,754.206,185,MISO|fossil_gen|derived|m7|h03,500.420,214.588,172.085,253.415,31,False,True
MISO,fossil_gen,derived,8,3,727.389,690.309,767.075,186,MISO|fossil_gen|derived|m8|h03,490.759,236.630,203.827,272.608,32,False,True
MISO,fossil_gen,derived,9,3,667.798,625.556,716.497,180,MISO|fossil_gen|derived|m9|h03,447.462,220.337,183.123,262.083,32,False,True
MISO,fossil_gen,derived,10,3,685.638,647.580,725.627,186,MISO|fossil_gen|derived|m10|h03,428.694,256.943,215.973,299.445,32,False,True
MISO,fossil_gen,derived,11,3,658.086,625.051,693.780,180,MISO|fossil_gen|derived|m11|h03,421.483,236.602,207.592,268.617,31,False,True
MISO,fossil_gen,derived,12,3,713.779,683.901,742.840,186,MISO|fossil_gen|derived|m12|h03,449.772,264.007,236.227,292.124,32,False,True
MISO,fossil_gen,derived,1,4,680.424,635.121,721.170,155,MISO|fossil_gen|derived|m1|h04,479.188,201.235,157.465,240.546,27,False,True
MISO,fossil_gen,derived,2,4,687.983,612.875,762.367,142,MISO|fossil_gen|derived|m2|h04,449.840,238.143,166.776,308.547,24,False,True
MISO,fossil_gen,derived,3,4,642.540,591.347,684.915,155,MISO|fossil_gen|derived|m3|h04,411.420,231.119,181.642,272.784,26,False,True
MISO,fossil_gen,derived,4,4,614.385,585.110,645.283,150,MISO|fossil_gen|derived|m4|h04,385.094,229.291,196.985,258.939,25,False,True
MISO,fossil_gen,derived,5,4,626.012,589.047,663.577,155,MISO|fossil_gen|derived|m5|h04,411.587,214.425,180.861,246.667,27,False,True
MISO,fossil_gen,derived,6,4,672.151,614.690,721.993,150,MISO|fossil_gen|derived|m6|h04,453.222,218.929,165.757,264.491,25,False,True
MISO,fossil_gen,derived,7,4,697.778,666.078,728.735,185,MISO|fossil_gen|derived|m7|h04,501.829,195.949,163.708,227.875,31,False,True
MISO,fossil_gen,derived,8,4,696.181,650.278,737.456,186,MISO|fossil_gen|derived|m8|h04,493.185,202.996,158.970,242.459,32,False,True
MISO,fossil_gen,derived,9,4,707.940,674.625,744.068,180,MISO|fossil_gen|derived|m9|h04,452.104,255.836,224.884,287.539,32,False,True
MISO,fossil_gen,derived,10,4,648.315,617.681,674.381,186,MISO|fossil_gen|derived|m10|h04,433.372,214.943,181.948,243.376,32,False,True
MISO,fossil_gen,derived,11,4,616.842,580.601,658.940,180,MISO|fossil_gen|derived|m11|h04,426.026,190.815,160.261,225.448,31,False,True
MISO,fossil_gen,derived,12,4,659.911,617.326,698.865,186,MISO|fossil_gen|derived|m12|h04,453.418,206.493,166.457,243.219,32,False,True
MISO,fossil_gen,derived,1,5,663.533,632.458,687.751,155,MISO|fossil_gen|derived|m1|h05,485.771,177.762,143.068,204.428,27,False,True
MISO,fossil_gen,derived,2,5,700.998,659.862,736.550,142,MISO|fossil_gen|derived|m2|h05,456.513,244.486,196.352,286.392,24,False,True
MISO,fossil_gen,derived,3,5,619.457,589.286,651.337,155,MISO|fossil_gen|derived|m3|h05,419.346,200.111,171.899,229.350,26,False,True
MISO,fossil_gen,derived,4,5,610.352,578.835,643.158,150,MISO|fossil_gen|derived|m4|h05,393.425,216.927,180.369,254.947,25,False,True
MISO,fossil_gen,derived,5,5,660.416,613.332,703.252,155,MISO|fossil_gen|derived|m5|h05,421.955,238.461,191.536,278.254,27,False,True
MISO,fossil_gen,derived,6,5,662.462,616.552,701.424,150,MISO|fossil_gen|derived|m6|h05,459.770,202.693,158.582,237.090,25,False,True
MISO,fossil_gen,derived,7,5,735.552,703.671,767.471,185,MISO|fossil_gen|derived|m7|h05,508.580,226.972,196.926,259.358,31,False,True
MISO,fossil_gen,derived,8,5,711.803,675.750,747.898,185,MISO|fossil_gen|derived|m8|h05,501.899,209.904,170.101,249.512,32,False,True
MISO,fossil_gen,derived,9,5,706.368,663.824,741.233,180,MISO|fossil_gen|derived|m9|h05,463.529,242.839,200.846,277.525,32,False,True
MISO,fossil_gen,derived,10,5,627.106,598.524,655.068,186,MISO|fossil_gen|derived|m10|h05,442.657,184.449,151.692,214.656,32,False,True
MISO,fossil_gen,derived,11,5,605.467,572.271,638.843,180,MISO|fossil_gen|derived|m11|h05,432.737,172.730,140.794,202.006,31,False,True
MISO,fossil_gen,derived,12,5,665.549,627.918,702.032,186,MISO|fossil_gen|derived|m12|h05,459.712,205.837,170.732,237.997,32,False,True
MISO,fossil_gen,derived,1,6,712.311,679.323,742.146,155,MISO|fossil_gen|derived|m1|h06,492.124,220.188,183.794,252.687,27,False,True
MISO,fossil_gen,derived,2,6,753.862,720.575,780.359,142,MISO|fossil_gen|derived|m2|h06,464.552,289.310,241.163,330.029,24,False,True
MISO,fossil_gen,derived,3,6,705.725,673.914,737.119,155,MISO|fossil_gen|derived|m3|h06,427.852,277.873,246.010,312.660,26,False,True
MISO,fossil_gen,derived,4,6,635.769,606.761,665.979,150,MISO|fossil_gen|derived|m4|h06,401.419,234.350,196.985,269.901,25,False,True
MISO,fossil_gen,derived,5,6,663.798,624.738,703.537,155,MISO|fossil_gen|derived|m5|h06,430.534,233.264,193.087,271.607,27,False,True
MISO,fossil_gen,derived,6,6,677.702,636.107,717.745,150,MISO|fossil_gen|derived|m6|h06,465.884,211.818,174.699,243.979,25,False,True
MISO,fossil_gen,derived,7,6,737.871,705.308,768.175,185,MISO|fossil_gen|derived|m7|h06,515.760,222.111,185.535,256.307,31,False,True
MISO,fossil_gen,derived,8,6,759.341,735.560,783.496,185,MISO|fossil_gen|derived|m8|h06,510.610,248.731,221.387,274.279,32,False,True
MISO,fossil_gen,derived,9,6,759.499,727.064,793.831,180,MISO|fossil_gen|derived|m9|h06,477.936,281.564,247.373,313.943,32,False,True
MISO,fossil_gen,derived,10,6,697.609,658.320,734.630,186,MISO|fossil_gen|derived|m10|h06,454.860,242.749,201.794,280.820,32,False,True
MISO,fossil_gen,derived,11,6,693.939,657.728,724.015,180,MISO|fossil_gen|derived|m11|h06,442.812,251.126,217.125,280.875,31,False,True
MISO,fossil_gen,derived,12,6,692.616,652.307,730.265,186,MISO|fossil_gen|derived|m12|h06,466.530,226.086,190.300,260.250,32,False,True
MISO,fossil_gen,derived,1,7,762.935,702.881,823.115,155,MISO|fossil_gen|derived|m1|h07,501.121,261.814,201.660,317.060,27,False,True
MISO,fossil_gen,derived,2,7,719.358,671.857,770.336,142,MISO|fossil_gen|derived|m2|h07,471.105,248.253,183.990,315.965,24,False,True
MISO,fossil_gen,derived,3,7,752.403,715.775,785.531,155,MISO|fossil_gen|derived|m3|h07,435.483,316.919,279.338,353.450,26,False,True
MISO,fossil_gen,derived,4,7,682.640,639.673,729.435,150,MISO|fossil_gen|derived|m4|h07,406.632,276.008,226.829,326.216,25,False,True
MISO,fossil_gen,derived,5,7,702.131,635.959,766.930,155,MISO|fossil_gen|derived|m5|h07,438.400,263.731,194.933,327.102,27,False,True
MISO,fossil_gen,derived,6,7,680.419,626.048,734.465,150,MISO|fossil_gen|derived|m6|h07,475.995,204.424,145.641,258.004,25,False,True
MISO,fossil_gen,derived,7,7,761.582,703.001,823.554,185,MISO|fossil_gen|derived|m7|h07,525.474,236.108,174.045,297.441,31,False,True
MISO,fossil_gen,derived,8,7,719.179,685.049,764.567,186,MISO|fossil_gen|derived|m8|h07,516.292,202.888,169.353,245.656,32,False,True
MISO,fossil_gen,derived,9,7,787.272,756.332,818.257,180,MISO|fossil_gen|derived|m9|h07,485.169,302.103,267.668,336.672,32,False,True
MISO,fossil_gen,derived,10,7,751.094,705.889,797.044,186,MISO|fossil_gen|derived|m10|h07,466.109,284.985,235.859,334.695,32,False,True
MISO,fossil_gen,derived,11,7,727.618,698.030,756.399,180,MISO|fossil_gen|derived|m11|h07,451.299,276.319,242.752,308.063,31,False,True
MISO,fossil_gen,derived,12,7,726.114,674.357,772.623,186,MISO|fossil_gen|derived|m12|h07,475.086,251.028,197.088,299.503,32,False,True
MISO,fossil_gen,derived,1,8,696.477,658.449,734.868,155,MISO|fossil_gen|derived|m1|h08,505.102,191.375,150.849,228.753,27,False,True
MISO,fossil_gen,derived,2,8,716.449,671.445,748.947,142,MISO|fossil_gen|derived|m2|h08,470.114,246.334,185.409,299.080,24,False,True
MISO,fossil_gen,derived,3,8,684.600,656.549,713.904,155,MISO|fossil_gen|derived|m3|h08,437.262,247.338,216.799,282.753,26,False,True
MISO,fossil_gen,derived,4,8,670.913,639.199,697.390,150,MISO|fossil_gen|derived|m4|h08,410.473,260.440,222.753,292.396,25,False,True
MISO,fossil_gen,derived,5,8,610.028,560.345,664.723,155,MISO|fossil_gen|derived|m5|h08,447.271,162.757,112.042,216.612,27,False,True
MISO,fossil_gen,derived,6,8,701.094,656.436,741.897,150,MISO|fossil_gen|derived|m6|h08,488.936,212.157,165.742,256.031,25,False,True
MISO,fossil_gen,derived,7,8,778.077,722.947,834.338,185,MISO|fossil_gen|derived|m7|h08,539.068,239.010,183.936,293.409,31,False,True
MISO,fossil_gen,derived,8,8,743.384,695.274,785.199,186,MISO|fossil_gen|derived|m8|h08,526.767,216.617,168.461,257.066,32,False,True
MISO,fossil_gen,derived,9,8,698.027,644.714,743.871,180,MISO|fossil_gen|derived|m9|h08,490.435,207.592,157.134,250.234,32,False,True
MISO,fossil_gen,derived,10,8,682.576,649.977,707.127,186,MISO|fossil_gen|derived|m10|h08,466.210,216.366,172.121,251.557,32,False,True
MISO,fossil_gen,derived,11,8,681.646,645.433,717.002,180,MISO|fossil_gen|derived|m11|h08,452.795,228.850,194.116,262.974,31,False,True
MISO,fossil_gen,derived,12,8,658.659,610.546,718.230,186,MISO|fossil_gen|derived|m12|h08,478.261,180.399,134.481,238.134,32,False,True
MISO,fossil_gen,derived,1,9,680.367,633.655,727.055,155,MISO|fossil_gen|derived|m1|h09,507.148,173.219,127.075,220.193,27,False,True
MISO,fossil_gen,derived,2,9,733.932,692.742,770.804,142,MISO|fossil_gen|derived|m2|h09,471.875,262.057,200.748,318.021,24,False,True
MISO,fossil_gen,derived,3,9,703.189,676.898,732.368,155,MISO|fossil_gen|derived|m3|h09,439.014,264.176,230.710,296.938,26,False,True
MISO,fossil_gen,derived,4,9,677.628,638.807,717.579,150,MISO|fossil_gen|derived|m4|h09,412.661,264.967,216.881,311.949,25,False,True
MISO,fossil_gen,derived,5,9,647.900,598.329,695.249,155,MISO|fossil_gen|derived|m5|h09,450.784,197.116,141.696,251.369,27,False,True
MISO,fossil_gen,derived,6,9,670.771,600.570,735.583,150,MISO|fossil_gen|derived|m6|h09,494.500,176.271,110.316,235.604,25,False,True
MISO,fossil_gen,derived,7,9,750.197,688.695,806.401,185,MISO|fossil_gen|derived|m7|h09,547.197,203.000,143.497,258.068,31,False,True
MISO,fossil_gen,derived,8,9,655.882,589.623,711.174,186,MISO|fossil_gen|derived|m8|h09,537.455,118.427,47.125,179.083,32,False,True
MISO,fossil_gen,derived,9,9,693.281,633.896,755.793,180,MISO|fossil_gen|derived|m9|h09,504.180,189.101,130.296,251.206,32,False,True
MISO,fossil_gen,derived,10,9,707.357,673.832,733.092,186,MISO|fossil_gen|derived|m10|h09,468.767,238.590,190.048,276.725,32,False,True
MISO,fossil_gen,derived,11,9,713.383,664.234,759.823,180,MISO|fossil_gen|derived|m11|h09,456.423,256.960,204.595,307.162,31,False,True
MISO,fossil_gen,derived,12,9,684.927,635.280,741.710,186,MISO|fossil_gen|derived|m12|h09,480.547,204.380,153.942,262.366,32,False,True
MISO,fossil_gen,derived,1,10,669.048,639.331,700.233,155,MISO|fossil_gen|derived|m1|h10,510.337,158.711,122.819,193.933,27,False,True
MISO,fossil_gen,derived,2,10,678.004,643.977,713.705,142,MISO|fossil_gen|derived|m2|h10,474.178,203.825,148.707,257.195,24,False,True
MISO,fossil_gen,derived,3,10,714.998,676.842,750.532,155,MISO|fossil_gen|derived|m3|h10,439.494,275.504,230.732,317.403,26,False,True
MISO,fossil_gen,derived,4,10,685.039,643.401,716.642,150,MISO|fossil_gen|derived|m4|h10,409.733,275.306,222.183,317.005,25,False,True
MISO,fossil_gen,derived,5,10,644.559,594.486,694.676,155,MISO|fossil_gen|derived|m5|h10,450.429,194.130,138.505,250.882,27,False,True
MISO,fossil_gen,derived,6,10,669.765,624.760,718.391,150,MISO|fossil_gen|derived|m6|h10,495.551,174.214,126.403,225.298,25,False,True
MISO,fossil_gen,derived,7,10,672.508,604.022,740.062,185,MISO|fossil_gen|derived|m7|h10,547.710,124.798,56.892,192.187,31,False,True
MISO,fossil_gen,derived,8,10,640.912,586.090,694.789,186,MISO|fossil_gen|derived|m8|h10,540.780,100.131,37.813,162.788,32,False,True
MISO,fossil_gen,derived,9,10,693.532,659.255,721.967,180,MISO|fossil_gen|derived|m9|h10,511.593,181.939,142.958,215.277,32,False,True
MISO,fossil_gen,derived,10,10,634.581,603.556,672.143,186,MISO|fossil_gen|derived|m10|h10,472.411,162.170,117.430,212.706,32,False,True
MISO,fossil_gen,derived,11,10,668.503,632.469,707.382,180,MISO|fossil_gen|derived|m11|h10,460.442,208.061,169.295,252.104,31,False,True
MISO,fossil_gen,derived,12,10,707.566,677.171,741.270,186,MISO|fossil_gen|derived|m12|h10,484.052,223.514,195.020,253.777,32,False,True
MISO,fossil_gen,derived,1,11,707.778,651.080,761.252,155,MISO|fossil_gen|derived|m1|h11,511.331,196.448,134.009,254.237,27,False,True
MISO,fossil_gen,derived,2,11,668.171,634.952,702.542,142,MISO|fossil_gen|derived|m2|h11,473.256,194.915,144.408,245.238,24,False,True
MISO,fossil_gen,derived,3,11,691.780,663.964,723.529,155,MISO|fossil_gen|derived|m3|h11,436.615,255.165,218.686,293.231,26,False,True
MISO,fossil_gen,derived,4,11,668.447,627.977,713.561,150,MISO|fossil_gen|derived|m4|h11,407.604,260.842,205.527,319.195,25,False,True
MISO,fossil_gen,derived,5,11,627.312,580.260,678.310,155,MISO|fossil_gen|derived|m5|h11,449.342,177.969,122.513,238.495,27,False,True
MISO,fossil_gen,derived,6,11,599.989,563.598,650.448,150,MISO|fossil_gen|derived|m6|h11,495.549,104.440,59.337,160.631,25,False,True
MISO,fossil_gen,derived,7,11,643.357,587.041,699.005,185,MISO|fossil_gen|derived|m7|h11,545.671,97.685,39.223,153.413,31,False,True
MISO,fossil_gen,derived,8,11,628.530,575.766,679.879,186,MISO|fossil_gen|derived|m8|h11,539.259,89.271,30.940,144.053,32,False,True
MISO,fossil_gen,derived,9,11,665.386,633.343,695.934,180,MISO|fossil_gen|derived|m9|h11,511.138,154.248,119.396,186.774,32,False,True
MISO,fossil_gen,derived,10,11,659.111,625.005,696.625,186,MISO|fossil_gen|derived|m10|h11,470.337,188.774,141.693,239.442,32,False,True
MISO,fossil_gen,derived,11,11,656.884,626.805,687.350,180,MISO|fossil_gen|derived|m11|h11,459.836,197.048,165.694,231.337,31,False,True
MISO,fossil_gen,derived,12,11,695.741,653.478,735.068,186,MISO|fossil_gen|derived|m12|h11,484.751,210.990,165.107,252.706,32,False,True
MISO,fossil_gen,derived,1,12,708.800,654.251,774.736,155,MISO|fossil_gen|derived|m1|h12,509.966,198.834,141.808,266.826,27,False,True
MISO,fossil_gen,derived,2,12,705.920,666.934,748.216,142,MISO|fossil_gen|derived|m2|h12,469.213,236.706,182.918,287.833,24,False,True
MISO,fossil_gen,derived,3,12,690.751,662.701,717.814,155,MISO|fossil_gen|derived|m3|h12,433.418,257.333,223.023,290.327,26,False,True
MISO,fossil_gen,derived,4,12,639.149,600.650,675.342,150,MISO|fossil_gen|derived|m4|h12,406.387,232.762,182.087,282.654,25,False,True
MISO,fossil_gen,derived,5,12,631.776,595.695,673.523,155,MISO|fossil_gen|derived|m5|h12,448.527,183.248,137.385,232.276,27,False,True
MISO,fossil_gen,derived,6,12,619.416,552.320,682.566,150,MISO|fossil_gen|derived|m6|h12,495.232,124.184,44.195,197.603,25,False,True
MISO,fossil_gen,derived,7,12,656.008,575.806,719.885,185,MISO|fossil_gen|derived|m7|h12,542.994,113.014,29.584,180.596,31,False,True
MISO,fossil_gen,derived,8,12,643.448,590.125,696.135,186,MISO|fossil_gen|derived|m8|h12,536.095,107.353,46.485,167.428,32,False,True
MISO,fossil_gen,derived,9,12,666.692,622.795,708.701,180,MISO|fossil_gen|derived|m9|h12,507.923,158.769,111.796,202.947,32,False,True
MISO,fossil_gen,derived,10,12,652.586,625.346,679.945,186,MISO|fossil_gen|derived|m10|h12,468.121,184.466,147.697,221.222,32,False,True
MISO,fossil_gen,derived,11,12,687.349,648.330,726.446,179,MISO|fossil_gen|derived|m11|h12,456.185,231.164,189.191,271.166,31,False,True
MISO,fossil_gen,derived,12,12,685.244,634.030,731.605,186,MISO|fossil_gen|derived|m12|h12,482.613,202.631,148.592,249.141,32,False,True
MISO,fossil_gen,derived,1,13,694.700,651.936,749.856,155,MISO|fossil_gen|derived|m1|h13,508.095,186.605,137.436,244.219,27,False,True
MISO,fossil_gen,derived,2,13,698.289,654.333,741.613,142,MISO|fossil_gen|derived|m2|h13,463.787,234.502,182.024,282.803,24,False,True
MISO,fossil_gen,derived,3,13,680.330,633.774,728.283,155,MISO|fossil_gen|derived|m3|h13,430.278,250.052,205.586,295.125,26,False,True
MISO,fossil_gen,derived,4,13,661.520,607.300,710.930,150,MISO|fossil_gen|derived|m4|h13,404.449,257.071,200.723,309.300,25,False,True
MISO,fossil_gen,derived,5,13,643.827,615.698,679.372,155,MISO|fossil_gen|derived|m5|h13,448.203,195.624,159.303,236.611,27,False,True
MISO,fossil_gen,derived,6,13,622.545,554.067,701.153,150,MISO|fossil_gen|derived|m6|h13,494.249,128.297,47.264,214.148,25,False,True
MISO,fossil_gen,derived,7,13,650.052,592.115,701.643,185,MISO|fossil_gen|derived|m7|h13,540.392,109.661,48.782,166.270,31,False,True
MISO,fossil_gen,derived,8,13,660.868,603.706,708.551,186,MISO|fossil_gen|derived|m8|h13,533.817,127.051,61.701,182.436,32,False,True
MISO,fossil_gen,derived,9,13,621.367,581.339,662.364,180,MISO|fossil_gen|derived|m9|h13,504.099,117.268,74.200,162.365,32,False,True
MISO,fossil_gen,derived,10,13,651.117,614.522,687.819,186,MISO|fossil_gen|derived|m10|h13,465.154,185.963,138.959,231.323,32,False,True
MISO,fossil_gen,derived,11,13,715.632,682.335,752.059,179,MISO|fossil_gen|derived|m11|h13,452.492,263.139,229.280,298.535,31,False,True
MISO,fossil_gen,derived,12,13,709.040,663.176,753.773,186,MISO|fossil_gen|derived|m12|h13,480.095,228.945,180.746,274.710,32,False,True
MISO,fossil_gen,derived,1,14,757.632,726.707,790.670,155,MISO|fossil_gen|derived|m1|h14,505.559,252.073,214.711,289.606,27,False,True
MISO,fossil_gen,derived,2,14,738.505,673.035,788.375,142,MISO|fossil_gen|derived|m2|h14,459.241,279.264,196.312,341.583,24,False,True
MISO,fossil_gen,derived,3,14,657.781,590.458,727.107,155,MISO|fossil_gen|derived|m3|h14,425.965,231.816,176.761,293.812,26,False,True
MISO,fossil_gen,derived,4,14,659.677,604.265,700.240,150,MISO|fossil_gen|derived|m4|h14,402.143,257.533,189.133,311.264,25,False,True
MISO,fossil_gen,derived,5,14,700.553,660.742,741.170,155,MISO|fossil_gen|derived|m5|h14,448.673,251.880,206.042,298.391,27,False,True
MISO,fossil_gen,derived,6,14,619.689,559.815,682.491,149,MISO|fossil_gen|derived|m6|h14,492.964,126.725,55.159,197.368,25,False,True
MISO,fossil_gen,derived,7,14,650.902,619.341,690.947,185,MISO|fossil_gen|derived|m7|h14,538.313,112.589,75.592,155.069,31,False,True
MISO,fossil_gen,derived,8,14,650.805,591.965,706.411,186,MISO|fossil_gen|derived|m8|h14,532.439,118.366,51.746,183.047,32,False,True
MISO,fossil_gen,derived,9,14,657.383,603.862,707.593,180,MISO|fossil_gen|derived|m9|h14,501.327,156.056,99.227,209.477,32,False,True
MISO,fossil_gen,derived,10,14,671.421,645.279,698.571,186,MISO|fossil_gen|derived|m10|h14,462.394,209.027,174.802,242.107,32,False,True
MISO,fossil_gen,derived,11,14,718.036,677.855,759.594,180,MISO|fossil_gen|derived|m11|h14,450.778,267.258,226.758,307.203,31,False,True
MISO,fossil_gen,derived,12,14,719.965,680.137,764.883,186,MISO|fossil_gen|derived|m12|h14,478.590,241.375,199.752,285.813,32,False,True
MISO,fossil_gen,derived,1,15,732.942,681.856,778.262,155,MISO|fossil_gen|derived|m1|h15,505.390,227.552,179.367,271.334,27,False,True
MISO,fossil_gen,derived,2,15,728.084,682.496,769.671,142,MISO|fossil_gen|derived|m2|h15,458.823,269.261,213.605,317.264,24,False,True
MISO,fossil_gen,derived,3,15,695.344,655.161,736.669,155,MISO|fossil_gen|derived|m3|h15,422.824,272.520,233.735,311.125,26,False,True
MISO,fossil_gen,derived,4,15,635.599,601.693,678.111,150,MISO|fossil_gen|derived|m4|h15,400.735,234.865,190.215,284.579,25,False,True
MISO,fossil_gen,derived,5,15,705.645,662.603,751.270,155,MISO|fossil_gen|derived|m5|h15,448.216,257.429,204.353,311.349,27,False,True
MISO,fossil_gen,derived,6,15,682.594,632.535,733.949,149,MISO|fossil_gen|derived|m6|h15,492.585,190.009,130.121,248.447,25,False,True
MISO,fossil_gen,derived,7,15,645.469,597.191,695.838,185,MISO|fossil_gen|derived|m7|h15,536.949,108.519,55.148,161.863,31,False,True
MISO,fossil_gen,derived,8,15,658.348,597.382,714.036,186,MISO|fossil_gen|derived|m8|h15,531.616,126.732,55.084,190.927,32,False,True
MISO,fossil_gen,derived,9,15,696.376,657.915,739.498,180,MISO|fossil_gen|derived|m9|h15,499.747,196.629,154.975,241.698,32,False,True
MISO,fossil_gen,derived,10,15,643.187,607.315,684.134,186,MISO|fossil_gen|derived|m10|h15,461.195,181.992,141.295,230.195,32,False,True
MISO,fossil_gen,derived,11,15,693.970,644.344,740.204,180,MISO|fossil_gen|derived|m11|h15,454.186,239.783,192.226,284.831,31,False,True
MISO,fossil_gen,derived,12,15,665.387,617.341,718.935,186,MISO|fossil_gen|derived|m12|h15,481.423,183.964,136.346,236.111,32,False,True
MISO,fossil_gen,derived,1,16,702.521,675.547,744.546,155,MISO|fossil_gen|derived|m1|h16,505.616,196.905,163.499,243.946,27,False,True
MISO,fossil_gen,derived,2,16,731.393,660.050,793.326,142,MISO|fossil_gen|derived|m2|h16,465.295,266.099,185.430,332.864,24,False,True
MISO,fossil_gen,derived,3,16,713.787,670.860,753.508,155,MISO|fossil_gen|derived|m3|h16,424.685,289.103,246.632,327.934,26,False,True
MISO,fossil_gen,derived,4,16,662.885,619.582,712.224,150,MISO|fossil_gen|derived|m4|h16,401.843,261.042,211.173,315.585,25,False,True
MISO,fossil_gen,derived,5,16,711.413,661.016,770.691,155,MISO|fossil_gen|derived|m5|h16,449.974,261.440,207.478,327.227,27,False,True
MISO,fossil_gen,derived,6,16,714.671,671.450,757.732,148,MISO|fossil_gen|derived|m6|h16,493.622,221.049,167.750,271.496,25,False,True
MISO,fossil_gen,derived,7,16,677.715,628.169,735.624,185,MISO|fossil_gen|derived|m7|h16,537.913,139.803,86.867,199.408,31,False,True
MISO,fossil_gen,derived,8,16,685.516,614.451,742.045,186,MISO|fossil_gen|derived|m8|h16,532.711,152.804,75.108,220.186,32,False,True
MISO,fossil_gen,derived,9,16,703.736,657.966,753.102,180,MISO|fossil_gen|derived|m9|h16,501.204,202.532,150.713,258.386,32,False,True
MISO,fossil_gen,derived,10,16,609.159,563.421,675.243,186,MISO|fossil_gen|derived|m10|h16,463.922,145.237,98.833,205.428,32,False,True
MISO,fossil_gen,derived,11,16,677.054,635.141,717.622,180,MISO|fossil_gen|derived|m11|h16,459.796,217.257,173.627,258.271,31,False,True
MISO,fossil_gen,derived,12,16,656.108,598.622,732.172,186,MISO|fossil_gen|derived|m12|h16,483.092,173.016,122.000,243.289,32,False,True
MISO,fossil_gen,derived,1,17,721.218,646.843,802.975,155,MISO|fossil_gen|derived|m1|h17,507.091,214.127,139.939,293.361,27,False,True
MISO,fossil_gen,derived,2,17,763.294,700.768,828.162,142,MISO|fossil_gen|derived|m2|h17,471.808,291.486,226.097,356.518,24,False,True
MISO,fossil_gen,derived,3,17,698.697,644.844,759.047,155,MISO|fossil_gen|derived|m3|h17,430.114,268.583,225.116,318.457,26,False,True
MISO,fossil_gen,derived,4,17,662.019,622.335,706.980,150,MISO|fossil_gen|derived|m4|h17,405.352,256.667,214.947,300.542,25,False,True
MISO,fossil_gen,derived,5,17,701.240,648.224,752.225,155,MISO|fossil_gen|derived|m5|h17,452.477,248.763,187.165,307.345,27,False,True
MISO,fossil_gen,derived,6,17,707.796,657.795,751.178,148,MISO|fossil_gen|derived|m6|h17,496.158,211.637,155.964,261.936,25,False,True
MISO,fossil_gen,derived,7,17,666.360,614.588,712.949,185,MISO|fossil_gen|derived|m7|h17,540.843,125.517,67.814,179.282,31,False,True
MISO,fossil_gen,derived,8,17,677.547,640.152,711.991,186,MISO|fossil_gen|derived|m8|h17,535.858,141.689,96.011,186.047,32,False,True
MISO,fossil_gen,derived,9,17,687.648,656.229,719.502,180,MISO|fossil_gen|derived|m9|h17,507.301,180.347,140.970,219.578,32,False,True
MISO,fossil_gen,derived,10,17,655.095,621.637,677.935,186,MISO|fossil_gen|derived|m10|h17,475.080,180.015,140.327,210.545,32,False,True
MISO,fossil_gen,derived,11,17,730.484,689.361,775.166,180,MISO|fossil_gen|derived|m11|h17,464.447,266.037,225.141,307.641,31,False,True
MISO,fossil_gen,derived,12,17,715.513,668.288,761.429,186,MISO|fossil_gen|derived|m12|h17,485.664,229.849,186.382,273.770,32,False,True
MISO,fossil_gen,derived,1,18,704.156,645.476,755.700,155,MISO|fossil_gen|derived|m1|h18,508.478,195.677,136.278,246.351,27,False,True
MISO,fossil_gen,derived,2,18,801.702,735.152,861.123,142,MISO|fossil_gen|derived|m2|h18,477.058,324.644,246.175,391.218,24,False,True
MISO,fossil_gen,derived,3,18,701.781,661.803,751.720,155,MISO|fossil_gen|derived|m3|h18,436.964,264.817,230.494,306.043,26,False,True
MISO,fossil_gen,derived,4,18,639.381,608.502,677.684,150,MISO|fossil_gen|derived|m4|h18,410.819,228.562,190.150,271.115,25,False,True
MISO,fossil_gen,derived,5,18,658.545,613.878,706.765,155,MISO|fossil_gen|derived|m5|h18,457.421,201.124,151.281,257.022,27,False,True
MISO,fossil_gen,derived,6,18,699.197,637.961,754.319,149,MISO|fossil_gen|derived|m6|h18,500.941,198.256,126.894,258.139,25,False,True
MISO,fossil_gen,derived,7,18,644.201,593.078,683.386,185,MISO|fossil_gen|derived|m7|h18,547.420,96.782,41.624,139.778,31,False,True
MISO,fossil_gen,derived,8,18,631.436,559.669,689.118,186,MISO|fossil_gen|derived|m8|h18,543.571,87.864,10.538,153.878,32,False,True
MISO,fossil_gen,derived,9,18,656.908,599.710,706.829,180,MISO|fossil_gen|derived|m9|h18,517.823,139.085,76.564,195.772,32,False,True
MISO,fossil_gen,derived,10,18,695.432,661.296,732.958,186,MISO|fossil_gen|derived|m10|h18,485.810,209.622,168.316,254.085,32,False,True
MISO,fossil_gen,derived,11,18,699.764,671.880,733.615,180,MISO|fossil_gen|derived|m11|h18,462.184,237.580,208.337,273.408,31,False,True
MISO,fossil_gen,derived,12,18,725.270,682.728,766.414,184,MISO|fossil_gen|derived|m12|h18,484.358,240.912,195.414,283.582,32,False,True
MISO,fossil_gen,derived,1,19,696.798,641.708,748.065,155,MISO|fossil_gen|derived|m1|h19,507.088,189.711,137.754,242.732,27,False,True
MISO,fossil_gen,derived,2,19,752.516,697.184,808.474,142,MISO|fossil_gen|derived|m2|h19,474.734,277.782,208.398,344.900,24,False,True
MISO,fossil_gen,derived,3,19,739.932,717.705,763.649,155,MISO|fossil_gen|derived|m3|h19,440.535,299.397,272.897,323.069,26,False,True
MISO,fossil_gen,derived,4,19,704.267,656.079,739.297,150,MISO|fossil_gen|derived|m4|h19,418.209,286.058,231.460,327.992,25,False,True
MISO,fossil_gen,derived,5,19,676.766,626.626,717.851,155,MISO|fossil_gen|derived|m5|h19,463.913,212.853,154.542,260.180,27,False,True
MISO,fossil_gen,derived,6,19,665.653,597.633,727.017,150,MISO|fossil_gen|derived|m6|h19,510.088,155.565,78.706,224.744,26,False,True
MISO,fossil_gen,derived,7,19,597.619,532.506,660.731,185,MISO|fossil_gen|derived|m7|h19,556.625,40.994,-23.147,103.283,31,False,False
MISO,fossil_gen,derived,8,19,579.303,497.506,645.319,186,MISO|fossil_gen|derived|m8|h19,552.328,26.975,-57.931,98.112,32,False,False
MISO,fossil_gen,derived,9,19,626.168,591.149,664.400,180,MISO|fossil_gen|derived|m9|h19,521.130,105.037,66.304,145.818,32,False,True
MISO,fossil_gen,derived,10,19,656.339,619.870,698.254,186,MISO|fossil_gen|derived|m10|h19,484.274,172.065,131.774,216.230,32,False,True
MISO,fossil_gen,derived,11,19,703.337,658.681,746.295,180,MISO|fossil_gen|derived|m11|h19,458.028,245.309,202.374,288.296,31,False,True
MISO,fossil_gen,derived,12,19,727.478,682.575,779.149,184,MISO|fossil_gen|derived|m12|h19,481.249,246.228,197.859,298.981,32,False,True
MISO,fossil_gen,derived,1,20,730.608,693.065,778.480,155,MISO|fossil_gen|derived|m1|h20,503.550,227.058,187.625,275.264,27,False,True
MISO,fossil_gen,derived,2,20,741.235,699.758,778.471,142,MISO|fossil_gen|derived|m2|h20,470.240,270.995,212.410,325.564,24,False,True
MISO,fossil_gen,derived,3,20,754.965,724.323,785.697,155,MISO|fossil_gen|derived|m3|h20,439.610,315.356,277.012,354.475,26,False,True
MISO,fossil_gen,derived,4,20,703.943,652.845,750.570,150,MISO|fossil_gen|derived|m4|h20,423.389,280.554,217.844,337.096,25,False,True
MISO,fossil_gen,derived,5,20,695.420,645.124,739.117,155,MISO|fossil_gen|derived|m5|h20,467.018,228.402,173.798,275.578,27,False,True
MISO,fossil_gen,derived,6,20,647.656,582.617,719.142,151,MISO|fossil_gen|derived|m6|h20,514.672,132.984,57.174,211.136,26,False,True
MISO,fossil_gen,derived,7,20,617.181,538.629,698.245,185,MISO|fossil_gen|derived|m7|h20,560.332,56.849,-23.726,139.784,31,False,False
MISO,fossil_gen,derived,8,20,579.649,521.258,639.025,186,MISO|fossil_gen|derived|m8|h20,551.923,27.726,-33.375,91.528,32,False,False
MISO,fossil_gen,derived,9,20,581.844,548.897,622.446,180,MISO|fossil_gen|derived|m9|h20,513.841,68.003,33.542,110.064,32,False,True
MISO,fossil_gen,derived,10,20,624.426,581.672,675.098,186,MISO|fossil_gen|derived|m10|h20,476.699,147.727,98.761,202.294,32,False,True
MISO,fossil_gen,derived,11,20,700.916,657.305,745.111,180,MISO|fossil_gen|derived|m11|h20,453.096,247.820,205.764,292.000,31,False,True
MISO,fossil_gen,derived,12,20,687.518,632.459,760.084,184,MISO|fossil_gen|derived|m12|h20,478.052,209.465,150.089,284.561,32,False,True
MISO,fossil_gen,derived,1,21,731.971,698.053,774.645,155,MISO|fossil_gen|derived|m1|h21,497.631,234.340,201.107,274.252,27,False,True
MISO,fossil_gen,derived,2,21,700.131,645.308,749.298,142,MISO|fossil_gen|derived|m2|h21,463.847,236.284,164.853,303.219,24,False,True
MISO,fossil_gen,derived,3,21,700.538,661.524,737.364,155,MISO|fossil_gen|derived|m3|h21,432.205,268.334,225.562,307.948,26,False,True
MISO,fossil_gen,derived,4,21,664.806,632.586,698.241,150,MISO|fossil_gen|derived|m4|h21,419.200,245.606,207.855,283.299,25,False,True
MISO,fossil_gen,derived,5,21,621.486,572.758,671.768,155,MISO|fossil_gen|derived|m5|h21,461.063,160.423,106.377,216.525,27,False,True
MISO,fossil_gen,derived,6,21,623.480,578.535,664.611,151,MISO|fossil_gen|derived|m6|h21,510.353,113.127,60.468,161.090,26,False,True
MISO,fossil_gen,derived,7,21,597.581,530.799,677.759,185,MISO|fossil_gen|derived|m7|h21,556.388,41.192,-24.279,117.818,31,False,False
MISO,fossil_gen,derived,8,21,602.546,526.608,676.181,186,MISO|fossil_gen|derived|m8|h21,543.567,58.979,-21.322,137.708,32,False,False
MISO,fossil_gen,derived,9,21,608.937,554.297,666.832,180,MISO|fossil_gen|derived|m9|h21,501.453,107.484,53.686,165.150,32,False,True
MISO,fossil_gen,derived,10,21,650.872,604.785,696.056,186,MISO|fossil_gen|derived|m10|h21,466.943,183.929,128.361,231.809,32,False,True
MISO,fossil_gen,derived,11,21,719.055,671.784,763.010,180,MISO|fossil_gen|derived|m11|h21,447.034,272.021,222.097,318.561,31,False,True
MISO,fossil_gen,derived,12,21,688.203,639.382,737.566,184,MISO|fossil_gen|derived|m12|h21,473.637,214.566,164.911,264.944,32,False,True
MISO,fossil_gen,derived,1,22,747.011,698.303,793.561,155,MISO|fossil_gen|derived|m1|h22,490.099,256.912,210.041,300.430,27,False,True
MISO,fossil_gen,derived,2,22,771.945,710.802,823.091,142,MISO|fossil_gen|derived|m2|h22,455.673,316.272,259.236,364.625,24,False,True
MISO,fossil_gen,derived,3,22,700.609,649.237,743.552,155,MISO|fossil_gen|derived|m3|h22,422.871,277.738,220.210,327.924,26,False,True
MISO,fossil_gen,derived,4,22,645.104,612.502,675.892,150,MISO|fossil_gen|derived|m4|h22,409.686,235.417,193.785,272.554,25,False,True
MISO,fossil_gen,derived,5,22,631.390,572.124,675.115,155,MISO|fossil_gen|derived|m5|h22,447.707,183.683,118.420,231.516,27,False,True
MISO,fossil_gen,derived,6,22,568.488,491.538,650.044,151,MISO|fossil_gen|derived|m6|h22,499.495,68.993,-14.267,154.221,26,False,False
MISO,fossil_gen,derived,7,22,671.889,588.617,760.231,185,MISO|fossil_gen|derived|m7|h22,548.021,123.869,41.889,211.080,31,False,True
MISO,fossil_gen,derived,8,22,667.959,574.516,764.744,186,MISO|fossil_gen|derived|m8|h22,533.343,134.616,40.630,229.106,32,False,True
MISO,fossil_gen,derived,9,22,646.707,587.469,705.633,180,MISO|fossil_gen|derived|m9|h22,489.088,157.619,101.932,209.542,32,False,True
MISO,fossil_gen,derived,10,22,712.928,655.102,753.477,185,MISO|fossil_gen|derived|m10|h22,458.139,254.789,191.441,302.057,32,False,True
MISO,fossil_gen,derived,11,22,684.603,631.972,736.191,179,MISO|fossil_gen|derived|m11|h22,439.126,245.477,193.070,294.069,31,False,True
MISO,fossil_gen,derived,12,22,739.555,695.933,784.710,183,MISO|fossil_gen|derived|m12|h22,467.317,272.238,224.517,318.972,32,False,True
MISO,fossil_gen,derived,1,23,726.748,678.097,773.335,155,MISO|fossil_gen|derived|m1|h23,484.391,242.357,191.052,291.088,27,False,True
MISO,fossil_gen,derived,2,23,673.063,612.473,739.869,142,MISO|fossil_gen|derived|m2|h23,448.941,224.121,167.753,284.461,24,False,True
MISO,fossil_gen,derived,3,23,699.531,638.131,761.251,155,MISO|fossil_gen|derived|m3|h23,415.247,284.285,231.259,336.429,26,False,True
MISO,fossil_gen,derived,4,23,694.029,640.474,740.376,150,MISO|fossil_gen|derived|m4|h23,398.897,295.132,232.019,348.344,25,False,True
MISO,fossil_gen,derived,5,23,663.805,594.890,726.158,155,MISO|fossil_gen|derived|m5|h23,434.411,229.393,159.315,290.798,27,False,True
MISO,fossil_gen,derived,6,23,631.739,568.069,692.541,151,MISO|fossil_gen|derived|m6|h23,488.393,143.346,76.423,208.522,26,False,True
MISO,fossil_gen,derived,7,23,755.653,657.828,866.122,185,MISO|fossil_gen|derived|m7|h23,538.597,217.056,122.962,323.959,31,False,True
MISO,fossil_gen,derived,8,23,741.052,658.872,825.542,184,MISO|fossil_gen|derived|m8|h23,523.888,217.164,134.230,302.380,32,False,True
MISO,fossil_gen,derived,9,23,708.067,652.321,764.349,180,MISO|fossil_gen|derived|m9|h23,478.241,229.826,171.755,285.577,32,False,True
MISO,fossil_gen,derived,10,23,730.592,680.197,772.486,185,MISO|fossil_gen|derived|m10|h23,448.169,282.423,224.801,330.822,32,False,True
MISO,fossil_gen,derived,11,23,681.459,629.715,737.742,179,MISO|fossil_gen|derived|m11|h23,432.187,249.272,203.539,299.906,31,False,True
MISO,fossil_gen,derived,12,23,650.299,595.649,709.493,183,MISO|fossil_gen|derived|m12|h23,461.579,188.721,131.646,248.553,32,False,True
MISO,fossil_gen,eia,1,0,729.644,692.064,768.088,155,MISO|fossil_gen|eia|m1|h00,488.663,240.981,204.511,278.773,27,False,True
MISO,fossil_gen,eia,2,0,687.070,633.211,752.836,142,MISO|fossil_gen|eia|m2|h00,454.133,232.938,175.624,303.742,24,False,True
MISO,fossil_gen,eia,3,0,670.057,611.013,724.416,155,MISO|fossil_gen|eia|m3|h00,418.477,251.579,193.701,306.679,26,False,True
MISO,fossil_gen,eia,4,0,673.705,618.393,725.930,150,MISO|fossil_gen|eia|m4|h00,401.660,272.045,209.257,334.835,25,False,True
MISO,fossil_gen,eia,5,0,679.701,621.689,733.850,155,MISO|fossil_gen|eia|m5|h00,430.122,249.579,189.770,307.118,27,False,True
MISO,fossil_gen,eia,6,0,743.370,686.931,794.697,150,MISO|fossil_gen|eia|m6|h00,482.747,260.623,202.512,313.175,25,False,True
MISO,fossil_gen,eia,7,0,770.309,705.296,829.840,184,MISO|fossil_gen|eia|m7|h00,535.773,234.536,169.840,293.290,31,False,True
MISO,fossil_gen,eia,8,0,761.536,721.053,802.921,185,MISO|fossil_gen|eia|m8|h00,522.291,239.245,197.024,282.424,32,False,True
MISO,fossil_gen,eia,9,0,729.656,688.305,768.387,179,MISO|fossil_gen|eia|m9|h00,475.386,254.271,211.910,291.691,32,False,True
MISO,fossil_gen,eia,10,0,690.532,660.655,721.250,185,MISO|fossil_gen|eia|m10|h00,447.178,243.354,205.531,282.172,32,False,True
MISO,fossil_gen,eia,11,0,687.238,621.485,745.087,180,MISO|fossil_gen|eia|m11|h00,433.453,253.785,191.567,307.757,31,False,True
MISO,fossil_gen,eia,12,0,712.458,676.208,754.129,186,MISO|fossil_gen|eia|m12|h00,463.925,248.533,206.218,290.819,32,False,True
MISO,fossil_gen,eia,1,1,772.085,733.449,814.388,155,MISO|fossil_gen|eia|m1|h01,485.217,286.868,251.557,324.279,27,False,True
MISO,fossil_gen,eia,2,1,735.102,666.816,805.086,142,MISO|fossil_gen|eia|m2|h01,451.552,283.550,208.440,356.912,24,False,True
MISO,fossil_gen,eia,3,1,666.093,609.501,722.193,155,MISO|fossil_gen|eia|m3|h01,414.280,251.813,200.947,304.869,26,False,True
MISO,fossil_gen,eia,4,1,658.135,603.707,706.879,150,MISO|fossil_gen|eia|m4|h01,394.265,263.869,211.151,312.617,25,False,True
MISO,fossil_gen,eia,5,1,607.652,553.645,670.729,155,MISO|fossil_gen|eia|m5|h01,420.291,187.361,124.962,256.398,27,False,True
MISO,fossil_gen,eia,6,1,757.631,703.008,803.752,150,MISO|fossil_gen|eia|m6|h01,469.317,288.315,229.855,335.934,25,False,True
MISO,fossil_gen,eia,7,1,783.151,724.501,837.742,185,MISO|fossil_gen|eia|m7|h01,522.390,260.760,201.044,321.854,31,False,True
MISO,fossil_gen,eia,8,1,773.447,714.085,827.025,186,MISO|fossil_gen|eia|m8|h01,509.384,264.063,201.666,318.602,32,False,True
MISO,fossil_gen,eia,9,1,757.643,660.679,838.129,180,MISO|fossil_gen|eia|m9|h01,462.856,294.787,200.941,372.418,32,False,True
MISO,fossil_gen,eia,10,1,728.477,689.769,760.396,186,MISO|fossil_gen|eia|m10|h01,439.585,288.892,253.360,322.048,32,False,True
MISO,fossil_gen,eia,11,1,694.675,655.938,736.920,186,MISO|fossil_gen|eia|m11|h01,427.852,266.823,230.920,303.900,31,False,True
MISO,fossil_gen,eia,12,1,732.254,687.658,785.033,186,MISO|fossil_gen|eia|m12|h01,459.775,272.479,233.761,321.166,32,False,True
MISO,fossil_gen,eia,1,2,765.697,736.749,792.774,155,MISO|fossil_gen|eia|m1|h02,484.110,281.587,255.558,306.124,27,False,True
MISO,fossil_gen,eia,2,2,692.344,653.862,733.450,142,MISO|fossil_gen|eia|m2|h02,452.208,240.136,191.180,288.392,24,False,True
MISO,fossil_gen,eia,3,2,707.027,640.226,760.641,150,MISO|fossil_gen|eia|m3|h02,414.189,292.838,233.631,342.906,26,False,True
MISO,fossil_gen,eia,4,2,651.531,608.079,695.451,150,MISO|fossil_gen|eia|m4|h02,391.340,260.191,220.560,304.636,25,False,True
MISO,fossil_gen,eia,5,2,645.820,602.021,684.140,155,MISO|fossil_gen|eia|m5|h02,415.455,230.366,182.959,270.650,27,False,True
MISO,fossil_gen,eia,6,2,742.594,673.467,796.936,150,MISO|fossil_gen|eia|m6|h02,462.323,280.271,209.797,336.121,25,False,True
MISO,fossil_gen,eia,7,2,739.632,668.925,822.518,185,MISO|fossil_gen|eia|m7|h02,513.567,226.065,156.116,312.459,31,False,True
MISO,fossil_gen,eia,8,2,764.504,707.361,816.732,186,MISO|fossil_gen|eia|m8|h02,501.815,262.689,206.391,314.565,32,False,True
MISO,fossil_gen,eia,9,2,756.890,703.248,808.924,180,MISO|fossil_gen|eia|m9|h02,456.756,300.134,253.244,346.082,32,False,True
MISO,fossil_gen,eia,10,2,761.065,721.523,797.892,186,MISO|fossil_gen|eia|m10|h02,436.346,324.719,284.722,362.304,32,False,True
MISO,fossil_gen,eia,11,2,683.471,649.059,723.342,180,MISO|fossil_gen|eia|m11|h02,428.496,254.976,223.778,291.134,31,False,True
MISO,fossil_gen,eia,12,2,719.815,687.169,752.832,186,MISO|fossil_gen|eia|m12|h02,458.390,261.425,227.171,295.212,32,False,True
MISO,fossil_gen,eia,1,3,735.849,709.048,761.286,155,MISO|fossil_gen|eia|m1|h03,485.200,250.649,221.372,278.431,27,False,True
MISO,fossil_gen,eia,2,3,695.106,653.106,732.160,142,MISO|fossil_gen|eia|m2|h03,454.540,240.566,201.503,275.988,24,False,True
MISO,fossil_gen,eia,3,3,669.669,622.467,716.283,155,MISO|fossil_gen|eia|m3|h03,416.217,253.452,210.215,297.962,26,False,True
MISO,fossil_gen,eia,4,3,684.610,623.067,735.149,150,MISO|fossil_gen|eia|m4|h03,391.188,293.422,232.536,338.582,25,False,True
MISO,fossil_gen,eia,5,3,642.359,585.692,702.636,155,MISO|fossil_gen|eia|m5|h03,415.574,226.785,166.015,288.137,27,False,True
MISO,fossil_gen,eia,6,3,632.474,585.372,683.437,150,MISO|fossil_gen|eia|m6|h03,460.228,172.246,126.382,218.908,25,False,True
MISO,fossil_gen,eia,7,3,726.536,688.542,765.280,185,MISO|fossil_gen|eia|m7|h03,509.238,217.298,178.440,255.152,31,False,True
MISO,fossil_gen,eia,8,3,733.266,699.693,769.643,186,MISO|fossil_gen|eia|m8|h03,499.040,234.226,203.484,266.719,32,False,True
MISO,fossil_gen,eia,9,3,677.762,636.932,723.329,180,MISO|fossil_gen|eia|m9|h03,455.330,222.432,186.814,261.638,32,False,True
MISO,fossil_gen,eia,10,3,694.475,654.919,733.195,186,MISO|fossil_gen|eia|m10|h03,437.311,257.164,217.313,296.950,32,False,True
MISO,fossil_gen,eia,11,3,672.039,634.870,707.878,180,MISO|fossil_gen|eia|m11|h03,430.301,241.738,209.369,274.248,31,False,True
MISO,fossil_gen,eia,12,3,721.400,693.017,751.317,186,MISO|fossil_gen|eia|m12|h03,459.305,262.094,235.324,289.683,32,False,True
MISO,fossil_gen,eia,1,4,693.379,650.652,728.181,155,MISO|fossil_gen|eia|m1|h04,489.369,204.011,161.299,238.501,27,False,True
MISO,fossil_gen,eia,2,4,700.312,633.540,766.807,142,MISO|fossil_gen|eia|m2|h04,459.591,240.721,173.529,302.827,24,False,True
MISO,fossil_gen,eia,3,4,655.280,608.412,698.085,155,MISO|fossil_gen|eia|m3|h04,421.955,233.325,186.414,276.177,26,False,True
MISO,fossil_gen,eia,4,4,629.994,601.572,658.052,150,MISO|fossil_gen|eia|m4|h04,395.935,234.059,200.880,262.425,25,False,True
MISO,fossil_gen,eia,5,4,639.085,605.073,673.382,155,MISO|fossil_gen|eia|m5|h04,421.651,217.435,185.430,248.601,27,False,True
MISO,fossil_gen,eia,6,4,683.250,630.304,730.538,150,MISO|fossil_gen|eia|m6|h04,462.874,220.376,169.944,262.344,25,False,True
MISO,fossil_gen,eia,7,4,712.097,682.497,741.907,185,MISO|fossil_gen|eia|m7|h04,510.785,201.312,169.754,232.407,31,False,True
MISO,fossil_gen,eia,8,4,711.276,670.862,750.427,186,MISO|fossil_gen|eia|m8|h04,501.681,209.595,168.662,247.388,32,False,True
MISO,fossil_gen,eia,9,4,720.727,689.228,754.852,180,MISO|fossil_gen|eia|m9|h04,460.268,260.459,230.789,290.912,32,False,True
MISO,fossil_gen,eia,10,4,662.512,634.310,686.565,186,MISO|fossil_gen|eia|m10|h04,442.313,220.199,189.633,247.335,32,False,True
MISO,fossil_gen,eia,11,4,632.028,597.303,670.808,180,MISO|fossil_gen|eia|m11|h04,435.094,196.935,166.253,231.993,31,False,True
MISO,fossil_gen,eia,12,4,671.279,629.471,712.504,186,MISO|fossil_gen|eia|m12|h04,463.137,208.141,170.459,246.196,32,False,True
MISO,fossil_gen,eia,1,5,678.597,649.317,700.856,155,MISO|fossil_gen|eia|m1|h05,496.162,182.435,150.044,209.013,27,False,True
MISO,fossil_gen,eia,2,5,715.621,679.937,744.644,142,MISO|fossil_gen|eia|m2|h05,466.571,249.050,205.482,288.033,24,False,True
MISO,fossil_gen,eia,3,5,636.044,609.399,664.969,155,MISO|fossil_gen|eia|m3|h05,430.187,205.857,177.921,233.715,26,False,True
MISO,fossil_gen,eia,4,5,625.811,595.911,655.417,150,MISO|fossil_gen|eia|m4|h05,404.542,221.269,183.531,255.864,25,False,True
MISO,fossil_gen,eia,5,5,672.342,630.319,709.397,155,MISO|fossil_gen|eia|m5|h05,432.160,240.182,197.566,276.364,27,False,True
MISO,fossil_gen,eia,6,5,674.316,634.887,710.510,150,MISO|fossil_gen|eia|m6|h05,469.565,204.751,166.760,237.775,25,False,True
MISO,fossil_gen,eia,7,5,745.506,713.768,774.088,185,MISO|fossil_gen|eia|m7|h05,517.628,227.879,197.972,255.340,31,False,True
MISO,fossil_gen,eia,8,5,724.476,691.318,756.613,185,MISO|fossil_gen|eia|m8|h05,510.085,214.391,175.310,251.372,32,False,True
MISO,fossil_gen,eia,9,5,718.438,681.336,750.237,180,MISO|fossil_gen|eia|m9|h05,471.950,246.489,209.740,277.841,32,False,True
MISO,fossil_gen,eia,10,5,641.518,614.509,667.345,186,MISO|fossil_gen|eia|m10|h05,452.023,189.494,159.256,217.325,32,False,True
MISO,fossil_gen,eia,11,5,618.814,587.828,650.037,180,MISO|fossil_gen|eia|m11|h05,442.061,176.753,147.095,207.309,31,False,True
MISO,fossil_gen,eia,12,5,677.235,637.933,711.927,186,MISO|fossil_gen|eia|m12|h05,469.629,207.606,174.775,238.502,32,False,True
MISO,fossil_gen,eia,1,6,720.540,691.042,749.890,155,MISO|fossil_gen|eia|m1|h06,502.417,218.124,185.109,249.867,27,False,True
MISO,fossil_gen,eia,2,6,759.331,725.802,785.968,142,MISO|fossil_gen|eia|m2|h06,474.510,284.821,236.505,323.262,24,False,True
MISO,fossil_gen,eia,3,6,711.729,684.296,740.054,155,MISO|fossil_gen|eia|m3|h06,438.609,273.120,242.214,303.969,26,False,True
MISO,fossil_gen,eia,4,6,645.034,617.420,672.279,150,MISO|fossil_gen|eia|m4|h06,412.503,232.531,198.250,267.459,25,False,True
MISO,fossil_gen,eia,5,6,672.495,636.797,710.431,155,MISO|fossil_gen|eia|m5|h06,440.778,231.717,190.873,269.755,27,False,True
MISO,fossil_gen,eia,6,6,688.333,649.746,721.625,150,MISO|fossil_gen|eia|m6|h06,475.863,212.469,177.798,242.636,25,False,True
MISO,fossil_gen,eia,7,6,745.461,713.031,772.657,185,MISO|fossil_gen|eia|m7|h06,524.966,220.495,186.801,252.395,31,False,True
MISO,fossil_gen,eia,8,6,762.714,740.978,785.243,185,MISO|fossil_gen|eia|m8|h06,519.146,243.568,218.421,268.315,32,False,True
MISO,fossil_gen,eia,9,6,761.837,732.556,791.008,180,MISO|fossil_gen|eia|m9|h06,486.203,275.634,245.595,303.778,32,False,True
MISO,fossil_gen,eia,10,6,702.270,664.830,737.454,186,MISO|fossil_gen|eia|m10|h06,464.206,238.064,197.860,275.119,32,False,True
MISO,fossil_gen,eia,11,6,698.483,664.111,726.433,180,MISO|fossil_gen|eia|m11|h06,452.037,246.447,214.198,273.946,31,False,True
MISO,fossil_gen,eia,12,6,697.409,661.585,734.408,186,MISO|fossil_gen|eia|m12|h06,476.401,221.008,190.010,254.267,32,False,True
MISO,fossil_gen,eia,1,7,767.074,709.467,822.676,155,MISO|fossil_gen|eia|m1|h07,511.045,256.029,199.058,308.622,27,False,True
MISO,fossil_gen,eia,2,7,728.425,684.251,780.021,142,MISO|fossil_gen|eia|m2|h07,480.710,247.715,183.805,313.505,24,False,True
MISO,fossil_gen,eia,3,7,756.815,723.730,787.935,155,MISO|fossil_gen|eia|m3|h07,445.902,310.913,278.807,344.858,26,False,True
MISO,fossil_gen,eia,4,7,689.026,649.764,731.373,150,MISO|fossil_gen|eia|m4|h07,417.452,271.574,225.467,319.618,25,False,True
MISO,fossil_gen,eia,5,7,707.810,643.366,771.354,155,MISO|fossil_gen|eia|m5|h07,448.578,259.232,193.956,323.235,27,False,True
MISO,fossil_gen,eia,6,7,690.710,639.762,738.918,150,MISO|fossil_gen|eia|m6|h07,486.218,204.493,151.268,254.098,25,False,True
MISO,fossil_gen,eia,7,7,770.472,716.062,826.809,185,MISO|fossil_gen|eia|m7|h07,534.915,235.558,179.415,292.971,31,False,True
MISO,fossil_gen,eia,8,7,729.072,698.498,773.228,186,MISO|fossil_gen|eia|m8|h07,524.920,204.152,174.761,246.867,32,False,True
MISO,fossil_gen,eia,9,7,789.016,759.110,817.065,180,MISO|fossil_gen|eia|m9|h07,493.277,295.739,261.368,328.128,32,False,True
MISO,fossil_gen,eia,10,7,752.643,709.181,795.850,186,MISO|fossil_gen|eia|m10|h07,475.082,277.561,228.773,323.846,32,False,True
MISO,fossil_gen,eia,11,7,729.538,697.472,759.901,180,MISO|fossil_gen|eia|m11|h07,460.200,269.338,233.984,302.119,31,False,True
MISO,fossil_gen,eia,12,7,729.872,679.588,776.287,186,MISO|fossil_gen|eia|m12|h07,484.628,245.245,191.524,292.237,32,False,True
MISO,fossil_gen,eia,1,8,709.846,674.607,744.798,155,MISO|fossil_gen|eia|m1|h08,514.828,195.018,155.347,232.545,27,False,True
MISO,fossil_gen,eia,2,8,728.538,683.160,758.201,142,MISO|fossil_gen|eia|m2|h08,479.531,249.007,185.168,295.380,24,False,True
MISO,fossil_gen,eia,3,8,699.258,671.424,730.400,155,MISO|fossil_gen|eia|m3|h08,447.526,251.732,220.717,288.071,26,False,True
MISO,fossil_gen,eia,4,8,682.644,655.537,709.673,150,MISO|fossil_gen|eia|m4|h08,421.156,261.488,225.415,296.712,25,False,True
MISO,fossil_gen,eia,5,8,624.854,576.333,676.377,155,MISO|fossil_gen|eia|m5|h08,457.553,167.301,115.770,219.622,27,False,True
MISO,fossil_gen,eia,6,8,708.434,666.039,749.370,150,MISO|fossil_gen|eia|m6|h08,499.412,209.022,163.991,254.064,25,False,True
MISO,fossil_gen,eia,7,8,786.372,729.319,836.102,185,MISO|fossil_gen|eia|m7|h08,548.767,237.605,183.195,287.740,31,False,True
MISO,fossil_gen,eia,8,8,748.812,703.053,794.571,186,MISO|fossil_gen|eia|m8|h08,535.657,213.155,168.002,255.798,32,False,True
MISO,fossil_gen,eia,9,8,706.143,653.817,747.878,180,MISO|fossil_gen|eia|m9|h08,498.724,207.419,157.753,246.730,32,False,True
MISO,fossil_gen,eia,10,8,693.632,664.043,715.111,186,MISO|fossil_gen|eia|m10|h08,475.084,218.549,178.651,250.098,32,False,True
MISO,fossil_gen,eia,11,8,688.167,653.697,722.352,180,MISO|fossil_gen|eia|m11|h08,461.544,226.623,190.510,260.363,31,False,True
MISO,fossil_gen,eia,12,8,672.013,622.213,728.848,186,MISO|fossil_gen|eia|m12|h08,487.582,184.431,137.627,240.604,32,False,True
MISO,fossil_gen,eia,1,9,691.414,644.903,735.139,155,MISO|fossil_gen|eia|m1|h09,516.741,174.673,125.645,220.480,27,False,True
MISO,fossil_gen,eia,2,9,746.600,706.503,781.192,142,MISO|fossil_gen|eia|m2|h09,481.162,265.438,205.838,321.274,24,False,True
MISO,fossil_gen,eia,3,9,714.964,688.744,743.697,155,MISO|fossil_gen|eia|m3|h09,449.242,265.722,234.924,298.714,26,False,True
MISO,fossil_gen,eia,4,9,687.636,650.085,726.455,150,MISO|fossil_gen|eia|m4|h09,423.351,264.285,216.058,309.753,25,False,True
MISO,fossil_gen,eia,5,9,662.871,609.680,708.075,155,MISO|fossil_gen|eia|m5|h09,461.281,201.591,144.706,253.957,27,False,True
MISO,fossil_gen,eia,6,9,682.781,614.819,742.434,150,MISO|fossil_gen|eia|m6|h09,505.281,177.500,114.449,235.261,25,False,True
MISO,fossil_gen,eia,7,9,765.387,702.688,818.819,185,MISO|fossil_gen|eia|m7|h09,557.245,208.143,147.910,260.511,31,False,True
MISO,fossil_gen,eia,8,9,665.956,595.173,722.843,186,MISO|fossil_gen|eia|m8|h09,546.652,119.304,44.875,179.532,32,False,True
MISO,fossil_gen,eia,9,9,698.607,643.374,758.337,180,MISO|fossil_gen|eia|m9|h09,512.662,185.945,133.463,244.551,32,False,True
MISO,fossil_gen,eia,10,9,713.294,681.311,739.022,186,MISO|fossil_gen|eia|m10|h09,477.690,235.604,189.672,272.617,32,False,True
MISO,fossil_gen,eia,11,9,719.427,670.412,767.324,180,MISO|fossil_gen|eia|m11|h09,465.096,254.330,202.901,306.447,31,False,True
MISO,fossil_gen,eia,12,9,694.232,645.044,750.489,186,MISO|fossil_gen|eia|m12|h09,489.732,204.500,155.497,261.072,32,False,True
MISO,fossil_gen,eia,1,10,682.464,652.950,713.194,155,MISO|fossil_gen|eia|m1|h10,519.783,162.680,127.794,197.052,27,False,True
MISO,fossil_gen,eia,2,10,690.074,659.285,723.541,142,MISO|fossil_gen|eia|m2|h10,483.408,206.667,158.814,256.007,24,False,True
MISO,fossil_gen,eia,3,10,724.571,688.558,761.219,155,MISO|fossil_gen|eia|m3|h10,449.740,274.831,233.574,318.140,26,False,True
MISO,fossil_gen,eia,4,10,692.365,654.000,724.232,150,MISO|fossil_gen|eia|m4|h10,420.478,271.887,221.804,314.993,25,False,True
MISO,fossil_gen,eia,5,10,658.938,608.885,709.541,155,MISO|fossil_gen|eia|m5|h10,461.100,197.838,140.769,255.055,27,False,True
MISO,fossil_gen,eia,6,10,681.464,639.123,731.551,150,MISO|fossil_gen|eia|m6|h10,506.505,174.959,128.916,228.820,25,False,True
MISO,fossil_gen,eia,7,10,685.624,620.683,745.512,185,MISO|fossil_gen|eia|m7|h10,557.935,127.689,61.977,189.127,31,False,True
MISO,fossil_gen,eia,8,10,654.649,601.529,708.794,186,MISO|fossil_gen|eia|m8|h10,550.168,104.481,41.564,164.943,32,False,True
MISO,fossil_gen,eia,9,10,703.970,670.712,731.698,180,MISO|fossil_gen|eia|m9|h10,520.203,183.767,144.770,217.499,32,False,True
MISO,fossil_gen,eia,10,10,645.499,614.969,681.964,186,MISO|fossil_gen|eia|m10|h10,481.366,164.134,121.469,214.607,32,False,True
MISO,fossil_gen,eia,11,10,677.147,644.731,716.062,180,MISO|fossil_gen|eia|m11|h10,469.074,208.073,169.627,249.385,31,False,True
MISO,fossil_gen,eia,12,10,715.376,686.852,748.880,186,MISO|fossil_gen|eia|m12|h10,493.068,222.308,195.250,254.403,32,False,True
MISO,fossil_gen,eia,1,11,716.912,662.035,771.348,155,MISO|fossil_gen|eia|m1|h11,520.736,196.176,136.024,254.659,27,False,True
MISO,fossil_gen,eia,2,11,677.818,645.886,709.719,142,MISO|fossil_gen|eia|m2|h11,482.472,195.346,146.400,242.522,24,False,True
MISO,fossil_gen,eia,3,11,702.389,673.693,730.215,155,MISO|fossil_gen|eia|m3|h11,446.896,255.492,219.531,291.343,26,False,True
MISO,fossil_gen,eia,4,11,677.088,634.434,721.091,150,MISO|fossil_gen|eia|m4|h11,418.423,258.664,198.562,317.281,25,False,True
MISO,fossil_gen,eia,5,11,639.743,593.812,694.646,155,MISO|fossil_gen|eia|m5|h11,460.135,179.607,127.056,241.274,27,False,True
MISO,fossil_gen,eia,6,11,610.042,574.213,659.235,150,MISO|fossil_gen|eia|m6|h11,506.555,103.488,60.254,155.228,25,False,True
MISO,fossil_gen,eia,7,11,654.498,601.259,710.173,185,MISO|fossil_gen|eia|m7|h11,555.927,98.571,43.061,151.713,31,False,True
MISO,fossil_gen,eia,8,11,641.284,588.430,690.011,186,MISO|fossil_gen|eia|m8|h11,548.707,92.576,37.365,142.585,32,False,True
MISO,fossil_gen,eia,9,11,673.766,644.215,705.428,180,MISO|fossil_gen|eia|m9|h11,519.847,153.919,123.038,186.695,32,False,True
MISO,fossil_gen,eia,10,11,670.222,637.978,705.479,186,MISO|fossil_gen|eia|m10|h11,479.367,190.855,145.008,239.884,32,False,True
MISO,fossil_gen,eia,11,11,666.031,634.231,696.178,180,MISO|fossil_gen|eia|m11|h11,468.500,197.531,165.673,233.508,31,False,True
MISO,fossil_gen,eia,12,11,704.111,662.617,742.417,186,MISO|fossil_gen|eia|m12|h11,493.703,210.409,166.065,251.021,32,False,True
MISO,fossil_gen,eia,1,12,714.625,661.096,777.526,155,MISO|fossil_gen|eia|m1|h12,519.374,195.251,138.280,261.574,27,False,True
MISO,fossil_gen,eia,2,12,712.236,672.878,749.259,142,MISO|fossil_gen|eia|m2|h12,478.411,233.825,181.827,286.097,24,False,True
MISO,fossil_gen,eia,3,12,698.768,672.999,725.224,155,MISO|fossil_gen|eia|m3|h12,443.705,255.063,223.640,289.009,26,False,True
MISO,fossil_gen,eia,4,12,647.938,611.173,686.779,150,MISO|fossil_gen|eia|m4|h12,417.236,230.702,181.359,280.479,25,False,True
MISO,fossil_gen,eia,5,12,642.709,608.423,680.837,155,MISO|fossil_gen|eia|m5|h12,459.391,183.318,140.694,229.687,27,False,True
MISO,fossil_gen,eia,6,12,630.873,566.826,697.963,150,MISO|fossil_gen|eia|m6|h12,506.198,124.675,49.308,202.501,25,False,True
MISO,fossil_gen,eia,7,12,666.098,592.664,726.655,185,MISO|fossil_gen|eia|m7|h12,553.173,112.924,33.440,174.898,31,False,True
MISO,fossil_gen,eia,8,12,654.926,603.195,704.461,186,MISO|fossil_gen|eia|m8|h12,545.549,109.377,49.970,164.288,32,False,True
MISO,fossil_gen,eia,9,12,672.853,633.352,713.278,180,MISO|fossil_gen|eia|m9|h12,516.684,156.169,113.646,198.036,32,False,True
MISO,fossil_gen,eia,10,12,660.587,635.217,688.056,186,MISO|fossil_gen|eia|m10|h12,477.193,183.394,147.332,220.157,32,False,True
MISO,fossil_gen,eia,11,12,694.344,654.261,733.095,179,MISO|fossil_gen|eia|m11|h12,464.906,229.438,188.717,270.077,31,False,True
MISO,fossil_gen,eia,12,12,693.518,645.560,737.119,186,MISO|fossil_gen|eia|m12|h12,491.565,201.953,150.510,248.241,32,False,True
MISO,fossil_gen,eia,1,13,702.488,659.506,753.576,155,MISO|fossil_gen|eia|m1|h13,517.575,184.912,135.644,240.904,27,False,True
MISO,fossil_gen,eia,2,13,705.102,662.014,743.699,142,MISO|fossil_gen|eia|m2|h13,473.012,232.090,181.295,278.729,24,False,True
MISO,fossil_gen,eia,3,13,689.025,645.935,736.835,155,MISO|fossil_gen|eia|m3|h13,440.580,248.445,208.296,294.842,26,False,True
MISO,fossil_gen,eia,4,13,673.494,623.886,724.303,150,MISO|fossil_gen|eia|m4|h13,415.318,258.176,203.223,310.392,25,False,True
MISO,fossil_gen,eia,5,13,656.297,625.471,691.013,155,MISO|fossil_gen|eia|m5|h13,459.072,197.224,159.329,239.403,27,False,True
MISO,fossil_gen,eia,6,13,634.790,566.061,701.477,150,MISO|fossil_gen|eia|m6|h13,505.120,129.670,50.843,204.673,25,False,True
MISO,fossil_gen,eia,7,13,660.260,608.333,710.194,185,MISO|fossil_gen|eia|m7|h13,550.472,109.788,55.068,163.935,31,False,True
MISO,fossil_gen,eia,8,13,671.839,614.173,718.292,186,MISO|fossil_gen|eia|m8|h13,543.226,128.613,65.563,182.322,32,False,True
MISO,fossil_gen,eia,9,13,631.860,594.716,671.466,180,MISO|fossil_gen|eia|m9|h13,512.874,118.986,77.546,161.831,32,False,True
MISO,fossil_gen,eia,10,13,658.405,625.609,694.299,186,MISO|fossil_gen|eia|m10|h13,474.234,184.171,140.213,232.828,32,False,True
MISO,fossil_gen,eia,11,13,720.264,688.388,754.622,179,MISO|fossil_gen|eia|m11|h13,461.300,258.964,227.437,293.898,31,False,True
MISO,fossil_gen,eia,12,13,713.956,669.319,757.982,186,MISO|fossil_gen|eia|m12|h13,489.142,224.815,176.662,270.565,32,False,True
MISO,fossil_gen,eia,1,14,764.035,734.457,794.390,155,MISO|fossil_gen|eia|m1|h14,515.240,248.795,211.210,286.284,27,False,True
MISO,fossil_gen,eia,2,14,742.914,681.886,790.199,142,MISO|fossil_gen|eia|m2|h14,468.624,274.290,194.769,335.446,24,False,True
MISO,fossil_gen,eia,3,14,664.598,600.362,725.275,155,MISO|fossil_gen|eia|m3|h14,436.363,228.236,170.253,282.461,26,False,True
MISO,fossil_gen,eia,4,14,669.248,615.795,709.773,150,MISO|fossil_gen|eia|m4|h14,413.101,256.147,191.123,308.594,25,False,True
MISO,fossil_gen,eia,5,14,709.663,670.442,747.373,155,MISO|fossil_gen|eia|m5|h14,459.570,250.093,204.730,292.616,27,False,True
MISO,fossil_gen,eia,6,14,631.228,577.315,695.594,149,MISO|fossil_gen|eia|m6|h14,503.621,127.607,63.197,201.496,25,False,True
MISO,fossil_gen,eia,7,14,661.767,630.183,698.750,185,MISO|fossil_gen|eia|m7|h14,548.328,113.439,77.245,152.639,31,False,True
MISO,fossil_gen,eia,8,14,664.588,610.350,720.883,186,MISO|fossil_gen|eia|m8|h14,541.827,122.761,61.453,185.338,32,False,True
MISO,fossil_gen,eia,9,14,666.775,619.644,715.925,180,MISO|fossil_gen|eia|m9|h14,510.129,156.646,106.886,206.991,32,False,True
MISO,fossil_gen,eia,10,14,677.184,650.678,703.221,186,MISO|fossil_gen|eia|m10|h14,471.524,205.660,172.474,239.183,32,False,True
MISO,fossil_gen,eia,11,14,723.747,683.058,761.484,180,MISO|fossil_gen|eia|m11|h14,459.794,263.952,225.305,300.600,31,False,True
MISO,fossil_gen,eia,12,14,724.073,684.680,764.355,186,MISO|fossil_gen|eia|m12|h14,487.877,236.195,195.620,279.121,32,False,True
MISO,fossil_gen,eia,1,15,742.176,692.939,788.803,155,MISO|fossil_gen|eia|m1|h15,515.374,226.802,180.228,272.745,27,False,True
MISO,fossil_gen,eia,2,15,732.766,687.598,774.981,142,MISO|fossil_gen|eia|m2|h15,468.505,264.261,211.681,311.527,24,False,True
MISO,fossil_gen,eia,3,15,703.561,663.909,742.884,155,MISO|fossil_gen|eia|m3|h15,433.430,270.131,231.985,305.031,26,False,True
MISO,fossil_gen,eia,4,15,644.367,608.939,691.568,150,MISO|fossil_gen|eia|m4|h15,411.838,232.529,187.314,284.385,25,False,True
MISO,fossil_gen,eia,5,15,717.096,674.679,762.210,155,MISO|fossil_gen|eia|m5|h15,459.142,257.955,207.807,310.915,27,False,True
MISO,fossil_gen,eia,6,15,694.508,643.263,744.652,149,MISO|fossil_gen|eia|m6|h15,503.228,191.280,129.115,249.672,25,False,True
MISO,fossil_gen,eia,7,15,657.392,608.861,705.299,185,MISO|fossil_gen|eia|m7|h15,546.918,110.474,56.761,162.558,31,False,True
MISO,fossil_gen,eia,8,15,672.628,610.460,726.285,186,MISO|fossil_gen|eia|m8|h15,540.996,131.632,59.417,193.692,32,False,True
MISO,fossil_gen,eia,9,15,704.988,669.274,744.800,180,MISO|fossil_gen|eia|m9|h15,508.561,196.427,156.975,241.246,32,False,True
MISO,fossil_gen,eia,10,15,649.685,615.463,689.458,186,MISO|fossil_gen|eia|m10|h15,470.410,179.275,139.650,226.098,32,False,True
MISO,fossil_gen,eia,11,15,702.753,651.484,749.420,180,MISO|fossil_gen|eia|m11|h15,463.541,239.212,190.126,284.552,31,False,True
MISO,fossil_gen,eia,12,15,676.884,624.615,728.360,186,MISO|fossil_gen|eia|m12|h15,491.106,185.777,136.131,235.932,32,False,True
MISO,fossil_gen,eia,1,16,713.334,687.033,753.799,155,MISO|fossil_gen|eia|m1|h16,515.808,197.526,162.848,244.456,27,False,True
MISO,fossil_gen,eia,2,16,741.990,677.422,801.412,142,MISO|fossil_gen|eia|m2|h16,475.318,266.672,190.269,333.397,24,False,True
MISO,fossil_gen,eia,3,16,721.489,681.065,760.897,155,MISO|fossil_gen|eia|m3|h16,435.521,285.969,245.682,325.275,26,False,True
MISO,fossil_gen,eia,4,16,673.589,631.846,720.534,150,MISO|fossil_gen|eia|m4|h16,413.092,260.497,212.738,312.495,25,False,True
MISO,fossil_gen,eia,5,16,723.193,672.602,780.291,155,MISO|fossil_gen|eia|m5|h16,460.924,262.269,206.921,324.370,27,False,True
MISO,fossil_gen,eia,6,16,727.260,684.164,767.513,148,MISO|fossil_gen|eia|m6|h16,504.241,223.019,168.827,271.637,25,False,True
MISO,fossil_gen,eia,7,16,686.170,637.168,740.801,185,MISO|fossil_gen|eia|m7|h16,547.830,138.340,84.177,196.733,31,False,True
MISO,fossil_gen,eia,8,16,698.798,625.359,753.047,186,MISO|fossil_gen|eia|m8|h16,542.050,156.749,75.801,221.637,32,False,True
MISO,fossil_gen,eia,9,16,712.585,667.398,761.283,180,MISO|fossil_gen|eia|m9|h16,509.996,202.588,152.392,256.307,32,False,True
MISO,fossil_gen,eia,10,16,619.867,573.981,682.715,186,MISO|fossil_gen|eia|m10|h16,473.268,146.599,101.193,203.222,32,False,True
MISO,fossil_gen,eia,11,16,684.296,643.973,724.998,180,MISO|fossil_gen|eia|m11|h16,469.212,215.083,171.527,256.249,31,False,True
MISO,fossil_gen,eia,12,16,664.988,611.384,737.856,186,MISO|fossil_gen|eia|m12|h16,492.875,172.113,124.584,238.552,32,False,True
MISO,fossil_gen,eia,1,17,725.637,659.183,803.464,155,MISO|fossil_gen|eia|m1|h17,517.029,208.608,140.517,285.861,27,False,True
MISO,fossil_gen,eia,2,17,772.024,712.879,838.310,142,MISO|fossil_gen|eia|m2|h17,481.807,290.217,230.627,356.558,24,False,True
MISO,fossil_gen,eia,3,17,705.876,651.893,764.739,155,MISO|fossil_gen|eia|m3|h17,441.094,264.782,220.311,314.111,26,False,True
MISO,fossil_gen,eia,4,17,675.525,637.382,716.801,150,MISO|fossil_gen|eia|m4|h17,416.688,258.837,218.174,299.120,25,False,True
MISO,fossil_gen,eia,5,17,711.907,657.807,762.035,155,MISO|fossil_gen|eia|m5|h17,463.421,248.485,186.610,308.011,27,False,True
MISO,fossil_gen,eia,6,17,720.175,673.349,762.030,148,MISO|fossil_gen|eia|m6|h17,506.897,213.279,160.809,262.549,25,False,True
MISO,fossil_gen,eia,7,17,677.981,628.999,723.638,185,MISO|fossil_gen|eia|m7|h17,550.691,127.290,73.343,178.343,31,False,True
MISO,fossil_gen,eia,8,17,690.320,652.492,723.936,186,MISO|fossil_gen|eia|m8|h17,545.122,145.197,99.828,188.794,32,False,True
MISO,fossil_gen,eia,9,17,696.894,667.601,727.989,180,MISO|fossil_gen|eia|m9|h17,516.023,180.871,145.344,218.542,32,False,True
MISO,fossil_gen,eia,10,17,664.714,631.069,686.220,186,MISO|fossil_gen|eia|m10|h17,484.548,180.166,141.461,208.733,32,False,True
MISO,fossil_gen,eia,11,17,734.550,696.823,773.831,180,MISO|fossil_gen|eia|m11|h17,473.531,261.019,223.805,297.437,31,False,True
MISO,fossil_gen,eia,12,17,721.805,676.077,767.260,186,MISO|fossil_gen|eia|m12|h17,495.085,226.720,183.209,269.984,32,False,True
MISO,fossil_gen,eia,1,18,714.265,654.198,767.386,155,MISO|fossil_gen|eia|m1|h18,518.086,196.179,136.272,249.676,27,False,True
MISO,fossil_gen,eia,2,18,807.965,744.276,862.780,142,MISO|fossil_gen|eia|m2|h18,486.672,321.294,247.097,385.400,24,False,True
MISO,fossil_gen,eia,3,18,710.604,669.367,754.345,155,MISO|fossil_gen|eia|m3|h18,447.955,262.649,227.614,301.455,26,False,True
MISO,fossil_gen,eia,4,18,651.098,620.097,689.040,150,MISO|fossil_gen|eia|m4|h18,422.261,228.837,191.585,272.736,25,False,True
MISO,fossil_gen,eia,5,18,670.958,624.659,715.866,155,MISO|fossil_gen|eia|m5|h18,468.383,202.575,151.983,256.294,27,False,True
MISO,fossil_gen,eia,6,18,711.112,646.926,762.622,149,MISO|fossil_gen|eia|m6|h18,511.625,199.487,127.972,256.328,25,False,True
MISO,fossil_gen,eia,7,18,656.455,607.862,694.171,185,MISO|fossil_gen|eia|m7|h18,557.164,99.291,48.782,140.171,31,False,True
MISO,fossil_gen,eia,8,18,645.797,574.524,698.443,186,MISO|fossil_gen|eia|m8|h18,552.742,93.054,16.023,152.181,32,False,True
MISO,fossil_gen,eia,9,18,663.203,609.398,711.960,180,MISO|fossil_gen|eia|m9|h18,526.420,136.783,78.026,190.829,32,False,True
MISO,fossil_gen,eia,10,18,701.566,669.294,737.838,186,MISO|fossil_gen|eia|m10|h18,495.083,206.483,167.745,248.601,32,False,True
MISO,fossil_gen,eia,11,18,705.408,675.502,740.352,180,MISO|fossil_gen|eia|m11|h18,471.058,234.350,204.216,270.892,31,False,True
MISO,fossil_gen,eia,12,18,730.662,689.594,769.746,184,MISO|fossil_gen|eia|m12|h18,493.597,237.064,195.094,278.527,32,False,True
MISO,fossil_gen,eia,1,19,704.264,650.995,754.828,155,MISO|fossil_gen|eia|m1|h19,516.655,187.609,134.608,236.714,27,False,True
MISO,fossil_gen,eia,2,19,761.949,707.790,817.542,142,MISO|fossil_gen|eia|m2|h19,484.182,277.766,207.171,345.051,24,False,True
MISO,fossil_gen,eia,3,19,745.362,724.864,767.030,155,MISO|fossil_gen|eia|m3|h19,451.245,294.117,269.413,317.307,26,False,True
MISO,fossil_gen,eia,4,19,709.373,660.844,743.839,150,MISO|fossil_gen|eia|m4|h19,429.526,279.847,225.952,319.214,25,False,True
MISO,fossil_gen,eia,5,19,686.431,641.040,725.955,155,MISO|fossil_gen|eia|m5|h19,474.890,211.542,158.737,258.773,27,False,True
MISO,fossil_gen,eia,6,19,673.327,606.790,737.349,150,MISO|fossil_gen|eia|m6|h19,520.689,152.637,78.364,223.840,26,False,True
MISO,fossil_gen,eia,7,19,606.875,545.496,665.031,185,MISO|fossil_gen|eia|m7|h19,566.306,40.568,-20.425,96.819,31,False,False
MISO,fossil_gen,eia,8,19,592.272,513.067,657.051,186,MISO|fossil_gen|eia|m8|h19,561.350,30.922,-50.460,98.329,32,False,False
MISO,fossil_gen,eia,9,19,633.709,595.706,667.941,180,MISO|fossil_gen|eia|m9|h19,529.467,104.242,62.764,142.386,32,False,True
MISO,fossil_gen,eia,10,19,661.459,628.332,701.928,186,MISO|fossil_gen|eia|m10|h19,493.228,168.231,131.907,209.883,32,False,True
MISO,fossil_gen,eia,11,19,711.982,666.227,753.457,180,MISO|fossil_gen|eia|m11|h19,466.848,245.134,199.029,288.062,31,False,True
MISO,fossil_gen,eia,12,19,731.644,687.056,778.836,184,MISO|fossil_gen|eia|m12|h19,490.535,241.109,193.526,291.124,32,False,True
MISO,fossil_gen,eia,1,20,735.168,700.583,779.419,155,MISO|fossil_gen|eia|m1|h20,513.024,222.144,184.653,266.353,27,False,True
MISO,fossil_gen,eia,2,20,753.568,712.536,789.882,142,MISO|fossil_gen|eia|m2|h20,479.597,273.972,215.871,325.356,24,False,True
MISO,fossil_gen,eia,3,20,758.448,729.229,789.470,155,MISO|fossil_gen|eia|m3|h20,449.998,308.450,269.847,347.679,26,False,True
MISO,fossil_gen,eia,4,20,709.972,659.832,755.952,150,MISO|fossil_gen|eia|m4|h20,434.305,275.667,213.751,329.275,25,False,True
MISO,fossil_gen,eia,5,20,702.707,657.566,743.697,155,MISO|fossil_gen|eia|m5|h20,477.730,224.977,174.141,270.136,27,False,True
MISO,fossil_gen,eia,6,20,654.431,590.810,721.389,151,MISO|fossil_gen|eia|m6|h20,525.151,129.280,58.712,202.013,26,False,True
MISO,fossil_gen,eia,7,20,625.120,548.979,707.337,185,MISO|fossil_gen|eia|m7|h20,569.847,55.273,-23.223,136.344,31,False,False
MISO,fossil_gen,eia,8,20,590.092,537.370,643.925,186,MISO|fossil_gen|eia|m8|h20,560.706,29.385,-28.018,88.266,32,False,False
MISO,fossil_gen,eia,9,20,589.810,557.472,628.377,180,MISO|fossil_gen|eia|m9|h20,521.941,67.869,33.220,107.003,32,False,True
MISO,fossil_gen,eia,10,20,631.132,591.033,681.657,186,MISO|fossil_gen|eia|m10|h20,485.520,145.612,100.907,201.102,32,False,True
MISO,fossil_gen,eia,11,20,708.162,665.917,749.970,180,MISO|fossil_gen|eia|m11|h20,461.822,246.340,203.596,288.569,31,False,True
MISO,fossil_gen,eia,12,20,696.523,646.857,759.891,184,MISO|fossil_gen|eia|m12|h20,487.161,209.362,153.401,277.391,32,False,True
MISO,fossil_gen,eia,1,21,741.418,707.811,782.977,155,MISO|fossil_gen|eia|m1|h21,507.012,234.407,201.277,273.379,27,False,True
MISO,fossil_gen,eia,2,21,711.255,658.809,757.666,142,MISO|fossil_gen|eia|m2|h21,473.061,238.195,168.043,300.118,24,False,True
MISO,fossil_gen,eia,3,21,714.027,677.931,749.835,155,MISO|fossil_gen|eia|m3|h21,442.403,271.624,229.582,311.997,26,False,True
MISO,fossil_gen,eia,4,21,670.506,639.064,700.664,150,MISO|fossil_gen|eia|m4|h21,429.857,240.649,201.883,275.582,25,False,True
MISO,fossil_gen,eia,5,21,630.760,583.509,678.979,155,MISO|fossil_gen|eia|m5|h21,471.357,159.403,105.219,213.241,27,False,True
MISO,fossil_gen,eia,6,21,632.573,590.433,672.887,151,MISO|fossil_gen|eia|m6|h21,520.518,112.055,63.695,158.423,26,False,True
MISO,fossil_gen,eia,7,21,606.137,540.148,686.441,185,MISO|fossil_gen|eia|m7|h21,565.624,40.513,-24.426,118.578,31,False,False
MISO,fossil_gen,eia,8,21,616.732,538.462,687.891,186,MISO|fossil_gen|eia|m8|h21,552.064,64.668,-18.052,137.327,32,False,False
MISO,fossil_gen,eia,9,21,619.851,567.748,678.946,180,MISO|fossil_gen|eia|m9|h21,509.335,110.516,58.037,169.126,32,False,True
MISO,fossil_gen,eia,10,21,659.219,614.141,702.344,186,MISO|fossil_gen|eia|m10|h21,475.589,183.630,131.052,231.063,32,False,True
MISO,fossil_gen,eia,11,21,725.924,678.283,770.815,180,MISO|fossil_gen|eia|m11|h21,455.634,270.291,222.671,316.181,31,False,True
MISO,fossil_gen,eia,12,21,698.681,654.392,744.802,184,MISO|fossil_gen|eia|m12|h21,482.719,215.961,169.721,262.505,32,False,True
MISO,fossil_gen,eia,1,22,755.418,709.298,799.732,155,MISO|fossil_gen|eia|m1|h22,499.388,256.030,212.935,298.221,27,False,True
MISO,fossil_gen,eia,2,22,776.839,718.937,824.129,142,MISO|fossil_gen|eia|m2|h22,464.749,312.090,257.537,359.081,24,False,True
MISO,fossil_gen,eia,3,22,710.385,665.472,746.990,155,MISO|fossil_gen|eia|m3|h22,432.845,277.540,224.728,323.073,26,False,True
MISO,fossil_gen,eia,4,22,654.654,622.135,686.227,150,MISO|fossil_gen|eia|m4|h22,420.039,234.615,194.510,273.246,25,False,True
MISO,fossil_gen,eia,5,22,643.963,589.581,684.786,155,MISO|fossil_gen|eia|m5|h22,457.576,186.387,127.847,229.720,27,False,True
MISO,fossil_gen,eia,6,22,584.722,511.754,663.995,151,MISO|fossil_gen|eia|m6|h22,509.126,75.597,-0.131,159.594,26,False,False
MISO,fossil_gen,eia,7,22,683.545,603.338,771.435,185,MISO|fossil_gen|eia|m7|h22,556.882,126.663,47.021,214.388,31,False,True
MISO,fossil_gen,eia,8,22,685.954,605.718,774.530,186,MISO|fossil_gen|eia|m8|h22,541.471,144.482,64.548,231.596,32,False,True
MISO,fossil_gen,eia,9,22,652.667,597.123,708.400,180,MISO|fossil_gen|eia|m9|h22,496.659,156.008,104.566,205.438,32,False,True
MISO,fossil_gen,eia,10,22,717.529,665.192,755.573,185,MISO|fossil_gen|eia|m10|h22,466.467,251.062,193.079,295.101,32,False,True
MISO,fossil_gen,eia,11,22,689.480,639.012,736.078,179,MISO|fossil_gen|eia|m11|h22,447.377,242.103,192.295,288.158,31,False,True
MISO,fossil_gen,eia,12,22,749.934,708.738,790.747,183,MISO|fossil_gen|eia|m12|h22,475.484,274.450,229.376,316.106,32,False,True
MISO,fossil_gen,eia,1,23,745.355,698.472,791.060,155,MISO|fossil_gen|eia|m1|h23,493.796,251.560,199.302,300.313,27,False,True
MISO,fossil_gen,eia,2,23,689.415,629.585,748.096,142,MISO|fossil_gen|eia|m2|h23,458.010,231.405,177.538,284.288,24,False,True
MISO,fossil_gen,eia,3,23,710.116,652.619,764.259,155,MISO|fossil_gen|eia|m3|h23,425.187,284.928,234.714,332.387,26,False,True
MISO,fossil_gen,eia,4,23,701.322,655.422,745.175,150,MISO|fossil_gen|eia|m4|h23,409.159,292.163,238.162,342.782,25,False,True
MISO,fossil_gen,eia,5,23,669.215,603.112,730.192,155,MISO|fossil_gen|eia|m5|h23,444.196,225.019,158.438,286.776,27,False,True
MISO,fossil_gen,eia,6,23,638.971,582.664,698.555,151,MISO|fossil_gen|eia|m6|h23,497.844,141.127,78.071,207.603,26,False,True
MISO,fossil_gen,eia,7,23,761.204,668.152,864.553,185,MISO|fossil_gen|eia|m7|h23,547.211,213.993,122.217,317.150,31,False,True
MISO,fossil_gen,eia,8,23,744.408,660.719,824.968,184,MISO|fossil_gen|eia|m8|h23,532.349,212.058,126.609,293.787,32,False,True
MISO,fossil_gen,eia,9,23,708.666,654.588,762.376,180,MISO|fossil_gen|eia|m9|h23,485.668,222.997,167.027,276.772,32,False,True
MISO,fossil_gen,eia,10,23,735.743,689.608,776.413,185,MISO|fossil_gen|eia|m10|h23,456.452,279.292,228.582,326.916,32,False,True
MISO,fossil_gen,eia,11,23,692.946,644.053,745.199,179,MISO|fossil_gen|eia|m11|h23,440.598,252.347,208.222,300.087,31,False,True
MISO,fossil_gen,eia,12,23,659.805,607.200,712.591,183,MISO|fossil_gen|eia|m12|h23,470.608,189.197,134.253,243.939,32,False,True
